benchmark,w_u,seed,method,analytic_target,interval_lower,interval_upper,interval_width,includes_analytic_target,fresh_amplification_median,fresh_amplification_p95,fit_amplification_p95,fresh_reward_mse,fresh_action_one_mean_mse,fresh_transition_mse,fresh_latent_target_second_moment,fresh_latent_target_variance,fresh_readout_brier,fresh_readout_ece_10_fixed_bins,fresh_readout_log_loss,fresh_readout_n_metric_epsilon_clipped,evaluation_propensity_clipped,fit_counterfactual_probability_clipped,fresh_counterfactual_probability_clipped
ihdp,0.3,101,raw,0.30000000000000104,0.2632613342871152,0.3515237476441639,0.08826241335704871,True,1.0056523601296392,1.0056523601296392,1.0056523601296392,,,,,,0.20891908476483012,0.014042202093520202,0.6052344294738384,0,0,0,0
ihdp,0.3,101,balanced,0.30000000000000104,0.2584419849924375,0.34621094203763525,0.08776895704519777,True,2.3120078053805746,2.3120078053805746,2.3120078053805746,0.012913656103470379,0.002988985244154315,,,,0.21464571143669264,0.012374907423352505,0.6177891544744982,0,0,0,0
ihdp,0.3,101,ldm,0.30000000000000104,0.2558624577862923,0.34351953499333365,0.08765707720704136,True,2.2275301848027405,2.2275301848027405,2.2275301848027405,0.01390256774251531,0.0038864393594853896,,,,0.21515859589857528,0.01490590461175913,0.6191027568820535,0,0,0,0
ihdp,0.3,101,sprl,0.30000000000000104,0.2515221401272388,0.34028142697867764,0.08875928685143886,True,1.2005423087393714,1.2005423087393714,1.2005423087393714,0.016369337879873883,0.0072896385200582415,,,,0.2118919673709081,0.026161184554320826,0.6118959113897028,0,0,0,0
ihdp,0.3,102,raw,0.3000000000000007,0.24019558220591916,0.35358342449657054,0.11338784229065138,True,0.8308626489992414,0.8308626489992414,0.8308626489992414,,,,,,0.22391508823236772,0.013028890981321001,0.6385025859383392,0,0,0,0
ihdp,0.3,102,balanced,0.3000000000000007,0.23769711166150936,0.3542583233297017,0.11656121166819233,True,1.5031343438109088,1.5031343438109088,1.5031343438109088,0.013722826014226296,0.0037535649857233806,,,,0.22577016785911927,0.012389824395060095,0.6426628748297407,0,0,0,0
ihdp,0.3,102,ldm,0.3000000000000007,0.23519429123908625,0.3520146054638557,0.11682031422476946,True,1.2021474382278794,1.2021474382278794,1.2021474382278794,0.013718620384218679,0.003729372443602582,,,,0.22820561660452568,0.015531235775222864,0.6476165654217418,0,0,0,0
ihdp,0.3,102,sprl,0.3000000000000007,0.23487058237265432,0.35425975638601176,0.11938917401335744,True,1.0130005254933991,1.0130005254933991,1.0130005254933991,0.018243762941392135,0.005774012868857338,,,,0.2264003499941119,0.03012021659814883,0.6441381928898747,0,0,0,0
ihdp,0.3,103,raw,0.29999999999999943,0.2336262405246078,0.36025970131593527,0.12663346079132748,True,1.0141388972787748,1.0141388972787748,1.0141388972787748,,,,,,0.22834401883737432,0.018416274836154746,0.648180721102765,0,0,0,0
ihdp,0.3,103,balanced,0.29999999999999943,0.23562037028104768,0.3638955276585819,0.12827515737753423,True,1.0307869531211002,1.0307869531211002,1.0307869531211002,0.013243748228451131,0.0031273849207545355,,,,0.23210501015577684,0.021053112858880247,0.6561029423852424,0,0,0,0
ihdp,0.3,103,ldm,0.29999999999999943,0.23952224326764626,0.3639054045471953,0.12438316127954901,True,0.8669710592418772,0.8669710592418772,0.8669710592418772,0.013311375648236748,0.0032481697416643514,,,,0.23274896483335725,0.018778184608475027,0.6574350581369672,0,0,0,0
ihdp,0.3,103,sprl,0.29999999999999943,0.21807622240000488,0.353351080438764,0.13527485803875913,True,0.8486991842189524,0.8486991842189524,0.8486991842189524,0.013385861842545787,0.0019323491248460826,,,,0.23058276300661318,0.029983857277025905,0.6529027476628556,0,0,0,0
ihdp,0.3,104,raw,0.3,0.24757490729821102,0.35790320691319993,0.11032829961498891,True,2.1511418154001865,2.1511418154001865,2.1511418154001865,,,,,,0.22289855076198392,0.01768137545640178,0.6362907839040178,0,0,0,0
ihdp,0.3,104,balanced,0.3,0.27164336346758616,0.38867853483570347,0.11703517136811731,True,1.5623686453989623,1.5623686453989623,1.5623686453989623,0.01286150343201964,0.0027978035198112615,,,,0.22713015122569769,0.021994961656688898,0.6455727049543318,0,0,0,0
ihdp,0.3,104,ldm,0.3,0.2697814284918743,0.3854162599577161,0.1156348314658418,True,1.1900182074726804,1.1900182074726804,1.1900182074726804,0.014563615494101827,0.004176889072636695,,,,0.22668552973106565,0.024053256271457872,0.6447355141233473,0,0,0,0
ihdp,0.3,104,sprl,0.3,0.2689982249354282,0.38475642246325453,0.11575819752782635,True,0.7703273705004365,0.7703273705004365,0.7703273705004365,0.013535904964050502,0.002519075372287493,,,,0.2261478433115883,0.016992506151900014,0.6434923636156028,0,0,0,0
ihdp,0.3,105,raw,0.29999999999999977,0.23368407324515938,0.3687135619821878,0.1350294887370284,True,0.9282906193011472,0.9282906193011472,0.9282906193011472,,,,,,0.2294687559749491,0.022605100579590538,0.6505512884185709,0,0,0,0
ihdp,0.3,105,balanced,0.29999999999999977,0.23652639109732448,0.365307933578373,0.1287815424810485,True,1.1553125898553573,1.1553125898553573,1.1553125898553573,0.012294371912994276,0.0028417374921326376,,,,0.23040882950235664,0.023316248660730905,0.6524786508367207,0,0,0,0
ihdp,0.3,105,ldm,0.29999999999999977,0.2364508364648383,0.36403445343114404,0.12758361696630574,True,0.9363589220702322,0.9363589220702322,0.9363589220702322,0.013548167377039377,0.004125129732649991,,,,0.23004316102962724,0.0218240348098641,0.6517087245718399,0,0,0,0
ihdp,0.3,105,sprl,0.29999999999999977,0.23203823337023155,0.36263059337453807,0.13059236000430652,True,0.7809982540326414,0.7809982540326414,0.7809982540326414,0.015434951529939922,0.0051086427444361265,,,,0.23196089549997978,0.03502318604987702,0.6560223743723697,0,0,0,0
ihdp,0.3,106,raw,0.2999999999999993,0.25037509463992774,0.3690961850403865,0.11872109040045875,True,1.082338957841115,1.082338957841115,1.082338957841115,,,,,,0.21431255430591536,0.01676085998750876,0.6169642590777316,0,0,0,0
ihdp,0.3,106,balanced,0.2999999999999993,0.24909806427512657,0.36541737292741294,0.11631930865228637,True,1.7603951009768526,1.7603951009768526,1.7603951009768526,0.01266303995276873,0.0026106402254437782,,,,0.2149885155465282,0.015767311865442488,0.6187611473117202,0,0,0,0
ihdp,0.3,106,ldm,0.2999999999999993,0.24910136717240516,0.36341796655833397,0.11431659938592881,True,1.6497484486969087,1.6497484486969087,1.6497484486969087,0.013652723819701236,0.00343736234406324,,,,0.2150447350630624,0.013467053980660261,0.6188195412826757,0,0,0,0
ihdp,0.3,106,sprl,0.2999999999999993,0.23527984227260176,0.36283208624926017,0.1275522439766584,True,0.7825841113978986,0.7825841113978986,0.7825841113978986,0.024463046007259227,0.014436086893747082,,,,0.21693712634728307,0.030019474551014953,0.6235307917670083,0,0,0,0
ihdp,0.3,107,raw,0.30000000000000043,0.23046082920201674,0.36836109087846125,0.1379002616764445,True,0.8123562649520412,0.8123562649520412,0.8123562649520412,,,,,,0.2289792483280975,0.016534858986251396,0.6492792635509823,0,0,0,0
ihdp,0.3,107,balanced,0.30000000000000043,0.22729904222849218,0.3728323027962456,0.1455332605677534,True,1.2183141728995126,1.2183141728995126,1.2183141728995126,0.013396971461650748,0.0036251210014057777,,,,0.23234407806578192,0.014422741346194343,0.656583236951546,0,0,0,0
ihdp,0.3,107,ldm,0.30000000000000043,0.22014138561556365,0.3610991417285458,0.14095775611298214,True,1.3721684449606018,1.3721684449606018,1.3721684449606018,0.014312788622688345,0.004351987497295903,,,,0.23189121348057315,0.01811236798962809,0.6557413874070338,0,0,0,0
ihdp,0.3,107,sprl,0.30000000000000043,0.24331023994286743,0.3761518902894994,0.13284165034663198,True,0.9190732158118871,0.9190732158118871,0.9190732158118871,0.014628876603626424,0.006205875977172627,,,,0.23240200169128766,0.043215860526522355,0.6570638643024662,0,0,0,0
ihdp,0.3,108,raw,0.2999999999999999,0.24460326955504982,0.36792893633878604,0.12332566678373622,True,1.0458220113673724,1.0458220113673724,1.0458220113673724,,,,,,0.22870937879971134,0.013590941317368134,0.6484264390022586,0,0,0,0
ihdp,0.3,108,balanced,0.2999999999999999,0.24632352952104647,0.37104394400613716,0.12472041448509069,True,0.949362824525175,0.949362824525175,0.949362824525175,0.014861419051623116,0.004855160621892145,,,,0.23230138614057855,0.011471515098253286,0.6563560551127915,0,0,0,0
ihdp,0.3,108,ldm,0.2999999999999999,0.24488751284328683,0.3672160356960809,0.12232852285279408,True,0.9143132516964448,0.9143132516964448,0.9143132516964448,0.014315811277035718,0.00414072871591658,,,,0.23223646039836168,0.01112691135421944,0.6562199556737364,0,0,0,0
ihdp,0.3,108,sprl,0.2999999999999999,0.24515707764847297,0.3699343036329115,0.12477722598443855,True,0.7795617837345905,0.7795617837345905,0.7795617837345905,0.016471577142803482,0.004303444419850767,,,,0.23169080174552997,0.035102117454597216,0.6552487629549572,0,0,0,0
ihdp,0.3,109,raw,0.2999999999999995,0.24296827559645082,0.34397985235880496,0.10101157676235414,True,0.7749726361812508,0.7749726361812508,0.7749726361812508,,,,,,0.21101506905058176,0.012438871259415904,0.6097304074984533,0,0,0,0
ihdp,0.3,109,balanced,0.2999999999999995,0.22618946832617112,0.33472600094767097,0.10853653262149984,True,2.2210543535588947,2.2210543535588947,2.2210543535588947,0.013358253278361723,0.003011194133607342,,,,0.21426173649053817,0.013994420898266972,0.6175004683858926,0,0,0,0
ihdp,0.3,109,ldm,0.2999999999999995,0.20948339496502102,0.3222103926504019,0.11272699768538089,True,1.6647602696253139,1.6647602696253139,1.6647602696253139,0.01444468482085675,0.003732086087882762,,,,0.21692298301318363,0.014566280082485405,0.6230289411499785,0,0,0,0
ihdp,0.3,109,sprl,0.2999999999999995,0.20692511852630668,0.32725487102729994,0.12032975250099326,True,0.8646691993300132,0.8646691993300132,0.8646691993300132,0.056636367025434564,0.03351440052330538,,,,0.21318598255609722,0.028933811580846264,0.6156409852122033,0,0,0,0
ihdp,0.3,110,raw,0.30000000000000004,0.26253088943299935,0.36354812695264344,0.10101723751964409,True,1.5931740630050695,1.5931740630050695,1.5931740630050695,,,,,,0.22201343777198876,0.00814342460645947,0.6339527203581946,0,0,0,0
ihdp,0.3,110,balanced,0.30000000000000004,0.26819087371476497,0.3725169364724689,0.10432606275770395,True,1.6876160588959608,1.6876160588959608,1.6876160588959608,0.014742114411584552,0.00450569441251905,,,,0.22306950335611386,0.006643486565377829,0.6362119646575064,0,0,0,0
ihdp,0.3,110,ldm,0.30000000000000004,0.26794486530294837,0.3723005011886704,0.10435563588572205,True,1.523082018796409,1.523082018796409,1.523082018796409,0.014332546713385389,0.004148107301926713,,,,0.2244292915479794,0.00908816678447156,0.6391934159952062,0,0,0,0
ihdp,0.3,110,sprl,0.30000000000000004,0.2681015953687123,0.3758178090184559,0.1077162136497436,True,0.9870076980116753,0.9870076980116753,0.9870076980116753,0.01545288701205152,0.008064903362208326,,,,0.22530031406369416,0.026335351278951376,0.6414222538635191,0,0,0,0
ihdp,0.3,111,raw,0.2999999999999996,0.23257792925835055,0.3655122542166383,0.13293432495828775,True,0.8599524970229216,0.8599524970229216,0.8599524970229216,,,,,,0.22739753720022382,0.016068066062459207,0.6463900304211943,0,0,0,0
ihdp,0.3,111,balanced,0.2999999999999996,0.2243323240070094,0.36276176771199614,0.13842944370498675,True,1.3430606614074865,1.3430606614074865,1.3430606614074865,0.012948608662974584,0.002986620271335352,,,,0.2290454502485767,0.011181818876834082,0.6501054278964472,0,0,0,0
ihdp,0.3,111,ldm,0.2999999999999996,0.2231465983670064,0.35987044528623935,0.13672384691923295,True,1.1523194253816489,1.1523194253816489,1.1523194253816489,0.01417506753068552,0.004471363852432018,,,,0.22965930602884183,0.01061188657759931,0.6513985768326939,0,0,0,0
ihdp,0.3,111,sprl,0.2999999999999996,0.2244251631551972,0.358831412046958,0.1344062488917608,True,0.8086420607132923,0.8086420607132923,0.8086420607132923,0.019682798738075796,0.016014927384084127,,,,0.2296137248175105,0.03400399484987412,0.6511683979228159,0,0,0,0
ihdp,0.3,112,raw,0.30000000000000077,0.2612421082129781,0.3606021743022015,0.09936006608922338,True,1.3624873560690882,1.3624873560690882,1.3624873560690882,,,,,,0.22184535605283545,0.019673176596985482,0.6333866377718006,0,0,0,0
ihdp,0.3,112,balanced,0.30000000000000077,0.26211749945462964,0.36691081741567994,0.10479331796105029,True,1.387114574268229,1.387114574268229,1.387114574268229,0.012382952859631922,0.0026105984411301216,,,,0.22123323942739034,0.01531904729504469,0.6322112047826492,0,0,0,0
ihdp,0.3,112,ldm,0.30000000000000077,0.26361088290905094,0.367489261670554,0.10387837876150308,True,1.3858363639517157,1.3858363639517157,1.3858363639517157,0.013740451035600542,0.0039183554768626805,,,,0.2209708407777594,0.016635490480760268,0.631619004368359,0,0,0,0
ihdp,0.3,112,sprl,0.30000000000000077,0.25217943425902584,0.358529665709963,0.10635023145093714,True,0.9270222100084948,0.9270222100084948,0.9270222100084948,0.014982025709610835,0.006913834562188353,,,,0.22612311174011088,0.04233394263228735,0.6432636041172232,0,0,0,0
ihdp,0.3,113,raw,0.29999999999999993,0.26712552837536924,0.34932277141987733,0.0821972430445081,True,0.7823811953519251,0.7823811953519251,0.7823811953519251,,,,,,0.19847811528816248,0.02005459903615968,0.581023073740325,0,0,0,0
ihdp,0.3,113,balanced,0.29999999999999993,0.2681763344019539,0.3494950108745794,0.08131867647262553,True,2.5146928570339595,2.5146928570339595,2.5146928570339595,0.013275068784618017,0.003489031308652075,,,,0.20046641607339707,0.006347337953429565,0.5855092791421698,0,0,0,0
ihdp,0.3,113,ldm,0.29999999999999993,0.26770346022581964,0.3466266578017364,0.07892319757591676,True,2.525673238008739,2.525673238008739,2.525673238008739,0.013523866109186,0.0038509767678982384,,,,0.20061675433238738,0.011645081473723675,0.5857996694576059,0,0,0,0
ihdp,0.3,113,sprl,0.29999999999999993,0.26018667149655034,0.34623784186512685,0.08605117036857651,True,0.9047145014928698,0.9047145014928698,0.9047145014928698,0.016945785436491872,0.004312757334192559,,,,0.20148166811241125,0.03192578051752955,0.5884157832840918,0,0,0,0
ihdp,0.3,114,raw,0.3,0.22513088495924563,0.3586470631506057,0.13351617819136005,True,0.7892249801328625,0.7892249801328625,0.7892249801328625,,,,,,0.2306846205863439,0.019341536032342732,0.6533419785674032,0,0,0,0
ihdp,0.3,114,balanced,0.3,0.2295549812243324,0.36804432629864187,0.13848934507430946,True,1.0436498572804587,1.0436498572804587,1.0436498572804587,0.01351508809668038,0.003465087275130408,,,,0.23357721752853022,0.015218938060326766,0.6594517259016611,0,0,0,0
ihdp,0.3,114,ldm,0.3,0.21922057376353413,0.36220551118486755,0.14298493742133342,True,0.8925191446455014,0.8925191446455014,0.8925191446455014,0.014647769983619989,0.005304959379415972,,,,0.23398102642754165,0.023711353164207506,0.6603605737161219,0,0,0,0
ihdp,0.3,114,sprl,0.3,0.23848566696696744,0.37134671526972546,0.13286104830275802,True,0.8652620575863486,0.8652620575863486,0.8652620575863486,0.02962654514625609,0.025202104152089327,,,,0.23370880579175854,0.032092464042262764,0.6600596883360774,0,0,0,0
ihdp,0.3,115,raw,0.2999999999999998,0.26863041860128467,0.3567072014050057,0.08807678280372105,True,0.9952464549326372,0.9952464549326372,0.9952464549326372,,,,,,0.2047456745066233,0.014777998477202098,0.595423868012032,0,0,0,0
ihdp,0.3,115,balanced,0.2999999999999998,0.26614530678438,0.3535182880309777,0.0873729812465977,True,2.338728678989615,2.338728678989615,2.338728678989615,0.014636683481051299,0.004639100187389961,,,,0.20814441268571374,0.012010181167248942,0.6033877715342203,0,0,0,0
ihdp,0.3,115,ldm,0.2999999999999998,0.26411573902250574,0.3507089598259057,0.08659322080339998,True,2.2159650875078323,2.2159650875078323,2.2159650875078323,0.013829528139470353,0.0034893040849608902,,,,0.20868669041476243,0.01235446069522398,0.6046502702997365,0,0,0,0
ihdp,0.3,115,sprl,0.2999999999999998,0.25591928475984826,0.35254127798430096,0.0966219932244527,True,1.081410107213246,1.081410107213246,1.081410107213246,0.2343713380921429,0.20032287917943775,,,,0.20699106560202307,0.026287535282051414,0.6017158675032807,0,0,0,0
ihdp,0.3,116,raw,0.3000000000000002,0.23262638428727506,0.3566046342030913,0.12397824991581624,True,0.7789056949936171,0.7789056949936171,0.7789056949936171,,,,,,0.2280283532237278,0.01155346214748752,0.6479878009269718,0,0,0,0
ihdp,0.3,116,balanced,0.3000000000000002,0.22998569539380806,0.3567123440187121,0.12672664862490404,True,1.2587156187615742,1.2587156187615742,1.2587156187615742,0.01325539592858104,0.003148052728197088,,,,0.23158431939687488,0.009932873754252874,0.655496089921324,0,0,0,0
ihdp,0.3,116,ldm,0.3000000000000002,0.23299251276102403,0.3567215326622683,0.12372901990124427,True,1.0178486373466482,1.0178486373466482,1.0178486373466482,0.01432854315646806,0.004000603810186398,,,,0.23261856452501797,0.013508422282755672,0.657676427426922,0,0,0,0
ihdp,0.3,116,sprl,0.3000000000000002,0.23198244842368695,0.35747462543239644,0.1254921770087095,True,0.9435950473390301,0.9435950473390301,0.9435950473390301,0.02410380168832101,0.018642633719941386,,,,0.23060203478304955,0.02932461022019612,0.6535418930331709,0,0,0,0
ihdp,0.3,117,raw,0.3000000000000006,0.23708330981755327,0.35934814772594187,0.1222648379083886,True,2.255719463994644,2.255719463994644,2.255719463994644,,,,,,0.2262420250512502,0.013189417210566183,0.6432218295787548,0,0,0,0
ihdp,0.3,117,balanced,0.3000000000000006,0.23237096605011356,0.35770845186491884,0.12533748581480528,True,1.1655051016561382,1.1655051016561382,1.1655051016561382,0.013054889312832494,0.0028814193952769415,,,,0.22962639015088102,0.0194711859031522,0.6507340106857048,0,0,0,0
ihdp,0.3,117,ldm,0.3000000000000006,0.2436626095459339,0.3598779904747622,0.1162153809288283,True,1.0085120309992746,1.0085120309992746,1.0085120309992746,0.013533115445841864,0.0030508440625151914,,,,0.22963743361841563,0.008596575389385745,0.6506991791407107,0,0,0,0
ihdp,0.3,117,sprl,0.3000000000000006,0.2303782617846421,0.3548494527948622,0.12447119101022008,True,0.9207458850557155,0.9207458850557155,0.9207458850557155,0.013443766737101888,0.004707900702376368,,,,0.22827068985924875,0.028858624100906914,0.6477382904745554,0,0,0,0
ihdp,0.3,118,raw,0.29999999999999916,0.26423856315719,0.3428756380215218,0.0786370748643318,True,1.0010641166827663,1.0010641166827663,1.0010641166827663,,,,,,0.20389529614038723,0.012124493454468721,0.5930456840428927,0,0,0,0
ihdp,0.3,118,balanced,0.29999999999999916,0.27263017718197047,0.35560903143293865,0.08297885425096818,True,2.2844998082940506,2.2844998082940506,2.2844998082940506,0.013292289230531093,0.003502510288458855,,,,0.20618472263551035,0.009477382231539737,0.5985814891394465,0,0,0,0
ihdp,0.3,118,ldm,0.29999999999999916,0.26577097532168686,0.34692940365015257,0.0811584283284657,True,2.2205744262299056,2.2205744262299056,2.2205744262299056,0.014174995189764826,0.0040794364636150505,,,,0.20578749614651598,0.008058358096847703,0.5974862356863998,0,0,0,0
ihdp,0.3,118,sprl,0.29999999999999916,0.262487096073681,0.34549742252305166,0.08301032644937067,True,0.8068768841816657,0.8068768841816657,0.8068768841816657,0.013665336648242623,0.005676129917316326,,,,0.2053569192819473,0.028832766480151362,0.5971743170170213,0,0,0,0
ihdp,0.3,119,raw,0.29999999999999977,0.24757721553547848,0.3606361597610145,0.113058944225536,True,1.0814283843949066,1.0814283843949066,1.0814283843949066,,,,,,0.22835870161340016,0.008986830671603408,0.6482427212160499,0,0,0,0
ihdp,0.3,119,balanced,0.29999999999999977,0.24614434058998477,0.36448040657016745,0.11833606598018268,True,1.1500626988550198,1.1500626988550198,1.1500626988550198,0.013367530532520357,0.00311023195358398,,,,0.22825744464278405,0.015376137634093335,0.6480672105509648,0,0,0,0
ihdp,0.3,119,ldm,0.29999999999999977,0.24707861800813288,0.3624905805950747,0.11541196258694184,True,0.8269387410911678,0.8269387410911678,0.8269387410911678,0.014178591341659193,0.003844911429023564,,,,0.22828309109369066,0.008734594847210916,0.6478645583517673,0,0,0,0
ihdp,0.3,119,sprl,0.29999999999999977,0.25708687271194813,0.36851861288684085,0.11143174017489271,True,0.7682238746894758,0.7682238746894758,0.7682238746894758,0.01848481257343216,0.006659716377979055,,,,0.23095100662612741,0.02886478047238307,0.6538943518762212,0,0,0,0
ihdp,0.3,120,raw,0.3000000000000001,0.24935465398366952,0.35451210469188926,0.10515745070821975,True,1.2716496460622018,1.2716496460622018,1.2716496460622018,,,,,,0.20775867273815965,0.012084559715460328,0.6024438070671072,0,0,0,0
ihdp,0.3,120,balanced,0.3000000000000001,0.2558893878940248,0.3604186673380715,0.10452927944404666,True,2.1616457592333402,2.1616457592333402,2.1616457592333402,0.012767933002201914,0.002997416905856479,,,,0.21108762113374083,0.012439579524738675,0.6101435370415971,0,0,0,0
ihdp,0.3,120,ldm,0.3000000000000001,0.25477284865304956,0.3579597414794154,0.10318689282636584,True,1.8760922415497925,1.8760922415497925,1.8760922415497925,0.013160925333963963,0.0031046627820356795,,,,0.212240231930829,0.011440457468311875,0.6125506122635248,0,0,0,0
ihdp,0.3,120,sprl,0.3000000000000001,0.2430049780125725,0.35741577854908524,0.11441080053651273,True,0.8065856366207359,0.8065856366207359,0.8065856366207359,0.022031655367121723,0.006491914291470115,,,,0.2102180070568178,0.03677169709679409,0.6086247199883115,0,0,0,0
ihdp,0.3,121,raw,0.2999999999999998,0.24561666609703475,0.3625225508317202,0.11690588473468544,True,1.4232969182552768,1.4232969182552768,1.4232969182552768,,,,,,0.21819173744731388,0.010876733586829324,0.6265567098931083,0,0,0,0
ihdp,0.3,121,balanced,0.2999999999999998,0.2567302206506872,0.3706770773753144,0.11394685672462723,True,1.653128875436595,1.653128875436595,1.653128875436595,0.012778532300470973,0.002703362551092812,,,,0.2196518342354877,0.007451816192987623,0.6297168091471157,0,0,0,0
ihdp,0.3,121,ldm,0.2999999999999998,0.25152970178008655,0.3665918237503831,0.11506212197029653,True,1.6460075512394396,1.6460075512394396,1.6460075512394396,0.013228982917679889,0.0032130561080126723,,,,0.21921295403614413,0.013680559945361768,0.628755138378162,0,0,0,0
ihdp,0.3,121,sprl,0.2999999999999998,0.2393469799708605,0.36066414812779457,0.12131716815693408,True,0.8859788156160836,0.8859788156160836,0.8859788156160836,0.020162996945874666,0.009738308498248142,,,,0.22071297109737562,0.024317806093245926,0.6321811355423955,0,0,0,0
ihdp,0.3,122,raw,0.2999999999999996,0.24685545370127776,0.4013127361236462,0.15445728242236845,True,1.0874579643309727,1.0874579643309727,1.0874579643309727,,,,,,0.22283700269898118,0.017578634517562853,0.6342697695119224,0,0,0,0
ihdp,0.3,122,balanced,0.2999999999999996,0.2714521495664314,0.4190505005899301,0.14759835102349872,True,1.2701924941771785,1.2701924941771785,1.2701924941771785,0.012962576466523705,0.0032328955288454084,,,,0.2274516100398897,0.026975296807392225,0.6450085235311872,0,0,0,0
ihdp,0.3,122,ldm,0.2999999999999996,0.25451793080963836,0.4063107062528218,0.15179277544318343,True,1.1028868497817312,1.1028868497817312,1.1028868497817312,0.013737920036519882,0.0045208753707487144,,,,0.22721160331650972,0.014202347662093539,0.6436308911290742,0,0,0,0
ihdp,0.3,122,sprl,0.2999999999999996,0.25339312746834775,0.40596001685342487,0.15256688938507712,True,1.1184868125620784,1.1184868125620784,1.1184868125620784,0.033325584467839835,0.030203253475498935,,,,0.22580001696298604,0.02421609385261517,0.6416376650418723,0,0,0,0
ihdp,0.3,123,raw,0.3000000000000003,0.23461376373418902,0.3693515782291962,0.13473781449500716,True,1.1168019660072386,1.1168019660072386,1.1168019660072386,,,,,,0.22541107930330023,0.014061345493965791,0.6415187895693546,0,0,0,0
ihdp,0.3,123,balanced,0.3000000000000003,0.2365850151080716,0.3660852367516455,0.12950022164357392,True,0.8456683827099517,0.8456683827099517,0.8456683827099517,0.01298430251713506,0.0028362317935681143,,,,0.23261724630983052,0.009422716603392167,0.6571173953468314,0,0,0,0
ihdp,0.3,123,ldm,0.3000000000000003,0.23453643223736936,0.3636903485665387,0.12915391632916934,True,0.8764795359400008,0.8764795359400008,0.8764795359400008,0.013883042087083308,0.004177588938057593,,,,0.23266090427360395,0.009805095520212779,0.6572242170298186,0,0,0,0
ihdp,0.3,123,sprl,0.3000000000000003,0.23592990758563157,0.36356132313319695,0.12763141554756538,True,0.846995209362963,0.846995209362963,0.846995209362963,0.01585320671799287,0.006257120128535721,,,,0.22984184233683755,0.027075458654444818,0.6519198160860826,0,0,0,0
ihdp,0.3,124,raw,0.2999999999999989,0.23033919623953006,0.3797707502982719,0.14943155405874184,True,0.8008749791903947,0.8008749791903947,0.8008749791903947,,,,,,0.228890113037414,0.018654255657101028,0.6498430348851458,0,0,0,0
ihdp,0.3,124,balanced,0.2999999999999989,0.2342541785303602,0.3774336985255316,0.1431795199951714,True,1.2001213598880172,1.2001213598880172,1.2001213598880172,0.013153303328835884,0.0031216343244293023,,,,0.23307084618571108,0.016905381370100177,0.6586137787669267,0,0,0,0
ihdp,0.3,124,ldm,0.2999999999999989,0.23498825760493447,0.37654863830319835,0.14156038069826388,True,0.889779644152548,0.889779644152548,0.889779644152548,0.0133738521069732,0.003587437231253136,,,,0.2341758633963376,0.016115753110821685,0.6610202904699509,0,0,0,0
ihdp,0.3,124,sprl,0.2999999999999989,0.2285148143936034,0.37343258973721005,0.14491777534360664,True,0.8498466988087235,0.8498466988087235,0.8498466988087235,0.025911090652965613,0.015464686080002281,,,,0.23315354422086185,0.030853043837871727,0.6593043300896827,0,0,0,0
ihdp,0.3,125,raw,0.2999999999999993,0.2567628821872402,0.3514571200858546,0.09469423789861442,True,0.7615113510430491,0.7615113510430491,0.7615113510430491,,,,,,0.22964450562470728,0.007800675456558258,0.6508068445999043,0,0,0,0
ihdp,0.3,125,balanced,0.2999999999999993,0.2454715632035857,0.3398820369973679,0.0944104737937822,True,0.7437185972600225,0.7437185972600225,0.7437185972600225,0.01329238976309246,0.003598962446903115,,,,0.23819160601693357,0.013037075859544972,0.6689085276930662,0,0,0,0
ihdp,0.3,125,ldm,0.2999999999999993,0.24275574742402203,0.33643032671373047,0.09367457928970843,True,0.7420327979713405,0.7420327979713405,0.7420327979713405,0.013962636644451135,0.004357324329229169,,,,0.23820365329983356,0.014913848404233456,0.6689833526260935,0,0,0,0
ihdp,0.3,125,sprl,0.2999999999999993,0.24351745646300246,0.33491301197396495,0.09139555551096248,True,0.956344772608518,0.956344772608518,0.956344772608518,0.02129746133160036,0.00976033651982797,,,,0.2316588249278922,0.021835881522282635,0.6555062928572228,0,0,0,0
ihdp,0.3,126,raw,0.29999999999999916,0.2495873691531538,0.36513211770968346,0.11554474855652966,True,0.7596637511537113,0.7596637511537113,0.7596637511537113,,,,,,0.22577524261204926,0.014627902982000434,0.6427419527223027,0,0,0,0
ihdp,0.3,126,balanced,0.29999999999999916,0.2549997070093991,0.37354857986527107,0.11854887285587196,True,0.9575887368950599,0.9575887368950599,0.9575887368950599,0.013948724416483595,0.003913389721375581,,,,0.2296608333772866,0.01238426312148157,0.6510260537708822,0,0,0,0
ihdp,0.3,126,ldm,0.29999999999999916,0.2547130352079226,0.3717339967671185,0.11702096155919589,True,0.7685406383954876,0.7685406383954876,0.7685406383954876,0.014123515679696413,0.0042527587450626216,,,,0.23046482930525422,0.01002733022257895,0.6527015801739107,0,0,0,0
ihdp,0.3,126,sprl,0.29999999999999916,0.2548290023827551,0.3718187619101063,0.11698975952735124,True,0.8062958893515908,0.8062958893515908,0.8062958893515908,0.01810124095398054,0.005884158225125067,,,,0.22782817653607226,0.02232648894955753,0.6474217459954076,0,0,0,0
ihdp,0.3,127,raw,0.2999999999999992,0.2425089050021451,0.35308431546684665,0.11057541046470157,True,1.4951852851875242,1.4951852851875242,1.4951852851875242,,,,,,0.2259353201528369,0.026046456894539875,0.6424493052927736,0,0,0,0
ihdp,0.3,127,balanced,0.2999999999999992,0.23370083302739514,0.34869974288111516,0.11499890985372002,True,1.537286168980761,1.537286168980761,1.537286168980761,0.013088720272418482,0.0028747439583028766,,,,0.22959969522604132,0.014650009569321464,0.6505452843380751,0,0,0,0
ihdp,0.3,127,ldm,0.2999999999999992,0.23587252784331073,0.3475655315886745,0.11169300374536376,True,1.52918362356416,1.52918362356416,1.52918362356416,0.014401785929732727,0.004058026258796875,,,,0.22970304480769702,0.015885824183261888,0.6507261428336687,0,0,0,0
ihdp,0.3,127,sprl,0.2999999999999992,0.23812741440612173,0.35456930506834705,0.11644189066222532,True,0.7964618048341902,0.7964618048341902,0.7964618048341902,0.024654644170884553,0.014661636547993724,,,,0.22871441305719264,0.037666775757807525,0.6488322381927802,0,0,0,0
ihdp,0.3,128,raw,0.30000000000000027,0.24339380391476562,0.3645277565895306,0.12113395267476501,True,1.4390016667490888,1.4390016667490888,1.4390016667490888,,,,,,0.23127465504287698,0.013810133792679334,0.6540118036886206,0,0,0,0
ihdp,0.3,128,balanced,0.30000000000000027,0.2451844669809486,0.3709992171540033,0.1258147501730547,True,1.1913894240510388,1.1913894240510388,1.1913894240510388,0.013516515911564619,0.0030568499018086186,,,,0.2314316825656106,0.010495220718653725,0.6542478152528103,0,0,0,0
ihdp,0.3,128,ldm,0.30000000000000027,0.2480620013695237,0.3713406634512939,0.12327866208177021,True,0.974265388693055,0.974265388693055,0.974265388693055,0.01378189542104131,0.0033655585060216823,,,,0.23179771256338244,0.014658545325687795,0.6550998885989219,0,0,0,0
ihdp,0.3,128,sprl,0.30000000000000027,0.24936314960038858,0.3710650727802457,0.12170192317985712,True,0.8119437541762448,0.8119437541762448,0.8119437541762448,0.016565764775344077,0.007948816321367055,,,,0.23382406335787037,0.027957331945624272,0.6594874576552917,0,0,0,0
ihdp,0.3,129,raw,0.2999999999999988,0.24297577335413953,0.38482894960482433,0.1418531762506848,True,1.0397225688037752,1.0397225688037752,1.0397225688037752,,,,,,0.22751249667620482,0.014139829098369815,0.6462250220688672,0,0,0,0
ihdp,0.3,129,balanced,0.2999999999999988,0.24046138172187392,0.38102247592837446,0.14056109420650054,True,1.1982623265617034,1.1982623265617034,1.1982623265617034,0.012935633743358804,0.0031108425926079683,,,,0.22806030188719714,0.007237217832290197,0.6474407484295114,0,0,0,0
ihdp,0.3,129,ldm,0.2999999999999988,0.23857908830360838,0.3773722814423028,0.1387931931386944,True,1.1054320802818967,1.1054320802818967,1.1054320802818967,0.014552537211705144,0.004931061183994373,,,,0.22805066064819285,0.00612653469698116,0.6473375708719055,0,0,0,0
ihdp,0.3,129,sprl,0.2999999999999988,0.2451886763491045,0.38039831691517173,0.13520964056606724,True,0.8181566419684169,0.8181566419684169,0.8181566419684169,0.01603474451714684,0.005756627909065769,,,,0.23071961494480192,0.03195922910136033,0.6533645713594841,0,0,0,0
ihdp,0.3,130,raw,0.30000000000000093,0.22872726857481257,0.3599535621850283,0.1312262936102157,True,0.9855964972671354,0.9855964972671354,0.9855964972671354,,,,,,0.22588274012720058,0.01824628027242921,0.6426704890060048,0,0,0,0
ihdp,0.3,130,balanced,0.30000000000000093,0.21815687287780725,0.36136614031233183,0.14320926743452458,True,1.4090549651970576,1.4090549651970576,1.4090549651970576,0.013275813536363666,0.00349503943385902,,,,0.22872016801168102,0.02137334275562047,0.6491627779396556,0,0,0,0
ihdp,0.3,130,ldm,0.30000000000000093,0.22092013992539422,0.35996455869473615,0.13904441876934193,True,1.1848484173418425,1.1848484173418425,1.1848484173418425,0.013461578571658037,0.0036998978757499914,,,,0.22913190926574306,0.018965266439052123,0.6498824055656569,0,0,0,0
ihdp,0.3,130,sprl,0.30000000000000093,0.24284210646971252,0.3810627495253053,0.13822064305559276,True,0.7569462911865972,0.7569462911865972,0.7569462911865972,0.015227999215628575,0.006127161623273221,,,,0.23152546710864003,0.04459235557009591,0.655682450486972,0,0,0,0
ihdp,0.3,131,raw,0.2999999999999995,0.24610981899068485,0.35500174983922916,0.10889193084854432,True,0.7467492277988709,0.7467492277988709,0.7467492277988709,,,,,,0.22991396310754045,0.014434048099008782,0.6516958638800736,0,0,0,0
ihdp,0.3,131,balanced,0.2999999999999995,0.2489700541491964,0.35473484638725794,0.10576479223806154,True,1.2686412091275652,1.2686412091275652,1.2686412091275652,0.01322665823275679,0.0032483008513973614,,,,0.23312381111405595,0.008551472282933448,0.6583537206417043,0,0,0,0
ihdp,0.3,131,ldm,0.2999999999999995,0.24726440435452476,0.35138262535012327,0.1041182209955985,True,1.0021121866339124,1.0021121866339124,1.0021121866339124,0.013283106173130861,0.0031968103367019086,,,,0.23357921941260534,0.011097630933551206,0.6592250760144615,0,0,0,0
ihdp,0.3,131,sprl,0.2999999999999995,0.23540742237532108,0.3464860623043076,0.11107863992898653,True,0.9374822129112363,0.9374822129112363,0.9374822129112363,0.013831151363542526,0.006668497371950983,,,,0.23229443805071168,0.03129327844686885,0.6566300360513082,0,0,0,0
ihdp,0.3,132,raw,0.2999999999999999,0.24629270009165147,0.3646221377988161,0.11832943770716461,True,1.3099879130527423,1.3099879130527423,1.3099879130527423,,,,,,0.21734257693683995,0.011951043249735071,0.6239832455504081,0,0,0,0
ihdp,0.3,132,balanced,0.2999999999999999,0.22754270917008515,0.35572384569880605,0.1281811365287209,True,1.555182692787447,1.555182692787447,1.555182692787447,0.014339895696653287,0.0047182685012445635,,,,0.21735773378979037,0.008810819128817966,0.624572390701858,0,0,0,0
ihdp,0.3,132,ldm,0.2999999999999999,0.2376920856117969,0.35902283950355046,0.12133075389175357,True,1.5617399123161857,1.5617399123161857,1.5617399123161857,0.013198768774231033,0.0031748228522588463,,,,0.2168898356610431,0.00890772595637013,0.6233077277041295,0,0,0,0
ihdp,0.3,132,sprl,0.2999999999999999,0.2386474645746662,0.3588861550596205,0.12023869048495431,True,0.7915469592405265,0.7915469592405265,0.7915469592405265,0.012765864285766636,0.0013268952807973446,,,,0.21715079507533755,0.019328232080089207,0.6236827565366334,0,0,0,0
ihdp,0.3,133,raw,0.2999999999999992,0.24020753840560674,0.363756677999411,0.12354913959380429,True,1.7757823463655258,1.7757823463655258,1.7757823463655258,,,,,,0.22546757640455226,0.016001568903646336,0.6415206171820425,0,0,0,0
ihdp,0.3,133,balanced,0.2999999999999992,0.2530370739858853,0.3720863044651367,0.11904923047925137,True,1.3116748539128136,1.3116748539128136,1.3116748539128136,0.013613990702879906,0.0036530950811708963,,,,0.2297407308990344,0.017292089837271974,0.650854905871832,0,0,0,0
ihdp,0.3,133,ldm,0.2999999999999992,0.25388460177186856,0.37075003821710434,0.11686543644523578,True,0.9904765594575885,0.9904765594575885,0.9904765594575885,0.013983542280329126,0.0038326068615939656,,,,0.23025383045503303,0.015042880770982954,0.6519712478439532,0,0,0,0
ihdp,0.3,133,sprl,0.2999999999999992,0.24514976642559244,0.3679784098732575,0.12282864344766503,True,0.7985218215148726,0.7985218215148726,0.7985218215148726,0.02060925707767542,0.00784833287846067,,,,0.228722324360659,0.024996207407473395,0.6488926280343212,0,0,0,0
ihdp,0.3,134,raw,0.3,0.2564177841529011,0.3452574002728974,0.0888396161199963,True,0.9431509722383594,0.9431509722383594,0.9431509722383594,,,,,,0.20549304559642015,0.00641011068045394,0.5970167578520984,0,0,0,0
ihdp,0.3,134,balanced,0.3,0.2665183436279123,0.35869315454366624,0.09217481091575391,True,2.2731633901777943,2.2731633901777943,2.2731633901777943,0.013780325954119712,0.003975136657618892,,,,0.20808344588397346,0.015973333125080643,0.6029849375052733,0,0,0,0
ihdp,0.3,134,ldm,0.3,0.26059162478144865,0.353252749363142,0.09266112458169334,True,2.240714059571173,2.240714059571173,2.240714059571173,0.013764735298305823,0.003615826388659999,,,,0.20717524262709558,0.010840773534771557,0.6010147542660313,0,0,0,0
ihdp,0.3,134,sprl,0.3,0.247811565473492,0.34826215419474277,0.10045058872125076,True,1.1733901267112543,1.1733901267112543,1.1733901267112543,0.01866457005006777,0.012543750840991682,,,,0.20732788349017664,0.025289473777283387,0.6019492969288316,0,0,0,0
ihdp,0.3,135,raw,0.3000000000000003,0.24025279918257794,0.34469125757647323,0.10443845839389529,True,1.0164301895970604,1.0164301895970604,1.0164301895970604,,,,,,0.23281199829648813,0.012315297621952817,0.6573925969377176,0,0,0,0
ihdp,0.3,135,balanced,0.3000000000000003,0.2484696471775358,0.35494020169180224,0.10647055451426643,True,1.0196562835805532,1.0196562835805532,1.0196562835805532,0.013101915810319218,0.0032465229766629007,,,,0.23381724697161335,0.011581296939519392,0.6596105929243595,0,0,0,0
ihdp,0.3,135,ldm,0.3000000000000003,0.24917702820712098,0.3538045212976437,0.10462749309052274,True,0.8251859522444378,0.8251859522444378,0.8251859522444378,0.014101304601525253,0.0038682761805459934,,,,0.23417523376616636,0.009539799493173289,0.6605342345763014,0,0,0,0
ihdp,0.3,135,sprl,0.3000000000000003,0.24062190995502133,0.34743098220195634,0.106809072246935,True,0.976686107812207,0.976686107812207,0.976686107812207,0.015842015727442815,0.004136345584587775,,,,0.2358685225655743,0.02652123657888829,0.664162014315114,0,0,0,0
ihdp,0.3,136,raw,0.29999999999999977,0.2467556555333625,0.4176102700882062,0.17085461455484371,True,0.7899426339243824,0.7899426339243824,0.7899426339243824,,,,,,0.21246844895711434,0.01299115319858016,0.6126503500769848,0,0,0,0
ihdp,0.3,136,balanced,0.29999999999999977,0.24724656460969782,0.41253794449606285,0.16529137988636503,True,1.940216999241524,1.940216999241524,1.940216999241524,0.013923695298096013,0.004085722876421237,,,,0.2146485909229984,0.010269484184570923,0.6179207470247994,0,0,0,0
ihdp,0.3,136,ldm,0.29999999999999977,0.2339666417636913,0.4034734877868487,0.1695068460231574,True,1.9146234899352366,1.9146234899352366,1.9146234899352366,0.01293671982163061,0.0031385032282707282,,,,0.21455125368468544,0.008281185989317626,0.617684692815818,0,0,0,0
ihdp,0.3,136,sprl,0.29999999999999977,0.2559967746414791,0.4208410573703342,0.16484428272885515,True,0.897560076897126,0.897560076897126,0.897560076897126,0.020071021810871295,0.007083686718726279,,,,0.21406238090425223,0.022457096692126567,0.6166130909655526,0,0,0,0
ihdp,0.3,137,raw,0.3000000000000005,0.2511919675566046,0.3330150490105149,0.08182308145391026,True,0.9554378693199312,0.9554378693199312,0.9554378693199312,,,,,,0.15897999392941606,0.009895809690710765,0.4817350304749979,0,0,0,0
ihdp,0.3,137,balanced,0.3000000000000005,0.24840358721263947,0.3286410151877611,0.08023742797512165,True,6.931667146341747,6.931667146341747,6.931667146341747,0.013333098954507776,0.0031804852161015644,,,,0.16251200448989075,0.008495679782925458,0.4912998460763617,0,0,0,0
ihdp,0.3,137,ldm,0.3000000000000005,0.24038824199420655,0.3197805376515576,0.07939229565735106,True,6.579762836854644,6.579762836854644,6.579762836854644,0.013476802161378046,0.0029608263520367294,,,,0.16266584188214278,0.010865902481683874,0.4917830899730932,0,0,0,0
ihdp,0.3,137,sprl,0.3000000000000005,0.22306313563047248,0.3085537460299969,0.08549061039952444,True,1.0966736218613817,1.0966736218613817,1.0966736218613817,0.023697123124813833,0.0084243523464335,,,,0.16093847751023918,0.028132220983911705,0.4880380294516537,0,0,0,0
ihdp,0.3,138,raw,0.2999999999999992,0.24949181962979902,0.3583345913566506,0.10884277172685156,True,1.1482003451438603,1.1482003451438603,1.1482003451438603,,,,,,0.22620668550170153,0.009762743718415979,0.6436468046325874,0,0,0,0
ihdp,0.3,138,balanced,0.2999999999999992,0.24731389158227932,0.35729502590600737,0.10998113432372805,True,1.277042713048004,1.277042713048004,1.277042713048004,0.013397390257157667,0.003449541409439304,,,,0.22817368521773643,0.010145772328861746,0.6480279719754574,0,0,0,0
ihdp,0.3,138,ldm,0.2999999999999992,0.24393144384974721,0.3523635293431011,0.1084320854933539,True,1.1466588733305072,1.1466588733305072,1.1466588733305072,0.014224266369311716,0.003782407232657067,,,,0.2276059535129401,0.012802888359068012,0.64672683891168,0,0,0,0
ihdp,0.3,138,sprl,0.2999999999999992,0.22511197489017468,0.3398152978961245,0.11470332300594985,True,1.0136677941519001,1.0136677941519001,1.0136677941519001,0.013602071780291778,0.0019262318979456218,,,,0.22825220775605948,0.025626926912779954,0.648218145127761,0,0,0,0
ihdp,0.3,139,raw,0.30000000000000104,0.2356360552412562,0.36999109135059327,0.13435503610933708,True,1.1609963121959366,1.1609963121959366,1.1609963121959366,,,,,,0.2316642649220752,0.01835339441954766,0.6555090169140616,0,0,0,0
ihdp,0.3,139,balanced,0.30000000000000104,0.22957787568912208,0.36556962803195914,0.13599175234283706,True,0.9682815541652824,0.9682815541652824,0.9682815541652824,0.013198819335811955,0.0030006130779122154,,,,0.23355622768169895,0.011910770804178482,0.6594257143818266,0,0,0,0
ihdp,0.3,139,ldm,0.30000000000000104,0.22497697929159882,0.36100136011817713,0.1360243808265783,True,0.7748496504288166,0.7748496504288166,0.7748496504288166,0.014347695058419664,0.004250877559103716,,,,0.233516040388935,0.017862340430778337,0.6593104638652454,0,0,0,0
ihdp,0.3,139,sprl,0.30000000000000104,0.19867193069233677,0.3470332715607659,0.14836134086842914,True,0.749170488216197,0.749170488216197,0.749170488216197,0.015694269911164585,0.007059893411601962,,,,0.2335324991362024,0.028388968969118016,0.6602365604735685,0,0,0,0
ihdp,0.3,140,raw,0.2999999999999997,0.24738405765406182,0.35911965940140694,0.11173560174734512,True,0.9989586313927689,0.9989586313927689,0.9989586313927689,,,,,,0.23076076574937507,0.013743936292950325,0.6529452601067798,0,0,0,0
ihdp,0.3,140,balanced,0.2999999999999997,0.25085312719983904,0.3589717875982648,0.10811866039842577,True,0.7623433602647827,0.7623433602647827,0.7623433602647827,0.01281688706282042,0.002778562136665733,,,,0.23177887310044698,0.008982128189105687,0.6550856504888642,0,0,0,0
ihdp,0.3,140,ldm,0.2999999999999997,0.2441801328742702,0.35386364645364426,0.10968351357937406,True,0.9024038782688052,0.9024038782688052,0.9024038782688052,0.014119439035668554,0.004007490709903,,,,0.23204763294219574,0.011962224969303298,0.6557345199443191,0,0,0,0
ihdp,0.3,140,sprl,0.2999999999999997,0.23562635578404328,0.3488473559486281,0.1132210001645848,True,0.8650916089564358,0.8650916089564358,0.8650916089564358,0.03175009066941924,0.026043583486092113,,,,0.23473919014797603,0.03389567845485438,0.66192736733117,0,0,0,0
ihdp,0.3,141,raw,0.29999999999999943,0.23329436459692496,0.3638178354496955,0.13052347085277052,True,0.8203542469607187,0.8203542469607187,0.8203542469607187,,,,,,0.22952453697767877,0.0099604969310296,0.6500906231109717,0,0,0,0
ihdp,0.3,141,balanced,0.29999999999999943,0.2350035845621402,0.36990949009454077,0.13490590553240056,True,1.0058119654796178,1.0058119654796178,1.0058119654796178,0.012522876507647933,0.002535957226139022,,,,0.2296495011148832,0.014057863018716255,0.6508112519682653,0,0,0,0
ihdp,0.3,141,ldm,0.29999999999999943,0.2354383690652061,0.36699367502044655,0.13155530595524045,True,0.9092082893884043,0.9092082893884043,0.9092082893884043,0.01463785056578271,0.00591855629650085,,,,0.22945616030360808,0.008716070236280413,0.650116332191553,0,0,0,0
ihdp,0.3,141,sprl,0.29999999999999943,0.22568297634526344,0.3626491016282625,0.1369661252829991,True,0.7524330707805928,0.7524330707805928,0.7524330707805928,0.02840976095266561,0.014814424282501196,,,,0.2321079111879509,0.029848894630499313,0.6559219585269089,0,0,0,0
ihdp,0.3,142,raw,0.29999999999999977,0.24572062587419297,0.356425957059171,0.11070533118497805,True,0.7647019494243706,0.7647019494243706,0.7647019494243706,,,,,,0.20332944783847143,0.014503920025354307,0.593220904658972,0,0,0,0
ihdp,0.3,142,balanced,0.29999999999999977,0.23656219958271898,0.35776879870584427,0.12120659912312529,True,2.224400911270453,2.224400911270453,2.224400911270453,0.013757398467434144,0.0035985738606823135,,,,0.20543732849166854,0.016528331251807592,0.5979179733374242,0,0,0,0
ihdp,0.3,142,ldm,0.29999999999999977,0.26571636040932717,0.37009057126984446,0.10437421086051729,True,1.9207637326343134,1.9207637326343134,1.9207637326343134,0.013276509328407482,0.003177326055208096,,,,0.20522241463832205,0.01950687774644852,0.5973645905419437,0,0,0,0
ihdp,0.3,142,sprl,0.29999999999999977,0.23716109179446812,0.3586798236540995,0.12151873185963138,True,0.7677194310614727,0.7677194310614727,0.7677194310614727,0.029895783055460128,0.012376675994325188,,,,0.20529072863909734,0.02596168597247587,0.5976347867214159,0,0,0,0
ihdp,0.3,143,raw,0.3,0.22331078136433588,0.3804063232055856,0.15709554184124971,True,1.016957146825826,1.016957146825826,1.016957146825826,,,,,,0.22394841471549015,0.012624609150652765,0.6379377054203561,0,0,0,0
ihdp,0.3,143,balanced,0.3,0.22893993317049272,0.37957911715376486,0.15063918398327214,True,1.1542619384155983,1.1542619384155983,1.1542619384155983,0.012950869985277374,0.0028628634618746034,,,,0.22865777447211677,0.010882088716283569,0.6483730243135627,0,0,0,0
ihdp,0.3,143,ldm,0.3,0.226934781426378,0.3768759159624003,0.14994113453602229,True,1.1623021701326055,1.1623021701326055,1.1623021701326055,0.013785206060121437,0.0034626679752675004,,,,0.2282920742020072,0.011492103840827014,0.6475163809090717,0,0,0,0
ihdp,0.3,143,sprl,0.3,0.23155304287301856,0.37962007368714373,0.14806703081412517,True,0.772777213675728,0.772777213675728,0.772777213675728,0.02520201448835106,0.021550606227033177,,,,0.22723725192988578,0.025910625516428063,0.6453543490473911,0,0,0,0
ihdp,0.3,144,raw,0.29999999999999977,0.2407333803500309,0.36644174913296246,0.12570836878293157,True,0.9539902172944061,0.9539902172944061,0.9539902172944061,,,,,,0.2178975799918565,0.00686599995771388,0.625709086400473,0,0,0,0
ihdp,0.3,144,balanced,0.29999999999999977,0.2602447582106493,0.383025048640773,0.12278029043012373,True,1.3412053364117689,1.3412053364117689,1.3412053364117689,0.012817798721747658,0.002785545860649511,,,,0.22423615245676812,0.012562662634757095,0.6394847693221509,0,0,0,0
ihdp,0.3,144,ldm,0.29999999999999977,0.2572137046310053,0.3809700985199879,0.12375639388898263,True,1.215716377000386,1.215716377000386,1.215716377000386,0.013609665559704496,0.003459574731058401,,,,0.22392225276196395,0.010552839566980603,0.6387531580355399,0,0,0,0
ihdp,0.3,144,sprl,0.29999999999999977,0.23798966517503778,0.3735280044119696,0.13553833923693182,True,0.8471973564473898,0.8471973564473898,0.8471973564473898,0.014430856310692857,0.003499125490083061,,,,0.22064099085733377,0.024324804896260818,0.6317808786864294,0,0,0,0
ihdp,0.3,145,raw,0.3000000000000005,0.24115101238596945,0.35748477963786757,0.11633376725189812,True,1.2359674297920267,1.2359674297920267,1.2359674297920267,,,,,,0.20943605197226417,0.012413225693856857,0.6068997527564354,0,0,0,0
ihdp,0.3,145,balanced,0.3000000000000005,0.2331497691464013,0.3534365912758858,0.1202868221294845,True,1.5501361847051605,1.5501361847051605,1.5501361847051605,0.012947680832983526,0.0033006825680424626,,,,0.21544839876039437,0.012245360060105372,0.6204734152593478,0,0,0,0
ihdp,0.3,145,ldm,0.3000000000000005,0.22936388661507662,0.3515411288526892,0.12217724223761256,True,1.5520230299911555,1.5520230299911555,1.5520230299911555,0.013665238569032815,0.004050082981476833,,,,0.21557250250184798,0.012985478575117181,0.6207161348293903,0,0,0,0
ihdp,0.3,145,sprl,0.3000000000000005,0.20815538207461268,0.33987520408277744,0.13171982200816476,True,1.0245280471676794,1.0245280471676794,1.0245280471676794,0.03022605628973563,0.020247314506798213,,,,0.21113848250377643,0.023697234645491495,0.6116543142533604,0,0,0,0
ihdp,0.3,146,raw,0.30000000000000066,0.25094837254999147,0.3774230025316996,0.1264746299817081,True,0.8285075942685177,0.8285075942685177,0.8285075942685177,,,,,,0.2188740711350965,0.011142297774372395,0.6273095937507926,0,0,0,0
ihdp,0.3,146,balanced,0.30000000000000066,0.24524068914198796,0.37105651260009254,0.12581582345810458,True,1.1402684615673908,1.1402684615673908,1.1402684615673908,0.014027573698881133,0.003944728782415465,,,,0.22450185303609033,0.009022428871077846,0.6399281340577585,0,0,0,0
ihdp,0.3,146,ldm,0.30000000000000066,0.23773174280421236,0.3670562324324791,0.12932448962826673,True,1.013539410945684,1.013539410945684,1.013539410945684,0.014195094516460872,0.00410298522848167,,,,0.22472053631561872,0.007718930779467754,0.6403197873993147,0,0,0,0
ihdp,0.3,146,sprl,0.30000000000000066,0.2621131300754405,0.37155105143699757,0.10943792136155706,True,1.0856792971392288,1.0856792971392288,1.0856792971392288,0.023797415603921408,0.011112822857823376,,,,0.22298703921885427,0.0262039274384413,0.6371966452362129,0,0,0,0
ihdp,0.3,147,raw,0.3000000000000001,0.24667548453187793,0.34960042502914046,0.10292494049726253,True,1.958300412467232,1.958300412467232,1.958300412467232,,,,,,0.20832733206193912,0.012450900630174896,0.6032829952632919,0,0,0,0
ihdp,0.3,147,balanced,0.3000000000000001,0.2510945870911452,0.3538365006076705,0.10274191351652534,True,1.8475086718310194,1.8475086718310194,1.8475086718310194,0.01288926549732501,0.0028315126434044604,,,,0.21240661569161084,0.0124600056329435,0.6128957445854463,0,0,0,0
ihdp,0.3,147,ldm,0.3000000000000001,0.2488646301453441,0.35341135658602885,0.10454672644068475,True,1.7626896718038547,1.7626896718038547,1.7626896718038547,0.01396140891834314,0.003320582334602644,,,,0.21265905708127053,0.0083763181192956,0.613406812342788,0,0,0,0
ihdp,0.3,147,sprl,0.3000000000000001,0.24469120325036597,0.349509341748513,0.10481813849814703,True,0.9923913624596935,0.9923913624596935,0.9923913624596935,0.017661370493001118,0.009481134982195017,,,,0.20968153604374856,0.02516142002895285,0.606427586033897,0,0,0,0
ihdp,0.3,148,raw,0.30000000000000093,0.2653818152542803,0.3548395410434429,0.08945772578916261,True,0.7421936535545978,0.7421936535545978,0.7421936535545978,,,,,,0.20952840806848802,0.00990866521799923,0.606557916309699,0,0,0,0
ihdp,0.3,148,balanced,0.30000000000000093,0.2691719928544381,0.35808794002172883,0.08891594716729073,True,2.9472744413801135,2.9472744413801135,2.9472744413801135,0.013022784286428486,0.003460014150059511,,,,0.21239149631617024,0.020807379726251043,0.6133402306300093,0,0,0,0
ihdp,0.3,148,ldm,0.30000000000000093,0.2654757110482856,0.35155890334431344,0.08608319229602784,True,2.0948158568715876,2.0948158568715876,2.0948158568715876,0.013154782301444953,0.0034219082001542083,,,,0.2146050663492336,0.009472082255017306,0.6180959208339778,0,0,0,0
ihdp,0.3,148,sprl,0.30000000000000093,0.25360789825432656,0.3470324479001436,0.09342454964581703,True,0.9575988560050435,0.9575988560050435,0.9575988560050435,0.022257084503402046,0.009994978398788388,,,,0.21282779515969905,0.03125763462602512,0.6145448005216276,0,0,0,0
ihdp,0.3,149,raw,0.3000000000000006,0.24244311491787293,0.3788284713860111,0.13638535646813818,True,0.8511031489952207,0.8511031489952207,0.8511031489952207,,,,,,0.2249689815704257,0.013834707183575799,0.6404969485503554,0,0,0,0
ihdp,0.3,149,balanced,0.3000000000000006,0.24463347365383012,0.38355285845531556,0.13891938480148544,True,1.5650308603592304,1.5650308603592304,1.5650308603592304,0.013397169052144699,0.0033492932116589076,,,,0.22853397956807958,0.012617883491911305,0.6483045637780906,0,0,0,0
ihdp,0.3,149,ldm,0.3000000000000006,0.2467460648408022,0.3823610414517405,0.1356149766109383,True,1.4863505663573047,1.4863505663573047,1.4863505663573047,0.014113714238919613,0.004433071608733762,,,,0.2292597236714998,0.01533091018697751,0.6497064472180647,0,0,0,0
ihdp,0.3,149,sprl,0.3000000000000006,0.25475427676365436,0.39462841649805824,0.13987413973440388,True,0.7483295221590472,0.7483295221590472,0.7483295221590472,0.020588235542263102,0.007922279927707748,,,,0.2276499618308516,0.03968674341356808,0.6464756889743416,0,0,0,0
ihdp,0.3,150,raw,0.30000000000000004,0.2545022858745506,0.35507856441894065,0.10057627854439005,True,0.8726890097711278,0.8726890097711278,0.8726890097711278,,,,,,0.21017948672928524,0.018446222402623107,0.6079460172637513,0,0,0,0
ihdp,0.3,150,balanced,0.30000000000000004,0.25345210011759006,0.35788901806778883,0.10443691795019877,True,1.6044949767976169,1.6044949767976169,1.6044949767976169,0.01371926655302617,0.003163873044689467,,,,0.2116789230793097,0.015845077344185287,0.611315006997732,0,0,0,0
ihdp,0.3,150,ldm,0.30000000000000004,0.2536069459831261,0.35751716602163885,0.10391022003851275,True,1.4701861059620602,1.4701861059620602,1.4701861059620602,0.01405725035925402,0.0038264014861217922,,,,0.21163192137599607,0.020570089894962333,0.6111681152291163,0,0,0,0
ihdp,0.3,150,sprl,0.30000000000000004,0.2534908736449439,0.3544029338304542,0.1009120601855103,True,0.8490380628842591,0.8490380628842591,0.8490380628842591,0.03308508933279252,0.025686217460092933,,,,0.21386631893348973,0.026958543537410097,0.6162085582990425,0,0,0,0
ihdp,0.3,151,raw,0.30000000000000016,0.2584949477570399,0.3452914530225978,0.08679650526555788,True,1.4161382451968505,1.4161382451968505,1.4161382451968505,,,,,,0.2016696311607795,0.008609007346821278,0.5877144883699069,0,0,0,0
ihdp,0.3,151,balanced,0.30000000000000016,0.2619000232675014,0.3499832900454607,0.0880832667779593,True,2.314333905100566,2.314333905100566,2.314333905100566,0.012629932218955774,0.0031158840010306384,,,,0.20919220415002196,0.016410246507671873,0.6055411652686351,0,0,0,0
ihdp,0.3,151,ldm,0.30000000000000016,0.2502040937692683,0.33328895656200297,0.08308486279273469,True,1.9828919427526777,1.9828919427526777,1.9828919427526777,0.013611129531964309,0.0040347213086489855,,,,0.20796607574055442,0.01460993036558268,0.6030179264352131,0,0,0,0
ihdp,0.3,151,sprl,0.30000000000000016,0.24377450683812368,0.33333712966802925,0.08956262282990557,True,0.9492706093428733,0.9492706093428733,0.9492706093428733,0.029077039143936594,0.013347903523691316,,,,0.20407409800290993,0.02694530317944035,0.5946522612602385,0,0,0,0
ihdp,0.3,152,raw,0.29999999999999855,0.24030297723183522,0.37151343459916036,0.13121045736732515,True,0.8514107797235656,0.8514107797235656,0.8514107797235656,,,,,,0.2191385732163506,0.008364245496005986,0.6287017580841769,0,0,0,0
ihdp,0.3,152,balanced,0.29999999999999855,0.23969976097385678,0.3758131118414798,0.13611335086762302,True,1.4487202368142627,1.4487202368142627,1.4487202368142627,0.013195652624510324,0.002958496120429234,,,,0.22182231334481697,0.007772395471865788,0.6343460668636776,0,0,0,0
ihdp,0.3,152,ldm,0.29999999999999855,0.23804573724245243,0.3720589354924294,0.13401319824997698,True,1.4821198679499492,1.4821198679499492,1.4821198679499492,0.014230798596447587,0.00408394636341172,,,,0.2217530276430251,0.010181906423554772,0.634129755542362,0,0,0,0
ihdp,0.3,152,sprl,0.29999999999999855,0.24245931733619727,0.37781782788271373,0.13535851054651646,True,0.8383968350273899,0.8383968350273899,0.8383968350273899,0.06922969165418529,0.06969448045583324,,,,0.22203232089788072,0.026223657488085934,0.6352501544228835,0,0,0,0
ihdp,0.3,153,raw,0.3000000000000001,0.23158875888868405,0.3743530204036287,0.14276426151494467,True,1.2488033495662696,1.2488033495662696,1.2488033495662696,,,,,,0.22596270384499356,0.007975663223931598,0.6428378614579072,0,0,0,0
ihdp,0.3,153,balanced,0.3000000000000001,0.23678092542454002,0.38556368282219994,0.14878275739765992,True,1.1384309657733707,1.1384309657733707,1.1384309657733707,0.012631620998824832,0.002947532990892751,,,,0.2303953060212339,0.015842243668080846,0.6525038694225077,0,0,0,0
ihdp,0.3,153,ldm,0.3000000000000001,0.23800535735327685,0.38474185370533953,0.14673649635206268,True,1.0351985859513397,1.0351985859513397,1.0351985859513397,0.013161918825612611,0.0032722922474205524,,,,0.23002187454075365,0.013116077200925492,0.6517305198877662,0,0,0,0
ihdp,0.3,153,sprl,0.3000000000000001,0.2385883122897807,0.38513828538030875,0.14654997309052806,True,0.905622702276005,0.905622702276005,0.905622702276005,0.015127820407984325,0.004945956392189441,,,,0.2296942345923525,0.0315868621837711,0.6510619855686437,0,0,0,0
ihdp,0.3,154,raw,0.30000000000000093,0.2612848848375527,0.3427510211838372,0.08146613634628452,True,1.0448624908684494,1.0448624908684494,1.0448624908684494,,,,,,0.18712899331021118,0.014739145267884269,0.5535360611183844,0,0,0,0
ihdp,0.3,154,balanced,0.30000000000000093,0.26372721538194893,0.35075621272434837,0.08702899734239944,True,3.9771173576142096,3.9771173576142096,3.9771173576142096,0.013013734013186052,0.0029799309931354393,,,,0.18960035140378811,0.022904530587069042,0.5602289133551464,0,0,0,0
ihdp,0.3,154,ldm,0.30000000000000093,0.2600864514107142,0.3464129909149908,0.0863265395042766,True,4.021117753766169,4.021117753766169,4.021117753766169,0.013820685823184369,0.0037206687167341003,,,,0.19013465322899095,0.01722740607128684,0.5613383638181761,0,0,0,0
ihdp,0.3,154,sprl,0.30000000000000093,0.24847642140157486,0.3428456379237424,0.09436921652216754,True,1.18585661061324,1.18585661061324,1.18585661061324,0.023492044134504262,0.011109552753070922,,,,0.18979981921880623,0.037585651712355145,0.5617766544251156,0,0,0,0
ihdp,0.3,155,raw,0.2999999999999992,0.22267655434182462,0.3546310246109403,0.1319544702691157,True,1.023796993829314,1.023796993829314,1.023796993829314,,,,,,0.23247636319411258,0.016414152794279876,0.6572015790938879,0,0,0,0
ihdp,0.3,155,balanced,0.2999999999999992,0.2246107039695447,0.35760993349744047,0.13299922952789578,True,0.8726347795501099,0.8726347795501099,0.8726347795501099,0.013057233859077411,0.003189833895200454,,,,0.23754419620659942,0.007257121828896753,0.6678179520443529,0,0,0,0
ihdp,0.3,155,ldm,0.2999999999999992,0.22670474498193863,0.35703968004951786,0.13033493506757923,True,0.8479381199073952,0.8479381199073952,0.8479381199073952,0.013481059712904479,0.004134932058249717,,,,0.2373137410384098,0.009290582376001317,0.667315383652769,0,0,0,0
ihdp,0.3,155,sprl,0.2999999999999992,0.22152780519735116,0.35403530983773823,0.13250750464038707,True,0.8999509495613152,0.8999509495613152,0.8999509495613152,0.022471777418048088,0.016691194879498755,,,,0.2355048154361355,0.02698391138186135,0.6637753449532569,0,0,0,0
ihdp,0.3,156,raw,0.29999999999999905,0.256429666198236,0.37646278045332654,0.12003311425509056,True,0.7665023082444554,0.7665023082444554,0.7665023082444554,,,,,,0.22765971927399814,0.012478453779226528,0.646524673770749,0,0,0,0
ihdp,0.3,156,balanced,0.29999999999999905,0.25619373193334793,0.3871372642915952,0.13094353235824724,True,1.0418793722661532,1.0418793722661532,1.0418793722661532,0.013673567403951415,0.003844349001128798,,,,0.23095531233004662,0.013818981057625532,0.6535176663268607,0,0,0,0
ihdp,0.3,156,ldm,0.29999999999999905,0.25481891256020506,0.38401253010260156,0.1291936175423965,True,0.9502652207890582,0.9502652207890582,0.9502652207890582,0.013920675740806035,0.004207068100172027,,,,0.23084910986417082,0.011886338994441721,0.6534036179156887,0,0,0,0
ihdp,0.3,156,sprl,0.29999999999999905,0.25997445227981975,0.38944952591344756,0.1294750736336278,True,0.7497862886693976,0.7497862886693976,0.7497862886693976,0.02146060439347537,0.008398577552271937,,,,0.23191937123240036,0.031358244523436656,0.6557835195907507,0,0,0,0
ihdp,0.3,157,raw,0.2999999999999992,0.24394957128089617,0.35628579807134236,0.11233622679044619,True,1.9182738678559421,1.9182738678559421,1.9182738678559421,,,,,,0.2278344191875441,0.012890123547577665,0.6470116605905967,0,0,0,0
ihdp,0.3,157,balanced,0.2999999999999992,0.24629801881950808,0.3584638392727417,0.11216582045323364,True,0.9150148991643846,0.9150148991643846,0.9150148991643846,0.012848047930804738,0.002636231038662125,,,,0.23228817696856896,0.013068264870090138,0.6562465778029524,0,0,0,0
ihdp,0.3,157,ldm,0.2999999999999992,0.2433252781293365,0.3544619001469481,0.11113662201761162,True,0.8972895036776022,0.8972895036776022,0.8972895036776022,0.013504669277192528,0.003117472121161732,,,,0.2317967605821801,0.014835862309626371,0.6552603217113767,0,0,0,0
ihdp,0.3,157,sprl,0.2999999999999992,0.24666895539170144,0.35764690911801933,0.11097795372631789,True,0.9247627360406252,0.9247627360406252,0.9247627360406252,0.033958085551860896,0.03057936323951893,,,,0.22970191927043324,0.030670749416139727,0.6510708187500726,0,0,0,0
ihdp,0.3,158,raw,0.3000000000000001,0.2575878811167618,0.3346376485421607,0.07704976742539893,True,0.7501418780563509,0.7501418780563509,0.7501418780563509,,,,,,0.17883652638008976,0.01501487348933495,0.5337018799127373,0,0,0,0
ihdp,0.3,158,balanced,0.3000000000000001,0.2582013922464682,0.33743408943080244,0.07923269718433423,True,4.331228300660586,4.331228300660586,4.331228300660586,0.01378313790005883,0.003917811583312846,,,,0.18176040052118028,0.010593255978189421,0.5412871318225333,0,0,0,0
ihdp,0.3,158,ldm,0.3000000000000001,0.25869094376846563,0.3351580890824487,0.07646714531398308,True,4.202581120450839,4.202581120450839,4.202581120450839,0.01386376889893482,0.0037021433066038154,,,,0.18172844607629954,0.005243943316678727,0.5411660692274143,0,0,0,0
ihdp,0.3,158,sprl,0.3000000000000001,0.250115782349335,0.33484652973955015,0.08473074739021513,True,0.9451729179669037,0.9451729179669037,0.9451729179669037,0.024952723590131023,0.020396884155934953,,,,0.1810044668807026,0.02919629257817674,0.5404537342418417,0,0,0,0
ihdp,0.3,159,raw,0.2999999999999988,0.25850177355151815,0.36774318002273476,0.1092414064712166,True,1.074826813443127,1.074826813443127,1.074826813443127,,,,,,0.23206828749328437,0.007611762853153047,0.6564035360877978,0,0,0,0
ihdp,0.3,159,balanced,0.2999999999999988,0.25757746460846204,0.368077806095716,0.11050034148725396,True,1.0346893668731796,1.0346893668731796,1.0346893668731796,0.013661226210845336,0.004013265925661838,,,,0.2343121853525122,0.009937479662475763,0.6610184208129207,0,0,0,0
ihdp,0.3,159,ldm,0.2999999999999988,0.2566611606216311,0.36460019415047734,0.10793903352884626,True,0.9528079318151308,0.9528079318151308,0.9528079318151308,0.01404769561951884,0.003968783802993992,,,,0.23427668798440518,0.007810787808226431,0.6609141447003474,0,0,0,0
ihdp,0.3,159,sprl,0.2999999999999988,0.25188674174240655,0.3646340845193176,0.11274734277691106,True,0.8433608492066352,0.8433608492066352,0.8433608492066352,0.0292491434571993,0.02369933872025583,,,,0.23745594797909297,0.03706402672423449,0.6685150407823856,0,0,0,0
ihdp,0.3,160,raw,0.3000000000000002,0.24048180232918276,0.3596310517851477,0.11914924945596495,True,0.7606987364307967,0.7606987364307967,0.7606987364307967,,,,,,0.23027267159720313,0.011199850159424991,0.6523491915545514,0,0,0,0
ihdp,0.3,160,balanced,0.3000000000000002,0.24788150126370792,0.3695118876887708,0.12163038642506288,True,1.1159593774537944,1.1159593774537944,1.1159593774537944,0.015659385164096665,0.005490241663397586,,,,0.23519173045868055,0.008184877942875013,0.6625959388820968,0,0,0,0
ihdp,0.3,160,ldm,0.3000000000000002,0.25077762854662405,0.3687135629077866,0.11793593436116256,True,0.9723637555486497,0.9723637555486497,0.9723637555486497,0.01342384916861557,0.003986156174572875,,,,0.2351256402283553,0.0066157812426261104,0.6624770429880232,0,0,0,0
ihdp,0.3,160,sprl,0.3000000000000002,0.24300139458774112,0.3682757798656597,0.12527438527791857,True,0.7677278257787161,0.7677278257787161,0.7677278257787161,0.014009420731466299,0.005837301026254605,,,,0.2318249299170018,0.026608754143903086,0.6558127561026096,0,0,0,0
ihdp,0.3,161,raw,0.3000000000000001,0.23401092939648432,0.372184577529096,0.13817364813261168,True,1.1791759828646162,1.1791759828646162,1.1791759828646162,,,,,,0.22696000421279677,0.013239556911051182,0.6448512553183857,0,0,0,0
ihdp,0.3,161,balanced,0.3000000000000001,0.2337456495442966,0.377911840304474,0.1441661907601774,True,1.2353258424498714,1.2353258424498714,1.2353258424498714,0.01468558492811859,0.005041476892582662,,,,0.22856526049968934,0.008597547611613252,0.6481146243898137,0,0,0,0
ihdp,0.3,161,ldm,0.3000000000000001,0.23294316779621094,0.37568267209958967,0.14273950430337873,True,1.064489818224034,1.064489818224034,1.064489818224034,0.013673629221980598,0.003771315311972968,,,,0.2297142968180472,0.013486032513293804,0.6506206660299861,0,0,0,0
ihdp,0.3,161,sprl,0.3000000000000001,0.24577446007698417,0.3877597395996255,0.14198527952264134,True,0.804769472310643,0.804769472310643,0.804769472310643,0.016441784721101475,0.00998579152465708,,,,0.22964251756173293,0.03173241320856143,0.6506856900103967,0,0,0,0
ihdp,0.3,162,raw,0.3000000000000002,0.24703257476442542,0.35878737587615694,0.11175480111173153,True,1.6581490462097912,1.6581490462097912,1.6581490462097912,,,,,,0.22234200180642802,0.008132891559259028,0.6353094941038288,0,0,0,0
ihdp,0.3,162,balanced,0.3000000000000002,0.2501460696414039,0.3664982551267708,0.11635218548536691,True,1.4738401064153908,1.4738401064153908,1.4738401064153908,0.013212485071288693,0.0033860109221300633,,,,0.22374966027256732,0.012631388368540043,0.6386264845132037,0,0,0,0
ihdp,0.3,162,ldm,0.3000000000000002,0.2571075596245235,0.36864638013188694,0.11153882050736347,True,1.4014725532124022,1.4014725532124022,1.4014725532124022,0.01406469003139819,0.00409588754845977,,,,0.2240754737663254,0.012420167308010342,0.6393634707367977,0,0,0,0
ihdp,0.3,162,sprl,0.3000000000000002,0.24816646944877574,0.36636442883197895,0.11819795938320321,True,0.8182511607519157,0.8182511607519157,0.8182511607519157,0.017408237367242087,0.01140408000444484,,,,0.2241544574073631,0.021863649238027586,0.6393123027025954,0,0,0,0
ihdp,0.3,163,raw,0.2999999999999998,0.22779420461108357,0.3624726842209718,0.1346784796098882,True,0.9907960321220628,0.9907960321220628,0.9907960321220628,,,,,,0.22710971767243554,0.012151408190763298,0.6457984388281724,0,0,0,0
ihdp,0.3,163,balanced,0.2999999999999998,0.2335768213887107,0.3688711006274727,0.135294279238762,True,0.9050214591338153,0.9050214591338153,0.9050214591338153,0.012685530309188023,0.002736824477947075,,,,0.23248813307876973,0.015995608940484605,0.6571409487192025,0,0,0,0
ihdp,0.3,163,ldm,0.2999999999999998,0.23087852062155367,0.3659321436950384,0.13505362307348473,True,0.8013385738678128,0.8013385738678128,0.8013385738678128,0.013752426468319413,0.003957335367943749,,,,0.23239125832559085,0.018132638600369785,0.6568224267551712,0,0,0,0
ihdp,0.3,163,sprl,0.2999999999999998,0.22782038202312707,0.36656135013558444,0.13874096811245737,True,0.8030225963677727,0.8030225963677727,0.8030225963677727,0.018489880893530312,0.006481422819264202,,,,0.2312694175067044,0.035824313708454666,0.6548065148474315,0,0,0,0
ihdp,0.3,164,raw,0.2999999999999995,0.2554366849460329,0.372074134363613,0.11663744941758009,True,1.1980338805849757,1.1980338805849757,1.1980338805849757,,,,,,0.2235107876164262,0.013868099435628112,0.6375001020129697,0,0,0,0
ihdp,0.3,164,balanced,0.2999999999999995,0.2587512741837454,0.38224465029918253,0.12349337611543715,True,0.9666247670609547,0.9666247670609547,0.9666247670609547,0.013082767805654526,0.0034724389915534106,,,,0.2323221925284225,0.011047359627507098,0.6564312970013417,0,0,0,0
ihdp,0.3,164,ldm,0.2999999999999995,0.25906782798438105,0.3816690809530503,0.12260125296866925,True,0.8302083802250996,0.8302083802250996,0.8302083802250996,0.01486758208835496,0.004598483488620457,,,,0.2323514040617408,0.01029230517751275,0.6564871514804707,0,0,0,0
ihdp,0.3,164,sprl,0.2999999999999995,0.25049382915031865,0.378231986275589,0.12773815712527037,True,0.8078409409139964,0.8078409409139964,0.8078409409139964,0.022976373587199717,0.018979981740768915,,,,0.22537798788500085,0.01753693030110936,0.6419042462548358,0,0,0,0
ihdp,0.3,165,raw,0.2999999999999993,0.23964941247524185,0.35621685409864606,0.11656744162340421,True,0.8619637603340246,0.8619637603340246,0.8619637603340246,,,,,,0.2105338980279023,0.023508724053920297,0.6089822972341268,0,0,0,0
ihdp,0.3,165,balanced,0.2999999999999993,0.25730476214661097,0.3787997148548823,0.12149495270827132,True,1.8406630878388712,1.8406630878388712,1.8406630878388712,0.013103030752383654,0.003290308684008727,,,,0.2122329041393613,0.02211356616546758,0.6128301259723997,0,0,0,0
ihdp,0.3,165,ldm,0.2999999999999993,0.25368081255468833,0.3736620707642262,0.11998125820953787,True,1.7577906743193492,1.7577906743193492,1.7577906743193492,0.013853930013541602,0.003937460364253769,,,,0.2120318486682018,0.022036802990144048,0.6124447810789063,0,0,0,0
ihdp,0.3,165,sprl,0.2999999999999993,0.24630306535795457,0.37428993210154776,0.1279868667435932,True,0.7615097610169005,0.7615097610169005,0.7615097610169005,0.018146543566430848,0.004983619171862681,,,,0.21415033385185406,0.034711839159763544,0.6174632755707445,0,0,0,0
ihdp,0.3,166,raw,0.3000000000000002,0.2528192280219592,0.3595252922251458,0.10670606420318657,True,0.7509406994714405,0.7509406994714405,0.7509406994714405,,,,,,0.2247115069769679,0.020683364200029884,0.6405389788731726,0,0,0,0
ihdp,0.3,166,balanced,0.3000000000000002,0.25309526727543047,0.35788777455261417,0.1047925072771837,True,1.5587221000109577,1.5587221000109577,1.5587221000109577,0.013549003058394828,0.0038522507558848176,,,,0.22889821615492978,0.018288843248002434,0.6493169736774838,0,0,0,0
ihdp,0.3,166,ldm,0.3000000000000002,0.24748196262036545,0.35340771439595703,0.10592575177559158,True,1.4970917284124214,1.4970917284124214,1.4970917284124214,0.013516027005506685,0.0030940718331629413,,,,0.22897974776822097,0.021462648691723974,0.6496580411498905,0,0,0,0
ihdp,0.3,166,sprl,0.3000000000000002,0.24030772594918762,0.35253395488906203,0.11222622893987441,True,1.034118979271468,1.034118979271468,1.034118979271468,0.017357963402554744,0.006870175946642263,,,,0.22867976308125484,0.03913540044273467,0.649229269729299,0,0,0,0
ihdp,0.3,167,raw,0.29999999999999943,0.24503837920414961,0.372766022499809,0.1277276432956594,True,1.5968528314966675,1.5968528314966675,1.5968528314966675,,,,,,0.2232009685877437,0.007055252164001016,0.6362480008697478,0,0,0,0
ihdp,0.3,167,balanced,0.29999999999999943,0.249584967323821,0.3827617651677206,0.1331767978438996,True,1.3885186502324347,1.3885186502324347,1.3885186502324347,0.012782595606056373,0.0027776300064114696,,,,0.22970591000556478,0.010780844943107267,0.6508115907155005,0,0,0,0
ihdp,0.3,167,ldm,0.29999999999999943,0.2517293293730728,0.3819446193983416,0.13021529002526883,True,0.9188137099170939,0.9188137099170939,0.9188137099170939,0.01439517908804624,0.004148531618660806,,,,0.23090192269068543,0.00723167598224847,0.6534026616979536,0,0,0,0
ihdp,0.3,167,sprl,0.29999999999999943,0.24778813187217538,0.3797574777842897,0.13196934591211432,True,0.9055322586649447,0.9055322586649447,0.9055322586649447,0.049876272432106995,0.04511254233043166,,,,0.22747065119682575,0.030435073345699306,0.6459068868792784,0,0,0,0
ihdp,0.3,168,raw,0.29999999999999954,0.26528040595770097,0.3535123270753299,0.08823192111762895,True,2.212165723880773,2.212165723880773,2.212165723880773,,,,,,0.19069493683365166,0.010612508475154474,0.5630782430136856,0,0,0,0
ihdp,0.3,168,balanced,0.29999999999999954,0.26863272858312387,0.361043899634535,0.09241117105141111,True,2.7693540193991613,2.7693540193991613,2.7693540193991613,0.014559808431789016,0.004540860633631234,,,,0.19858638590645172,0.013597598220510244,0.582264285142736,0,0,0,0
ihdp,0.3,168,ldm,0.29999999999999954,0.2741674493833184,0.36139887474010035,0.08723142535678197,True,2.7312406666380715,2.7312406666380715,2.7312406666380715,0.013130154915527633,0.002976796315285305,,,,0.19874905037703858,0.01376066364319177,0.5823200751987068,0,0,0,0
ihdp,0.3,168,sprl,0.29999999999999954,0.26054523982395605,0.3573948048060107,0.09684956498205466,True,0.9366284505175102,0.9366284505175102,0.9366284505175102,0.021967705611305215,0.007692935657210414,,,,0.1942281058677294,0.028519001301846196,0.5736034061782808,0,0,0,0
ihdp,0.3,169,raw,0.2999999999999999,0.22968104473824513,0.3636168876029431,0.13393584286469795,True,0.8938961140591475,0.8938961140591475,0.8938961140591475,,,,,,0.2312576314234967,0.01629916158456768,0.6546416514841042,0,0,0,0
ihdp,0.3,169,balanced,0.2999999999999999,0.23354210724284877,0.36669303903696937,0.1331509317941206,True,1.1297895873272872,1.1297895873272872,1.1297895873272872,0.013507805381202834,0.00363050095060912,,,,0.2357304266160865,0.007084979936216717,0.6640549422975897,0,0,0,0
ihdp,0.3,169,ldm,0.2999999999999999,0.23014802764347633,0.3631009208029525,0.13295289315947614,True,0.8118663566271853,0.8118663566271853,0.8118663566271853,0.013838446930926557,0.004138272486889959,,,,0.2363891703842147,0.013326714082522503,0.6652740967890931,0,0,0,0
ihdp,0.3,169,sprl,0.2999999999999999,0.22151200509531263,0.3609071635807265,0.13939515848541387,True,0.8190588269535194,0.8190588269535194,0.8190588269535194,0.01598381365098162,0.0031275679926592325,,,,0.23380487846330525,0.035801338069072555,0.6600570244049455,0,0,0,0
ihdp,0.3,170,raw,0.3000000000000005,0.23473097915611485,0.34609512527464037,0.11136414611852552,True,1.9965148627583365,1.9965148627583365,1.9965148627583365,,,,,,0.21374886345368682,0.01777726406763151,0.6167335841110535,0,0,0,0
ihdp,0.3,170,balanced,0.3000000000000005,0.246499811109022,0.3541167485918651,0.1076169374828431,True,2.0070268090622285,2.0070268090622285,2.0070268090622285,0.012982924005823253,0.00311188363987449,,,,0.2194556602628714,0.0127271833796306,0.629143675027668,0,0,0,0
ihdp,0.3,170,ldm,0.3000000000000005,0.2499875627968317,0.3529412251343398,0.10295366233750808,True,1.8736639587963133,1.8736639587963133,1.8736639587963133,0.013289771559289173,0.003279395907381815,,,,0.21989507697103172,0.014982096598896174,0.6302540334812958,0,0,0,0
ihdp,0.3,170,sprl,0.3000000000000005,0.22577090970672867,0.3429369685088844,0.11716605880215572,True,0.8523472427281807,0.8523472427281807,0.8523472427281807,0.02177277731384835,0.01571527845240633,,,,0.21642881541476522,0.03810100336185322,0.6232864711625627,0,0,0,0
ihdp,0.3,171,raw,0.3000000000000003,0.27503478358317995,0.35954009421340954,0.08450531063022959,True,1.4043103056799806,1.4043103056799806,1.4043103056799806,,,,,,0.18124311289989586,0.010648692647120398,0.5406353146659015,0,0,0,0
ihdp,0.3,171,balanced,0.3000000000000003,0.2672015496379241,0.3572016029500109,0.09000005331208683,True,3.941531204130777,3.941531204130777,3.941531204130777,0.013500949282321624,0.0035613261799922113,,,,0.1836446299726259,0.012203759417551282,0.5464667707473807,0,0,0,0
ihdp,0.3,171,ldm,0.3000000000000003,0.27298978615436437,0.3539207673089414,0.08093098115457703,True,3.789455455928043,3.789455455928043,3.789455455928043,0.01354407604127411,0.003370981216273971,,,,0.18365439160256639,0.007002763640919528,0.5463306607415871,0,0,0,0
ihdp,0.3,171,sprl,0.3000000000000003,0.24496095006114646,0.34075427768291977,0.09579332762177331,True,1.499659475156618,1.499659475156618,1.499659475156618,0.019955445082279134,0.014177383776533853,,,,0.1817379008375817,0.015406895960198045,0.5428097621579704,0,0,0,0
ihdp,0.3,172,raw,0.29999999999999916,0.22971564838908262,0.3578000814462469,0.1280844330571643,True,0.9101985880339502,0.9101985880339502,0.9101985880339502,,,,,,0.22615128015458494,0.014980873786702119,0.6437100735715161,0,0,0,0
ihdp,0.3,172,balanced,0.29999999999999916,0.23148583583005267,0.3544467696842376,0.12296093385418494,True,0.8120337857783573,0.8120337857783573,0.8120337857783573,0.013532580785548802,0.0034351368574769125,,,,0.22925671600661313,0.009263883295757266,0.6499843595376293,0,0,0,0
ihdp,0.3,172,ldm,0.29999999999999916,0.23353281575591217,0.35461142325497724,0.12107860749906507,True,0.7859891781772468,0.7859891781772468,0.7859891781772468,0.01563448740532895,0.005347752688915282,,,,0.22938617763459382,0.005403918971832527,0.6503039320627262,0,0,0,0
ihdp,0.3,172,sprl,0.29999999999999916,0.22475970429211775,0.347657440743232,0.12289773645111426,True,1.0313295503015112,1.0313295503015112,1.0313295503015112,0.026507564163240134,0.021354769126575406,,,,0.22842623334331102,0.017812006528450875,0.6486847921379686,0,0,0,0
ihdp,0.3,173,raw,0.2999999999999998,0.25212081365134426,0.361214175376169,0.10909336172482476,True,1.0108836119691818,1.0108836119691818,1.0108836119691818,,,,,,0.19356424752595008,0.013098443229247619,0.5699003368729488,0,0,0,0
ihdp,0.3,173,balanced,0.2999999999999998,0.24916710103629752,0.35933825984277135,0.11017115880647382,True,3.2389868831470014,3.2389868831470014,3.2389868831470014,0.013458823589994435,0.003561921354381051,,,,0.19644014091457584,0.009162331715780585,0.5768122499715209,0,0,0,0
ihdp,0.3,173,ldm,0.2999999999999998,0.24887364066471174,0.3558340385723857,0.10696039790767398,True,2.6837728710415227,2.6837728710415227,2.6837728710415227,0.01502804593275394,0.005341270855650557,,,,0.19745253906154564,0.008376269768997954,0.5791556960955638,0,0,0,0
ihdp,0.3,173,sprl,0.2999999999999998,0.24298802793663568,0.35708542973719,0.1140974018005543,True,1.0776960659139034,1.0776960659139034,1.0776960659139034,0.05113248704490603,0.048132783831939904,,,,0.19461634084984333,0.021814007966772023,0.572582212797983,0,0,0,0
ihdp,0.3,174,raw,0.2999999999999993,0.24986617553396973,0.36254654720530693,0.11268037167133721,True,0.8675000215299457,0.8675000215299457,0.8675000215299457,,,,,,0.23053176149291213,0.01903783210105038,0.6524442745700727,0,0,0,0
ihdp,0.3,174,balanced,0.2999999999999993,0.23664139601534262,0.3503925551109341,0.11375115909559147,True,1.3099041095908017,1.3099041095908017,1.3099041095908017,0.012405503277557128,0.0024789836687168923,,,,0.23237871666199972,0.012206289662063288,0.6566317038735249,0,0,0,0
ihdp,0.3,174,ldm,0.2999999999999993,0.2371243838122329,0.34795325953897566,0.11082887572674277,True,1.0450582540331994,1.0450582540331994,1.0450582540331994,0.014269797691766643,0.00391744544407632,,,,0.23281140673423675,0.012614692720283736,0.6575886439182884,0,0,0,0
ihdp,0.3,174,sprl,0.2999999999999993,0.24421309048472545,0.35481894463795505,0.1106058541532296,True,0.7568012818541845,0.7568012818541845,0.7568012818541845,0.02201795635982157,0.013748163555506177,,,,0.23399829154149207,0.04154703432099975,0.6604727463808736,0,0,0,0
ihdp,0.3,175,raw,0.29999999999999977,0.2491829369923482,0.36190532411089366,0.11272238711854546,True,1.7537169665348715,1.7537169665348715,1.7537169665348715,,,,,,0.22603933150481745,0.015137637334784567,0.6432220746662104,0,0,0,0
ihdp,0.3,175,balanced,0.29999999999999977,0.25038159856370085,0.3715095173551241,0.12112791879142326,True,1.1747332401838078,1.1747332401838078,1.1747332401838078,0.012606022069262961,0.0026055365010128877,,,,0.23266297209711856,0.017346330015188167,0.6575217485190026,0,0,0,0
ihdp,0.3,175,ldm,0.29999999999999977,0.25077516092319146,0.3699352464441711,0.11916008552097962,True,0.8368607441361602,0.8368607441361602,0.8368607441361602,0.01331289107046855,0.003448742710012346,,,,0.23241616479487748,0.012889806558726326,0.6569035358311921,0,0,0,0
ihdp,0.3,175,sprl,0.29999999999999977,0.2444832922537772,0.36746128863583133,0.12297799638205412,True,0.8578774353160711,0.8578774353160711,0.8578774353160711,0.014272625919069398,0.005874786977534604,,,,0.22927886944710318,0.03696192396548834,0.6504478495240718,0,0,0,0
ihdp,0.3,176,raw,0.3000000000000009,0.23901526655164493,0.3830358623390118,0.1440205957873669,True,0.876420066085351,0.876420066085351,0.876420066085351,,,,,,0.21476501654981997,0.00996390368514916,0.6182126544170174,0,0,0,0
ihdp,0.3,176,balanced,0.3000000000000009,0.24490428572625397,0.3893685451753166,0.14446425944906263,True,1.8919817621357762,1.8919817621357762,1.8919817621357762,0.016266793401281274,0.0059596630682569145,,,,0.21906786355459476,0.008607330402919602,0.6275847797548496,0,0,0,0
ihdp,0.3,176,ldm,0.3000000000000009,0.2428714934287087,0.3843933480205942,0.14152185459188552,True,1.4740723721022093,1.4740723721022093,1.4740723721022093,0.01442120807187323,0.005117020799025588,,,,0.221166331772167,0.00839927724839078,0.6322836328385736,0,0,0,0
ihdp,0.3,176,sprl,0.3000000000000009,0.2461070371574974,0.38765116342139183,0.14154412626389443,True,0.8067223118413869,0.8067223118413869,0.8067223118413869,0.0274569253081924,0.026266282427571515,,,,0.21730651500883,0.02240712226468755,0.624526158107523,0,0,0,0
ihdp,0.3,177,raw,0.30000000000000093,0.23420506367364882,0.36508265246168414,0.13087758878803532,True,0.9943286964051392,0.9943286964051392,0.9943286964051392,,,,,,0.22318279367576588,0.011585556253682008,0.6370557093279282,0,0,0,0
ihdp,0.3,177,balanced,0.30000000000000093,0.24044601909146912,0.3687531239810999,0.12830710488963076,True,0.7531313977996074,0.7531313977996074,0.7531313977996074,0.013618947199077002,0.0037091934339327152,,,,0.2305539776113771,0.009043428474571723,0.6528430708432664,0,0,0,0
ihdp,0.3,177,ldm,0.30000000000000093,0.23991865981926952,0.3671006679717578,0.12718200815248826,True,0.79377761740351,0.79377761740351,0.79377761740351,0.01404588301033387,0.003951781905031334,,,,0.2307928693424954,0.0082834201662629,0.6534544219994006,0,0,0,0
ihdp,0.3,177,sprl,0.30000000000000093,0.24718439972894357,0.3767858090503535,0.12960140932140995,True,0.8573560040166962,0.8573560040166962,0.8573560040166962,0.01676985701375399,0.008669506450972664,,,,0.2262719245133618,0.03581698825824872,0.6438457582062339,0,0,0,0
ihdp,0.3,178,raw,0.30000000000000016,0.23893934880824122,0.36641435022434954,0.12747500141610832,True,0.8351520394244694,0.8351520394244694,0.8351520394244694,,,,,,0.22410070800924864,0.015267741930825638,0.6393066805829383,0,0,0,0
ihdp,0.3,178,balanced,0.30000000000000016,0.24369358917966566,0.3695986669339592,0.12590507775429355,True,1.4507690434100107,1.4507690434100107,1.4507690434100107,0.012832114834772588,0.0033256562055133557,,,,0.2252165111947486,0.012874932999293877,0.6416988692377751,0,0,0,0
ihdp,0.3,178,ldm,0.30000000000000016,0.23876966438682848,0.36601391914565573,0.12724425475882725,True,1.206846905972755,1.206846905972755,1.206846905972755,0.013207970219273795,0.0036752733698847996,,,,0.22597359290744107,0.012009546559024307,0.643301377524091,0,0,0,0
ihdp,0.3,178,sprl,0.30000000000000016,0.24263125187838985,0.369728365806087,0.12709711392769713,True,0.9945500438461391,0.9945500438461391,0.9945500438461391,0.0573954468585976,0.05100616081628059,,,,0.22755799530264376,0.029913570435817986,0.647046349263337,0,0,0,0
ihdp,0.3,179,raw,0.3000000000000007,0.25679065999900486,0.3573499704112547,0.10055931041224986,True,0.7709004038404296,0.7709004038404296,0.7709004038404296,,,,,,0.22437803214195023,0.019130055220568643,0.6395008965767143,0,0,0,0
ihdp,0.3,179,balanced,0.3000000000000007,0.24900957302406942,0.3586537422673649,0.10964416924329548,True,1.0212342081879417,1.0212342081879417,1.0212342081879417,0.012329223542578004,0.0022456918890264004,,,,0.22597856961493384,0.009531621884103407,0.6427029401628155,0,0,0,0
ihdp,0.3,179,ldm,0.3000000000000007,0.2542510739158338,0.35891461630192234,0.10466354238608855,True,0.9820139139294973,0.9820139139294973,0.9820139139294973,0.01390797499230399,0.003947422509262016,,,,0.2260033550917896,0.011678727328088903,0.6427865040365681,0,0,0,0
ihdp,0.3,179,sprl,0.3000000000000007,0.24850613185307793,0.35447931804709487,0.10597318619401694,True,0.8317188975338442,0.8317188975338442,0.8317188975338442,0.028783094184610048,0.014274915214304594,,,,0.2278407509990005,0.031397563492236095,0.6472486032914637,0,0,0,0
ihdp,0.3,180,raw,0.2999999999999998,0.23558387055566446,0.3487286759011979,0.11314480534553342,True,0.8129015533001352,0.8129015533001352,0.8129015533001352,,,,,,0.22564561338878256,0.019000455930421548,0.6428647517197575,0,0,0,0
ihdp,0.3,180,balanced,0.2999999999999998,0.23353968742991857,0.34838203692464015,0.11484234949472158,True,1.2624933611093274,1.2624933611093274,1.2624933611093274,0.0129522337137389,0.002901805028623144,,,,0.22522332939179374,0.01831368215839577,0.6417690166607325,0,0,0,0
ihdp,0.3,180,ldm,0.2999999999999998,0.2421113995544558,0.34955212261855007,0.10744072306409427,True,1.1581963562433082,1.1581963562433082,1.1581963562433082,0.015629555369811202,0.006778370609986548,,,,0.22521958416732496,0.012926063091340288,0.641605426653823,0,0,0,0
ihdp,0.3,180,sprl,0.2999999999999998,0.22450225204438604,0.33934729480333153,0.1148450427589455,True,0.7514870475048353,0.7514870475048353,0.7514870475048353,0.01873861222567339,0.0069408293338934935,,,,0.22718942921693855,0.024763066923114193,0.6459738407517434,0,0,0,0
ihdp,0.3,181,raw,0.2999999999999997,0.2385220122430043,0.3805945122117727,0.14207249996876842,True,2.1573960949792994,2.1573960949792994,2.1573960949792994,,,,,,0.23335182416948919,0.009704587878431661,0.6587858591779245,0,0,0,0
ihdp,0.3,181,balanced,0.2999999999999997,0.251062353716529,0.3877454929306609,0.1366831392141319,True,1.0877406493298019,1.0877406493298019,1.0877406493298019,0.013068587212951741,0.002922750629902698,,,,0.23407102914851402,0.00913881270224611,0.6601485320052165,0,0,0,0
ihdp,0.3,181,ldm,0.2999999999999997,0.2482109232621369,0.3850961289573395,0.13688520569520263,True,0.9414927413719182,0.9414927413719182,0.9414927413719182,0.016064850861025486,0.0068185824981542974,,,,0.23456667661339178,0.005854887562299632,0.6610922978800705,0,0,0,0
ihdp,0.3,181,sprl,0.2999999999999997,0.24218380569136652,0.3840259643449553,0.14184215865358876,True,1.017893472675965,1.017893472675965,1.017893472675965,0.014805549755915524,0.003772807674162381,,,,0.23584688776257395,0.028398081807372622,0.6641882630447057,0,0,0,0
ihdp,0.3,182,raw,0.30000000000000077,0.24677137352244444,0.34409016131471754,0.0973187877922731,True,1.6472652109950388,1.6472652109950388,1.6472652109950388,,,,,,0.22568886266341648,0.010497914462959173,0.6420327808055722,0,0,0,0
ihdp,0.3,182,balanced,0.30000000000000077,0.25016013772260687,0.3520907412217155,0.10193060349910865,True,1.3845746391948146,1.3845746391948146,1.3845746391948146,0.01286747920546257,0.0033216348369016217,,,,0.22818810223457864,0.004442320011233463,0.6473253715197096,0,0,0,0
ihdp,0.3,182,ldm,0.30000000000000077,0.25267737098380727,0.35110390332662655,0.09842653234281928,True,1.324425942273017,1.324425942273017,1.324425942273017,0.013494321867586836,0.0037023967531127143,,,,0.22821856398147175,0.004989313599046042,0.6474734212038952,0,0,0,0
ihdp,0.3,182,sprl,0.30000000000000077,0.2446422497475288,0.3480849957081438,0.10344274596061498,True,0.7892319556705982,0.7892319556705982,0.7892319556705982,0.020113343351374026,0.012975463671130547,,,,0.2286139607054757,0.027619318741576963,0.6487416468557791,0,0,0,0
ihdp,0.3,183,raw,0.3000000000000003,0.24094593121619806,0.3631322553992908,0.12218632418309272,True,1.5871818240685869,1.5871818240685869,1.5871818240685869,,,,,,0.2231097707633489,0.016267108656974505,0.6365360619531235,0,0,0,0
ihdp,0.3,183,balanced,0.3000000000000003,0.22607887444223598,0.3514884948381298,0.1254096203958938,True,0.7830186622672758,0.7830186622672758,0.7830186622672758,0.011942940674766245,0.0022870158333928425,,,,0.22556963696013427,0.018920680790637228,0.6419510869528875,0,0,0,0
ihdp,0.3,183,ldm,0.3000000000000003,0.22628959504454474,0.3504934420420007,0.12420384699745599,True,0.7833594120688974,0.7833594120688974,0.7833594120688974,0.014024571988894317,0.004883149936574243,,,,0.22552342591799185,0.019505304393707783,0.6418606860259599,0,0,0,0
ihdp,0.3,183,sprl,0.3000000000000003,0.21037494400407378,0.3446000917847098,0.13422514778063602,True,0.8985141635603313,0.8985141635603313,0.8985141635603313,0.017709755113807627,0.0044219077396895875,,,,0.2259172022656411,0.038898256244765006,0.6435137979584016,0,0,0,0
ihdp,0.3,184,raw,0.3000000000000009,0.26027902967939415,0.3534841596708706,0.09320512999147645,True,0.840484356387672,0.840484356387672,0.840484356387672,,,,,,0.22358937011810823,0.013193923645536234,0.6372191877627338,0,0,0,0
ihdp,0.3,184,balanced,0.3000000000000009,0.2588438556037932,0.35665186048940306,0.09780800488560987,True,1.2811523337236794,1.2811523337236794,1.2811523337236794,0.013142234811506904,0.003690934788398318,,,,0.22606929402086817,0.013072765871462852,0.6427514497278174,0,0,0,0
ihdp,0.3,184,ldm,0.3000000000000009,0.26470735405736323,0.35623347759803936,0.09152612354067613,True,1.0919793278007026,1.0919793278007026,1.0919793278007026,0.01372974127304677,0.004401935547647119,,,,0.2264104001590077,0.011924233886815624,0.6435505270668206,0,0,0,0
ihdp,0.3,184,sprl,0.3000000000000009,0.2610104234608,0.3572254316318464,0.09621500817104639,True,0.8818429020428652,0.8818429020428652,0.8818429020428652,0.014840029544566183,0.006691460666390219,,,,0.2257138063931182,0.019431192842857353,0.6418109055891272,0,0,0,0
ihdp,0.3,185,raw,0.29999999999999993,0.25706780116924544,0.3722393885839998,0.11517158741475436,True,0.977674125525051,0.977674125525051,0.977674125525051,,,,,,0.22467120453576891,0.007883280509937642,0.6396621512175273,0,0,0,0
ihdp,0.3,185,balanced,0.29999999999999993,0.2649417264784147,0.38132182911786694,0.11638010263945225,True,1.2643372737065666,1.2643372737065666,1.2643372737065666,0.013383114940102712,0.0036107547668452946,,,,0.2284176990905146,0.014603748713870145,0.6478165710084323,0,0,0,0
ihdp,0.3,185,ldm,0.29999999999999993,0.26348204236116823,0.37989083072957786,0.11640878836840962,True,1.0149809870950037,1.0149809870950037,1.0149809870950037,0.013480993434468083,0.003479950775962849,,,,0.22922660201587286,0.012905329906623544,0.6497324750382166,0,0,0,0
ihdp,0.3,185,sprl,0.29999999999999993,0.2627190766993911,0.3748783846322257,0.11215930793283463,True,0.9963256598133883,0.9963256598133883,0.9963256598133883,0.024990293018622812,0.011914284290153964,,,,0.22768333059019696,0.020076483669701425,0.6467652509368073,0,0,0,0
ihdp,0.3,186,raw,0.30000000000000093,0.24510276183012802,0.33878006069973904,0.09367729886961101,True,0.7859360213040457,0.7859360213040457,0.7859360213040457,,,,,,0.19700146324445392,0.008161509946270023,0.5778635265049746,0,0,0,0
ihdp,0.3,186,balanced,0.30000000000000093,0.2665550504064203,0.36108701286296085,0.09453196245654055,True,2.7926672529491676,2.7926672529491676,2.7926672529491676,0.012681109727843904,0.0028579674911587455,,,,0.19920220506710934,0.010558544580986994,0.5827520591818899,0,0,0,0
ihdp,0.3,186,ldm,0.30000000000000093,0.25446553873180366,0.3492467462353316,0.09478120750352792,True,2.6761913370020913,2.6761913370020913,2.6761913370020913,0.013065249333101355,0.0034243556037020584,,,,0.19900688443720219,0.008871622929355569,0.582280945878702,0,0,0,0
ihdp,0.3,186,sprl,0.30000000000000093,0.24495516207209134,0.3473768681173486,0.10242170604525724,True,0.8262407444226308,0.8262407444226308,0.8262407444226308,0.021527527919468607,0.008990905700621886,,,,0.19906946105775983,0.02555670182371384,0.5826766078638009,0,0,0,0
ihdp,0.3,187,raw,0.29999999999999927,0.24606214869313195,0.3599345470700833,0.11387239837695137,True,1.2085603889322338,1.2085603889322338,1.2085603889322338,,,,,,0.22586854127727296,0.015509501651517675,0.642671364596537,0,0,0,0
ihdp,0.3,187,balanced,0.29999999999999927,0.24210668598015883,0.34884350295113337,0.10673681697097454,True,1.3477164599021851,1.3477164599021851,1.3477164599021851,0.015327396245852708,0.004741639993389025,,,,0.22804720234399262,0.009832025388946555,0.6473180686971055,0,0,0,0
ihdp,0.3,187,ldm,0.29999999999999927,0.24068179641306386,0.3472468890031448,0.10656509259008096,True,1.2537061622502617,1.2537061622502617,1.2537061622502617,0.01336835378968587,0.0029155912946969087,,,,0.22875954766007325,0.014131930723975462,0.6488011767940701,0,0,0,0
ihdp,0.3,187,sprl,0.29999999999999927,0.22928506703673243,0.3413082165461751,0.11202314950944267,True,0.774461230837259,0.774461230837259,0.774461230837259,0.014953827429912837,0.004786206371983852,,,,0.22768312834267918,0.031684215245968754,0.6468226291042065,0,0,0,0
ihdp,0.3,188,raw,0.3000000000000012,0.26801376366635465,0.3608989176911309,0.09288515402477626,True,1.2458771410209022,1.2458771410209022,1.2458771410209022,,,,,,0.2222606305060656,0.015891805636093957,0.634846346322537,0,0,0,0
ihdp,0.3,188,balanced,0.3000000000000012,0.2745970489528159,0.3731886127417349,0.09859156378891903,True,1.3003290987881009,1.3003290987881009,1.3003290987881009,0.013753006247052047,0.003917955065222268,,,,0.23044245866399787,0.017839051759350896,0.6526491640639831,0,0,0,0
ihdp,0.3,188,ldm,0.3000000000000012,0.2754168507944253,0.37189121793034674,0.09647436713592145,True,1.0658396900533758,1.0658396900533758,1.0658396900533758,0.013455931181473141,0.0037316350672516947,,,,0.23100846563387842,0.016435500329139315,0.653747405412996,0,0,0,0
ihdp,0.3,188,sprl,0.3000000000000012,0.2679535668479089,0.36813381498654296,0.10018024813863408,True,0.9049847474686213,0.9049847474686213,0.9049847474686213,0.01811723055497089,0.0070954632439398525,,,,0.22463512190585352,0.02520498091225668,0.640008858486309,0,0,0,0
ihdp,0.3,189,raw,0.2999999999999996,0.2256259732767564,0.358544417423244,0.1329184441464876,True,0.8190358242991226,0.8190358242991226,0.8190358242991226,,,,,,0.22287161345873188,0.01578549357974186,0.6359198386762631,0,0,0,0
ihdp,0.3,189,balanced,0.2999999999999996,0.22249166991315425,0.3604135899787611,0.13792192006560686,True,1.3618531518027104,1.3618531518027104,1.3618531518027104,0.012941508912273515,0.0029335828093567983,,,,0.23147540555177928,0.011501913001418331,0.6543503144251512,0,0,0,0
ihdp,0.3,189,ldm,0.2999999999999996,0.22475613479620052,0.35733413431646716,0.13257799952026664,True,0.9581963741010293,0.9581963741010293,0.9581963741010293,0.014589581411466372,0.004517384784781106,,,,0.2311530721882704,0.007863772078068317,0.6536628017218129,0,0,0,0
ihdp,0.3,189,sprl,0.2999999999999996,0.2348670896526335,0.36383377688223784,0.12896668722960433,True,0.8074901949813351,0.8074901949813351,0.8074901949813351,0.0297228422942284,0.016703573941075196,,,,0.2260943785628364,0.032874799844718444,0.6432175171600076,0,0,0,0
ihdp,0.3,190,raw,0.29999999999999993,0.2536592158871111,0.3465716038803515,0.09291238799324042,True,0.9749103938581656,0.9749103938581656,0.9749103938581656,,,,,,0.18191911038675526,0.0162165328759905,0.5403429129594777,0,0,0,0
ihdp,0.3,190,balanced,0.29999999999999993,0.267764308401888,0.3581159085642652,0.0903516001623772,True,3.428052586391042,3.428052586391042,3.428052586391042,0.013011203035693884,0.0028829592789120055,,,,0.1832482541753933,0.024972749410269567,0.5436449218593238,0,0,0,0
ihdp,0.3,190,ldm,0.29999999999999993,0.2604341303726509,0.3513447925885685,0.09091066221591759,True,3.38262484009433,3.38262484009433,3.38262484009433,0.013561976832147644,0.0036134874452489634,,,,0.18277854698921078,0.016601652914884586,0.5426517771137799,0,0,0,0
ihdp,0.3,190,sprl,0.29999999999999993,0.2516436514158191,0.3497361760690967,0.09809252465327756,True,1.2554375109800613,1.2554375109800613,1.2554375109800613,0.015536486725210312,0.002784049705563769,,,,0.1847679885448408,0.0381408732963369,0.5483975266433343,0,0,0,0
ihdp,0.3,191,raw,0.29999999999999905,0.23480465582573298,0.3920820564775814,0.1572774006518484,True,2.674955256883182,2.674955256883182,2.674955256883182,,,,,,0.22755182111092226,0.01376755262629256,0.6456507635643706,0,0,0,0
ihdp,0.3,191,balanced,0.29999999999999905,0.24072883370511186,0.402512247565872,0.16178341386076014,True,1.0799241328392668,1.0799241328392668,1.0799241328392668,0.01340176107780747,0.003517043112290238,,,,0.2305269535388662,0.01610583059026941,0.6519900432437941,0,0,0,0
ihdp,0.3,191,ldm,0.29999999999999905,0.2387831929363059,0.39953147912965925,0.16074828619335335,True,0.956046843119409,0.956046843119409,0.956046843119409,0.01294186304917333,0.0031053345166162693,,,,0.23042349563690986,0.015263138084974098,0.6518507034435174,0,0,0,0
ihdp,0.3,191,sprl,0.29999999999999905,0.25071354350420616,0.41354629230648277,0.1628327488022766,True,0.7527604145991649,0.7527604145991649,0.7527604145991649,0.01903587809273606,0.012599516725126077,,,,0.23332151241366256,0.039640123703055745,0.658768085368746,0,0,0,0
ihdp,0.3,192,raw,0.3000000000000005,0.23317022573790408,0.35918160699882073,0.12601138126091666,True,0.7712548360812782,0.7712548360812782,0.7712548360812782,,,,,,0.23033530868747085,0.022700461569784336,0.6528280502445352,0,0,0,0
ihdp,0.3,192,balanced,0.3000000000000005,0.23337533084625553,0.3701606136448801,0.1367852827986246,True,0.8491082032859749,0.8491082032859749,0.8491082032859749,0.01343053080292655,0.0031809703578543156,,,,0.23140793998697945,0.024471058298563587,0.6550198783955571,0,0,0,0
ihdp,0.3,192,ldm,0.3000000000000005,0.23429466698761808,0.36906196825604987,0.13476730126843178,True,0.7599997559104932,0.7599997559104932,0.7599997559104932,0.013406078414485156,0.0032240962404383937,,,,0.23203431470600017,0.024687835929466523,0.6563468462629442,0,0,0,0
ihdp,0.3,192,sprl,0.3000000000000005,0.2249545882251527,0.36196850371286926,0.13701391548771655,True,1.0942512371303008,1.0942512371303008,1.0942512371303008,0.017095885941898755,0.0061078117478827396,,,,0.23521375887525237,0.034788581812150984,0.6637582000991797,0,0,0,0
ihdp,0.3,193,raw,0.30000000000000004,0.2506549794294157,0.37377131452484175,0.12311633509542602,True,0.8293071904405869,0.8293071904405869,0.8293071904405869,,,,,,0.22725672630371282,0.010819801846448136,0.6458052945960246,0,0,0,0
ihdp,0.3,193,balanced,0.30000000000000004,0.2605937667739327,0.38039852922131456,0.11980476244738186,True,1.0561984280760557,1.0561984280760557,1.0561984280760557,0.012543616901439023,0.002480140656647911,,,,0.2301769369752362,0.010813627188336538,0.6521682892991696,0,0,0,0
ihdp,0.3,193,ldm,0.30000000000000004,0.26108015952221575,0.37937519932024477,0.11829503979802902,True,0.860907802859434,0.860907802859434,0.860907802859434,0.01281380231190505,0.002641149395634939,,,,0.231206869386236,0.010540857680579208,0.6543524824009551,0,0,0,0
ihdp,0.3,193,sprl,0.30000000000000004,0.2572121831715609,0.3777336891240202,0.1205215059524593,True,0.8686972562064783,0.8686972562064783,0.8686972562064783,0.02190001543688379,0.014811330546677083,,,,0.2299063076016516,0.013986082571734984,0.6515474958698222,0,0,0,0
ihdp,0.3,194,raw,0.29999999999999943,0.2631773589205538,0.36584254678799305,0.10266518786743922,True,1.0808420751840766,1.0808420751840766,1.0808420751840766,,,,,,0.18252527189968454,0.015953027388440892,0.5429023516525096,0,0,0,0
ihdp,0.3,194,balanced,0.29999999999999943,0.25906019885852855,0.3583918274283116,0.09933162856978306,True,3.8281742511452808,3.8281742511452808,3.8281742511452808,0.012943480612229599,0.002944768800177921,,,,0.18543745967693354,0.012335089289801536,0.5496362787212973,0,0,0,0
ihdp,0.3,194,ldm,0.29999999999999943,0.26102442098233686,0.3573108085605701,0.09628638757823327,True,3.5796602970108458,3.5796602970108458,3.5796602970108458,0.013042944164997971,0.0030058378178677565,,,,0.18638598518055582,0.013126653095323218,0.5521604533498065,0,0,0,0
ihdp,0.3,194,sprl,0.29999999999999943,0.2467734017908926,0.3540549635930174,0.10728156180212481,True,0.8682696294980422,0.8682696294980422,0.8682696294980422,0.029639316634563956,0.019267566535166345,,,,0.18527867466082798,0.02764818575756845,0.5497916572722327,0,0,0,0
ihdp,0.3,195,raw,0.30000000000000043,0.2452972989708769,0.37269320146056806,0.12739590248969115,True,1.3990275005645232,1.3990275005645232,1.3990275005645232,,,,,,0.22865652294815395,0.015767609781836608,0.6488891714219406,0,0,0,0
ihdp,0.3,195,balanced,0.30000000000000043,0.25312098172076714,0.3876960191535457,0.13457503743277854,True,0.8519401462049165,0.8519401462049165,0.8519401462049165,0.012683189244695355,0.002619740390218008,,,,0.2327610323656584,0.013662630339124099,0.657681926883148,0,0,0,0
ihdp,0.3,195,ldm,0.30000000000000043,0.25625446547464914,0.38872552335251875,0.1324710578778696,True,0.8436053156755604,0.8436053156755604,0.8436053156755604,0.01334935140605793,0.0032886627687593616,,,,0.23286761978551027,0.013849582762352625,0.6579207135804612,0,0,0,0
ihdp,0.3,195,sprl,0.30000000000000043,0.22990461013084787,0.3793577992028779,0.14945318907203,True,0.7527000538005535,0.7527000538005535,0.7527000538005535,0.015140014435116792,0.003660224763199435,,,,0.23343188410682428,0.03920510561791144,0.6599369102167726,0,0,0,0
ihdp,0.3,196,raw,0.30000000000000004,0.23369167732472007,0.3598425157030061,0.12615083837828606,True,1.0401040985160166,1.0401040985160166,1.0401040985160166,,,,,,0.20840119150035058,0.016829900975751627,0.6041630318210999,0,0,0,0
ihdp,0.3,196,balanced,0.30000000000000004,0.23368367612519586,0.36107668200444343,0.12739300587924757,True,1.6895265822113223,1.6895265822113223,1.6895265822113223,0.013287533721134887,0.0032407544542700675,,,,0.21825742800109088,0.010816779116617072,0.6265347436984386,0,0,0,0
ihdp,0.3,196,ldm,0.30000000000000004,0.22813168086111965,0.35584555649749555,0.1277138756363759,True,1.4435111857093956,1.4435111857093956,1.4435111857093956,0.014304139079089416,0.0043068538919175435,,,,0.21919159206223093,0.008334012525786194,0.6287917132405694,0,0,0,0
ihdp,0.3,196,sprl,0.30000000000000004,0.2335492964007437,0.35576066481260016,0.12221136841185645,True,0.7471450384228185,0.7471450384228185,0.7471450384228185,0.03735757160985978,0.028798433629179054,,,,0.2105534470749209,0.023795969224637108,0.6092172328251474,0,0,0,0
ihdp,0.3,197,raw,0.2999999999999997,0.24170535488294304,0.35178097666036884,0.1100756217774258,True,1.3396392549381262,1.3396392549381262,1.3396392549381262,,,,,,0.20581451752356275,0.018758676347768517,0.5990579909454489,0,0,0,0
ihdp,0.3,197,balanced,0.2999999999999997,0.2421376310337816,0.35900708117815855,0.11686945014437694,True,2.1104373973513324,2.1104373973513324,2.1104373973513324,0.013070137516992937,0.0035721556425378467,,,,0.21278787288849535,0.013296138251254457,0.6144478052064803,0,0,0,0
ihdp,0.3,197,ldm,0.2999999999999997,0.23490720766636786,0.3443596206442037,0.10945241297783587,True,1.64864642594267,1.64864642594267,1.64864642594267,0.012965910062592957,0.003526571301448602,,,,0.2119925749667043,0.010620219453905845,0.6125665876030979,0,0,0,0
ihdp,0.3,197,sprl,0.2999999999999997,0.21987288017937026,0.3346238805811314,0.11475100040176114,True,0.9466661581787834,0.9466661581787834,0.9466661581787834,0.021973942129580128,0.006808765890183129,,,,0.20704071807858726,0.021936403098950414,0.6019526663422113,0,0,0,0
ihdp,0.3,198,raw,0.29999999999999943,0.23331680518526768,0.36115245835644527,0.1278356531711776,True,1.279684265871045,1.279684265871045,1.279684265871045,,,,,,0.2247267840435131,0.008581239954895466,0.6404359346665298,0,0,0,0
ihdp,0.3,198,balanced,0.29999999999999943,0.23972897509692362,0.3687638810342884,0.1290349059373648,True,0.9597100586789888,0.9597100586789888,0.9597100586789888,0.012397661933531316,0.002544874914722475,,,,0.23373878517060576,0.011641759927744268,0.6593503270588581,0,0,0,0
ihdp,0.3,198,ldm,0.29999999999999943,0.23370657033020706,0.3628856566999695,0.12917908636976247,True,0.9713420972117047,0.9713420972117047,0.9713420972117047,0.0134009702102012,0.0036650543260013536,,,,0.23331658970505795,0.011632621055122248,0.6585619519888178,0,0,0,0
ihdp,0.3,198,sprl,0.29999999999999943,0.23453332089625256,0.359659517817551,0.12512619692129845,True,0.7881196900696251,0.7881196900696251,0.7881196900696251,0.021238395679587727,0.011215713390234066,,,,0.22710587216324257,0.022801754454818954,0.6455757386714706,0,0,0,0
ihdp,0.3,199,raw,0.30000000000000016,0.2594814702875655,0.3562863028185674,0.09680483253100186,True,0.856047339525678,0.856047339525678,0.856047339525678,,,,,,0.22401122349652058,0.015857978776951036,0.6376655782408394,0,0,0,0
ihdp,0.3,199,balanced,0.30000000000000016,0.26166607827469074,0.35455458154082203,0.0928885032661313,True,1.334892665287182,1.334892665287182,1.334892665287182,0.013696997945657154,0.0036905528539338335,,,,0.2292160709340014,0.009267223928123385,0.6493738766639262,0,0,0,0
ihdp,0.3,199,ldm,0.30000000000000016,0.2607134491446017,0.35305527704065814,0.09234182789605644,True,1.1321706495280353,1.1321706495280353,1.1321706495280353,0.014046722986531318,0.0036985764227899496,,,,0.2290500120003886,0.00866983322995292,0.6490134601601852,0,0,0,0
ihdp,0.3,199,sprl,0.30000000000000016,0.2480982328300367,0.35122053541693504,0.10312230258689833,True,0.8222660581864213,0.8222660581864213,0.8222660581864213,0.01714213923384055,0.010011745502717651,,,,0.22795946919782073,0.03601274773075919,0.6468213066125598,0,0,0,0
ihdp,0.3,200,raw,0.30000000000000027,0.2553412631557675,0.34922052291162387,0.09387925975585637,True,1.4294197624996716,1.4294197624996716,1.4294197624996716,,,,,,0.22081140078683226,0.005913574230192528,0.6316579695752969,0,0,0,0
ihdp,0.3,200,balanced,0.30000000000000027,0.2506520213353077,0.3444059380160325,0.0937539166807248,True,1.7044585844575892,1.7044585844575892,1.7044585844575892,0.012715249899842712,0.0026937237816294533,,,,0.22183241704178053,0.009388220786283073,0.6338025197197283,0,0,0,0
ihdp,0.3,200,ldm,0.30000000000000027,0.25275445640591876,0.3443823969208218,0.09162794051490303,True,1.4499993265432727,1.4499993265432727,1.4499993265432727,0.012900873711471222,0.0033447190942370113,,,,0.22192738388401084,0.008870859453657199,0.6339719206537952,0,0,0,0
ihdp,0.3,200,sprl,0.30000000000000027,0.24503602939699975,0.3386862227531294,0.09365019335612962,True,0.8678284980132089,0.8678284980132089,0.8678284980132089,0.012749311097446675,0.002007988411576604,,,,0.22213738102665212,0.023159961798347672,0.6345443889779264,0,0,0,0
ihdp,0.5,101,raw,0.30000000000000104,0.237946471205486,0.38051477497359953,0.14256830376811352,True,0.7454451239062374,0.7454451239062374,0.7454451239062374,,,,,,0.20150606165637136,0.014406641937836211,0.588026780821556,0,0,0,0
ihdp,0.5,101,balanced,0.30000000000000104,0.23287989848794058,0.37826289960790366,0.14538300111996308,True,2.1989585081706284,2.1989585081706284,2.1989585081706284,0.013101029349585104,0.003069369972301235,,,,0.20729198106570715,0.017313100819952847,0.6010197796226443,0,0,0,0
ihdp,0.5,101,ldm,0.30000000000000104,0.23029814811712362,0.3691840734736615,0.13888592535653788,True,2.1351569698523245,2.1351569698523245,2.1351569698523245,0.015265668672387498,0.004703513990393821,,,,0.20680712274088792,0.01380006760185976,0.599799764090407,0,0,0,0
ihdp,0.5,101,sprl,0.30000000000000104,0.22336567935283533,0.3662136238814221,0.14284794452858676,True,0.6929153286873997,0.6929153286873997,0.6929153286873997,0.01936865413953008,0.006216235201773903,,,,0.20495316606403266,0.03853494300482673,0.596506353673888,0,0,0,0
ihdp,0.5,102,raw,0.3000000000000007,0.21888716769951252,0.40263495610835154,0.183747788408839,True,1.2902130876895683,1.2902130876895683,1.2902130876895683,,,,,,0.22127137433950902,0.014491142952902701,0.6329440165991594,0,0,0,0
ihdp,0.5,102,balanced,0.3000000000000007,0.21854471939879053,0.4075603949143668,0.18901567551557627,True,1.4157891677014913,1.4157891677014913,1.4157891677014913,0.012768341530583772,0.0026753116068668446,,,,0.2226824794628717,0.010901010859449516,0.6357332591295921,0,0,0,0
ihdp,0.5,102,ldm,0.3000000000000007,0.20902835249357157,0.4014786964794962,0.19245034398592462,True,1.1450319740845623,1.1450319740845623,1.1450319740845623,0.01360210444976828,0.0033797310464389403,,,,0.2247495155654187,0.007487022729031944,0.6402805540623345,0,0,0,0
ihdp,0.5,102,sprl,0.3000000000000007,0.21236857786785346,0.4072457478449178,0.19487716997706434,True,0.8075773595461766,0.8075773595461766,0.8075773595461766,0.023922528448709107,0.01621970891130894,,,,0.22418889967402497,0.032585700429392725,0.6391938989681819,0,0,0,0
ihdp,0.5,103,raw,0.29999999999999943,0.2210217749730183,0.41227463561648836,0.19125286064347005,True,0.8312239904826966,0.8312239904826966,0.8312239904826966,,,,,,0.2236978491975242,0.008443013042672637,0.6372085548227641,0,0,0,0
ihdp,0.5,103,balanced,0.29999999999999943,0.2232420559812204,0.41984215711586703,0.19660010113464663,True,0.9940290783688582,0.9940290783688582,0.9940290783688582,0.013085756284093716,0.002900816648593625,,,,0.22859356383667342,0.011363994261903486,0.6478237901008301,0,0,0,0
ihdp,0.5,103,ldm,0.29999999999999943,0.22543726312466741,0.41757107581132274,0.19213381268665533,True,0.8306354853551509,0.8306354853551509,0.8306354853551509,0.013566378491821234,0.0033384359702597123,,,,0.2299120586896962,0.01699469609282871,0.6507286550422466,0,0,0,0
ihdp,0.5,103,sprl,0.29999999999999943,0.1909150698609908,0.4095637102142672,0.21864864035327639,True,0.6490512687075732,0.6490512687075732,0.6490512687075732,0.01578067651464804,0.0039023555280875044,,,,0.22749037434100083,0.030502816166586146,0.6460840890289432,0,0,0,0
ihdp,0.5,104,raw,0.3,0.2436120129484461,0.4137348981545207,0.1701228852060746,True,2.1318079554007,2.1318079554007,2.1318079554007,,,,,,0.21645742839185877,0.018137225723668552,0.6220281388991888,0,0,0,0
ihdp,0.5,104,balanced,0.3,0.2608083820647437,0.4386850881503029,0.17787670608555917,True,1.4346988053349443,1.4346988053349443,1.4346988053349443,0.012761773588806204,0.0026600802272833375,,,,0.22061703585307296,0.012552668519790726,0.6313614268293928,0,0,0,0
ihdp,0.5,104,ldm,0.3,0.2567717990928042,0.4363955663380778,0.17962376724527362,True,1.2828430298589584,1.2828430298589584,1.2828430298589584,0.01383017770348081,0.003595768422470303,,,,0.22049535141688165,0.017867170750943805,0.6311527873358774,0,0,0,0
ihdp,0.5,104,sprl,0.3,0.2566101477435739,0.43527190922063075,0.17866176147705687,True,0.7396506387987023,0.7396506387987023,0.7396506387987023,0.02382812012987921,0.012253172133128145,,,,0.21885831898161368,0.018053050766745127,0.6274990622735114,0,0,0,0
ihdp,0.5,105,raw,0.29999999999999977,0.20789277345253354,0.43174207029060274,0.2238492968380692,True,0.7533374700162335,0.7533374700162335,0.7533374700162335,,,,,,0.22897287769548874,0.010103792378428421,0.6493972410565261,0,0,0,0
ihdp,0.5,105,balanced,0.29999999999999977,0.2070863587211178,0.428145031224154,0.22105867250303618,True,0.8013318512640047,0.8013318512640047,0.8013318512640047,0.012731659431606826,0.0029312012780646868,,,,0.2306290117321364,0.007928516459534183,0.6530360603717354,0,0,0,0
ihdp,0.5,105,ldm,0.29999999999999977,0.20657496810122644,0.4270296620243127,0.22045469392308625,True,0.6879153147644815,0.6879153147644815,0.6879153147644815,0.01448637270475644,0.00423219748768741,,,,0.23058885953599925,0.006660009231487386,0.6529149075933462,0,0,0,0
ihdp,0.5,105,sprl,0.29999999999999977,0.19557707061530494,0.42300111792391215,0.2274240473086072,True,0.6666691346885201,0.6666691346885201,0.6666691346885201,0.018334125612713387,0.01317786569406599,,,,0.23117779572892597,0.024235483826497727,0.6544087201742431,0,0,0,0
ihdp,0.5,106,raw,0.2999999999999993,0.21823186733328748,0.4005353088808557,0.18230344154756822,True,1.0581458407476105,1.0581458407476105,1.0581458407476105,,,,,,0.21183405177614428,0.02045832207342196,0.6113535394243037,0,0,0,0
ihdp,0.5,106,balanced,0.2999999999999993,0.21781136954323294,0.40141721675206465,0.18360584720883172,True,1.609983586789042,1.609983586789042,1.609983586789042,0.012465772216855573,0.0027358973415901643,,,,0.21248658624865374,0.01168354217489266,0.6127716582759668,0,0,0,0
ihdp,0.5,106,ldm,0.2999999999999993,0.21690205249462596,0.3965880823891184,0.17968602989449245,True,1.595620004147394,1.595620004147394,1.595620004147394,0.013257060365126066,0.0031842395056809426,,,,0.21267885123587185,0.014269260993427504,0.6132782026007031,0,0,0,0
ihdp,0.5,106,sprl,0.2999999999999993,0.1949279735938509,0.3953853499773766,0.20045737638352573,True,0.6065946653527683,0.6065946653527683,0.6065946653527683,0.013851725108118065,0.004982649449039362,,,,0.21322209649429943,0.0306189036696682,0.6149764121795241,0,0,0,0
ihdp,0.5,107,raw,0.30000000000000043,0.20733422787604022,0.4177313754682994,0.2103971475922592,True,0.7838352900928424,0.7838352900928424,0.7838352900928424,,,,,,0.23228981942356414,0.020656500076411538,0.6560984543051859,0,0,0,0
ihdp,0.5,107,balanced,0.30000000000000043,0.20273952927302324,0.4225820294962248,0.21984250022320156,True,0.8743906178986792,0.8743906178986792,0.8743906178986792,0.013924232818247697,0.0038283413443223795,,,,0.23411015848663505,0.009107593370355311,0.6598921625536763,0,0,0,0
ihdp,0.5,107,ldm,0.30000000000000043,0.19344500805844636,0.41171969805475317,0.2182746899963068,True,0.93375289259998,0.93375289259998,0.93375289259998,0.014749764211643864,0.0044529447645882125,,,,0.23428202429108588,0.01760449709751472,0.6602968931409755,0,0,0,0
ihdp,0.5,107,sprl,0.30000000000000043,0.21085445011266546,0.4181658683154121,0.20731141820274662,True,0.9139421427314517,0.9139421427314517,0.9139421427314517,0.030878795663852678,0.017187644372740424,,,,0.23688813626986294,0.046807854914163664,0.6667337779421064,0,0,0,0
ihdp,0.5,108,raw,0.2999999999999999,0.2078999273648541,0.40240791916430385,0.19450799179944975,True,1.02375617165061,1.02375617165061,1.02375617165061,,,,,,0.22579923434535923,0.0066137095373207284,0.641982414175178,0,0,0,0
ihdp,0.5,108,balanced,0.2999999999999999,0.21672083183870092,0.4111755276993041,0.19445469586060318,True,1.0199660847172445,1.0199660847172445,1.0199660847172445,0.01386886888789639,0.003941890225080357,,,,0.23028710501834868,0.01073472102636299,0.6517819919934577,0,0,0,0
ihdp,0.5,108,ldm,0.2999999999999999,0.21700484408940143,0.4072180167208343,0.19021317263143286,True,0.9092630829953988,0.9092630829953988,0.9092630829953988,0.01419063103650598,0.004140440705708102,,,,0.23073208805107592,0.010742457506247919,0.6526313146307959,0,0,0,0
ihdp,0.5,108,sprl,0.2999999999999999,0.2027514714293248,0.4060366403750492,0.20328516894572443,True,0.6224297055193376,0.6224297055193376,0.6224297055193376,0.02158271658186232,0.007699522505910573,,,,0.23080940177704473,0.039425692095992074,0.6535653166947056,0,0,0,0
ihdp,0.5,109,raw,0.2999999999999995,0.23007733655993529,0.39014226107067884,0.16006492451074356,True,0.8851179168551474,0.8851179168551474,0.8851179168551474,,,,,,0.20521261687885198,0.0166415016085414,0.5970013536355139,0,0,0,0
ihdp,0.5,109,balanced,0.2999999999999995,0.21449246134006772,0.38455229209758207,0.17005983075751435,True,2.141027148976856,2.141027148976856,2.141027148976856,0.013018547776121167,0.0033090667136511415,,,,0.2084642016672249,0.012859596124252795,0.6041575589513933,0,0,0,0
ihdp,0.5,109,ldm,0.2999999999999995,0.18978074023877367,0.3719803299549491,0.18219958971617545,True,1.681329393985839,1.681329393985839,1.681329393985839,0.01374510344635138,0.0034440049978129096,,,,0.2097045074217026,0.010623516211279245,0.6066460597964705,0,0,0,0
ihdp,0.5,109,sprl,0.2999999999999995,0.20498620928411068,0.38434516163816745,0.17935895235405677,True,0.6676101605054666,0.6676101605054666,0.6676101605054666,0.017502341047033788,0.003668481361960089,,,,0.20682938081565536,0.04011301795013255,0.6012349706310567,0,0,0,0
ihdp,0.5,110,raw,0.30000000000000004,0.22069889434085718,0.38653231352903394,0.16583341918817676,True,1.898594384259867,1.898594384259867,1.898594384259867,,,,,,0.21622461093234815,0.0070856430912100195,0.6212586250797769,0,0,0,0
ihdp,0.5,110,balanced,0.30000000000000004,0.22509501414796687,0.39675607753779496,0.1716610633898281,True,1.80268660443285,1.80268660443285,1.80268660443285,0.013811578155648542,0.003721782425699918,,,,0.21705724669046614,0.007067125943042091,0.6231116609662829,0,0,0,0
ihdp,0.5,110,ldm,0.30000000000000004,0.225581653577818,0.3965176206931817,0.17093596711536369,True,1.5072753828312921,1.5072753828312921,1.5072753828312921,0.01446792306455554,0.00413515333953458,,,,0.21798066952728823,0.00627056999840261,0.625185898231294,0,0,0,0
ihdp,0.5,110,sprl,0.30000000000000004,0.22343792246743732,0.3984865019660504,0.17504857949861308,True,0.6368783410100632,0.6368783410100632,0.6368783410100632,0.018580713142642907,0.010249465137078327,,,,0.21865363010861155,0.021365628935670546,0.6269987866163205,0,0,0,0
ihdp,0.5,111,raw,0.2999999999999996,0.20499720022456636,0.41362461173736254,0.20862741151279618,True,0.7493566115778171,0.7493566115778171,0.7493566115778171,,,,,,0.22642378790982284,0.011419956475178005,0.6441680818357699,0,0,0,0
ihdp,0.5,111,balanced,0.2999999999999996,0.19743372189132527,0.42051627498426936,0.22308255309294409,True,0.8231831609105001,0.8231831609105001,0.8231831609105001,0.01306042770173402,0.002797973344543941,,,,0.22978276712205278,0.012292506664575965,0.6515701865578641,0,0,0,0
ihdp,0.5,111,ldm,0.2999999999999996,0.19529178795941676,0.41519027991446966,0.2198984919550529,True,0.8378457896275585,0.8378457896275585,0.8378457896275585,0.014357559642625802,0.00418843813312723,,,,0.2295408848245097,0.010950758550288538,0.6509441479500505,0,0,0,0
ihdp,0.5,111,sprl,0.2999999999999996,0.20039351787547202,0.41415116574147204,0.21375764786600002,True,0.7474279724272056,0.7474279724272056,0.7474279724272056,0.029137242879808702,0.018699001113643976,,,,0.22841997524185814,0.023959056151587502,0.6486026423227302,0,0,0,0
ihdp,0.5,112,raw,0.30000000000000077,0.227959058328046,0.39084112995204706,0.16288207162400106,True,0.9109509022165092,0.9109509022165092,0.9109509022165092,,,,,,0.2169016873712107,0.025345118538334127,0.6230248453401424,0,0,0,0
ihdp,0.5,112,balanced,0.30000000000000077,0.22280500991941998,0.39289339467709816,0.17008838475767818,True,1.4064462179878057,1.4064462179878057,1.4064462179878057,0.013296218329962688,0.003129167156452931,,,,0.21669134621506772,0.016679251330219948,0.6220516459796472,0,0,0,0
ihdp,0.5,112,ldm,0.30000000000000077,0.22223999645795303,0.39421250253275286,0.17197250607479983,True,1.487710962474123,1.487710962474123,1.487710962474123,0.014568119713672912,0.004157019616640049,,,,0.2165617178099953,0.016660113832050013,0.6217176015838202,0,0,0,0
ihdp,0.5,112,sprl,0.30000000000000077,0.22440654860005643,0.3929533374431982,0.16854678884314178,True,0.6375467158881905,0.6375467158881905,0.6375467158881905,0.021757531759713622,0.015202683166757254,,,,0.22073453643488947,0.03899378231278889,0.6318079603646002,0,0,0,0
ihdp,0.5,113,raw,0.29999999999999993,0.24229428325343744,0.37205868967644,0.12976440642300258,True,0.8361750848561306,0.8361750848561306,0.8361750848561306,,,,,,0.1899968962416003,0.009588507251067272,0.5613387235752132,0,0,0,0
ihdp,0.5,113,balanced,0.29999999999999993,0.24420551106078814,0.3750441828795249,0.13083867181873676,True,2.584439198731499,2.584439198731499,2.584439198731499,0.01348275533914549,0.0033130246293927427,,,,0.19003951769016295,0.010998417135938233,0.5613050829539663,0,0,0,0
ihdp,0.5,113,ldm,0.29999999999999993,0.2473162599910719,0.37040660070741455,0.12309034071634264,True,2.5820576099334565,2.5820576099334565,2.5820576099334565,0.01364967464904263,0.0037688893188628854,,,,0.19017726499230944,0.01630677208987188,0.5615342563824887,0,0,0,0
ihdp,0.5,113,sprl,0.29999999999999993,0.23446254775358275,0.36973619847058525,0.1352736507170025,True,0.9268809859527299,0.9268809859527299,0.9268809859527299,0.01766100766832321,0.009540511039982238,,,,0.19264965989856792,0.04096921909153389,0.5675494797899215,0,0,0,0
ihdp,0.5,114,raw,0.3,0.20797392931025943,0.42188572897199283,0.2139117996617334,True,0.611573761549527,0.611573761549527,0.611573761549527,,,,,,0.23092639123096784,0.015520652549570144,0.6533198531375836,0,0,0,0
ihdp,0.5,114,balanced,0.3,0.20524921286478742,0.42941598702439343,0.224166774159606,True,0.7291798233744948,0.7291798233744948,0.7291798233744948,0.014811950710232722,0.0044735029774793985,,,,0.2348200371370381,0.009053495730597586,0.6616203601597803,0,0,0,0
ihdp,0.5,114,ldm,0.3,0.19735920837530158,0.4274002038002475,0.23004099542494594,True,0.6749973136398112,0.6749973136398112,0.6749973136398112,0.014331699133971745,0.004148420380138677,,,,0.23499686947268297,0.013160353646464343,0.6620850413596896,0,0,0,0
ihdp,0.5,114,sprl,0.3,0.211763428868652,0.42868785190243414,0.21692442303378215,True,0.6735842502041702,0.6735842502041702,0.6735842502041702,0.015437596343885628,0.007608392887048268,,,,0.2341792881327693,0.032165401273888304,0.6610252451176755,0,0,0,0
ihdp,0.5,115,raw,0.2999999999999998,0.24717940695527504,0.3940724523873606,0.14689304543208556,True,1.1515330059600521,1.1515330059600521,1.1515330059600521,,,,,,0.19591118812375735,0.013409329854402035,0.5750303607187577,0,0,0,0
ihdp,0.5,115,balanced,0.2999999999999998,0.24607394622210568,0.38992535929414157,0.1438514130720359,True,2.2906317695949387,2.2906317695949387,2.2906317695949387,0.01566908542001838,0.005824660928989559,,,,0.20097868522874623,0.007364303948179308,0.5870496062158096,0,0,0,0
ihdp,0.5,115,ldm,0.2999999999999998,0.2439049157482739,0.3852935169505639,0.14138860120229002,True,2.2098072016721964,2.2098072016721964,2.2098072016721964,0.013685467937107216,0.003339216444615701,,,,0.2004304600436657,0.008148844383885885,0.5857917648979616,0,0,0,0
ihdp,0.5,115,sprl,0.2999999999999998,0.2358615978298824,0.39634987189529314,0.16048827406541075,True,1.046660622553681,1.046660622553681,1.046660622553681,0.044549572234561796,0.04479727256480823,,,,0.19827805352122319,0.030531895249346908,0.581449659837109,0,0,0,0
ihdp,0.5,116,raw,0.3000000000000002,0.21654465256152147,0.4151451565974512,0.19860050403592974,True,0.8695918217566612,0.8695918217566612,0.8695918217566612,,,,,,0.22466214557969996,0.00651450352953235,0.6402731678325723,0,0,0,0
ihdp,0.5,116,balanced,0.3000000000000002,0.2309198004750912,0.43158570336051016,0.20066590288541897,True,0.752983375246194,0.752983375246194,0.752983375246194,0.012687899434468713,0.002803881955201837,,,,0.23165057607650064,0.009828661126026301,0.6553825182406259,0,0,0,0
ihdp,0.5,116,ldm,0.3000000000000002,0.21444739560221315,0.41312686496684226,0.1986794693646291,True,0.6827893070810804,0.6827893070810804,0.6827893070810804,0.014750819172762709,0.004136732038199829,,,,0.23037718864770904,0.008460928020731322,0.6528209926390321,0,0,0,0
ihdp,0.5,116,sprl,0.3000000000000002,0.20106792380067232,0.4085679549568258,0.20750003115615348,True,0.7251132564459525,0.7251132564459525,0.7251132564459525,0.02157580775742888,0.010683121912468698,,,,0.22762740406349571,0.025196581838160793,0.6468330481795017,0,0,0,0
ihdp,0.5,117,raw,0.3000000000000006,0.20475706662094145,0.4046043540099562,0.19984728738901475,True,1.9278765230175585,1.9278765230175585,1.9278765230175585,,,,,,0.22285561371669518,0.00749780303419877,0.6359197858930714,0,0,0,0
ihdp,0.5,117,balanced,0.3000000000000006,0.21025323922215403,0.40914195991529834,0.1988887206931443,True,1.1535203182994649,1.1535203182994649,1.1535203182994649,0.01271743677671771,0.0026541818892051334,,,,0.22595781777775834,0.010807120792640354,0.6427855209876456,0,0,0,0
ihdp,0.5,117,ldm,0.3000000000000006,0.21775894947113802,0.4073068582113818,0.18954790874024377,True,1.0252394800521487,1.0252394800521487,1.0252394800521487,0.013779999265531985,0.0037382789624865907,,,,0.2264783955994105,0.0053568498040020025,0.6439544158982242,0,0,0,0
ihdp,0.5,117,sprl,0.3000000000000006,0.2011106206819396,0.40365819999278013,0.20254757931084053,True,0.697434484445885,0.697434484445885,0.697434484445885,0.023331461621338808,0.008250001878951203,,,,0.22502408773685056,0.025934068883387056,0.6407652991720806,0,0,0,0
ihdp,0.5,118,raw,0.29999999999999916,0.25201625243217773,0.37778223894245383,0.1257659865102761,True,0.967805242490211,0.967805242490211,0.967805242490211,,,,,,0.1924892414775755,0.012276325850841322,0.5662663196316386,0,0,0,0
ihdp,0.5,118,balanced,0.29999999999999916,0.25674333265342675,0.39588560045854754,0.1391422678051208,True,2.2443738035641863,2.2443738035641863,2.2443738035641863,0.013575458096645178,0.0034992691519456606,,,,0.19550925936102384,0.018107505940473088,0.5740300179936885,0,0,0,0
ihdp,0.5,118,ldm,0.29999999999999916,0.24909038952676202,0.3830986915845994,0.1340083020578374,True,2.142632321041437,2.142632321041437,2.142632321041437,0.014783324624579604,0.004263166158055084,,,,0.1954732029279792,0.012114391176553083,0.573720624254975,0,0,0,0
ihdp,0.5,118,sprl,0.29999999999999916,0.2502103267376671,0.3843547751929908,0.13414444845532375,True,0.722534293701092,0.722534293701092,0.722534293701092,0.027854926844054592,0.020991466762479212,,,,0.1944698260807785,0.027817250958184072,0.5721604455115062,0,0,0,0
ihdp,0.5,119,raw,0.29999999999999977,0.2303850684268048,0.410596096182985,0.18021102775618017,True,1.2493730891848054,1.2493730891848054,1.2493730891848054,,,,,,0.22517018968675712,0.008054666543164812,0.6410006324317025,0,0,0,0
ihdp,0.5,119,balanced,0.29999999999999977,0.23692970969268234,0.41622673353984446,0.17929702384716212,True,1.168548618513568,1.168548618513568,1.168548618513568,0.012815641292764354,0.002857007389575164,,,,0.2251932069460005,0.013371296735895752,0.6411647197773945,0,0,0,0
ihdp,0.5,119,ldm,0.29999999999999977,0.2342957333605752,0.41270373847848457,0.17840800511790939,True,0.8658751265043955,0.8658751265043955,0.8658751265043955,0.013900935035256594,0.004008699125663041,,,,0.22588354997977067,0.011349923105896827,0.6426338602688154,0,0,0,0
ihdp,0.5,119,sprl,0.29999999999999977,0.22992162722149315,0.41419629156853416,0.184274664347041,True,0.6385763021992413,0.6385763021992413,0.6385763021992413,0.0230167588684736,0.01209162270497863,,,,0.2272894318560292,0.023486784774370825,0.645700649263529,0,0,0,0
ihdp,0.5,120,raw,0.3000000000000001,0.23113635465935195,0.39683086440562476,0.1656945097462728,True,1.202329834847853,1.202329834847853,1.202329834847853,,,,,,0.20085055395011606,0.009946703377697846,0.5864663877242828,0,0,0,0
ihdp,0.5,120,balanced,0.3000000000000001,0.2352654458041129,0.40194553424880886,0.16668008844469595,True,2.105219268843402,2.105219268843402,2.105219268843402,0.012960345957600214,0.002933193674173242,,,,0.20532970044817198,0.0070212000050037145,0.597296840244809,0,0,0,0
ihdp,0.5,120,ldm,0.3000000000000001,0.2347612392651742,0.3975587229098398,0.1627974836446656,True,1.9039552405015567,1.9039552405015567,1.9039552405015567,0.014183029087291134,0.0036118405879047365,,,,0.20561493523656849,0.010890136139007236,0.59795468604672,0,0,0,0
ihdp,0.5,120,sprl,0.3000000000000001,0.22500120282623284,0.4011455972266939,0.17614439440046106,True,0.7522015555257269,0.7522015555257269,0.7522015555257269,0.022530798858067788,0.010716702051151234,,,,0.20338861676442788,0.032794825192759273,0.592906094440172,0,0,0,0
ihdp,0.5,121,raw,0.2999999999999998,0.2085374939203168,0.3991779100524602,0.19064041613214341,True,1.0889642638607744,1.0889642638607744,1.0889642638607744,,,,,,0.21003702729107576,0.007668548106524415,0.6081772040606629,0,0,0,0
ihdp,0.5,121,balanced,0.2999999999999998,0.22294792641656996,0.4122737520947368,0.18932582567816686,True,1.6803239038211504,1.6803239038211504,1.6803239038211504,0.012474344706544176,0.0027130932407992492,,,,0.2117359689085374,0.008039070643052367,0.6121886648797283,0,0,0,0
ihdp,0.5,121,ldm,0.2999999999999998,0.22161144433587382,0.4115361240910563,0.18992467975518246,True,1.6764733487307155,1.6764733487307155,1.6764733487307155,0.013030729918937414,0.003269214485418791,,,,0.21124889510878692,0.006274363600737843,0.6110075361399513,0,0,0,0
ihdp,0.5,121,sprl,0.2999999999999998,0.20471004882355298,0.4021494944145151,0.1974394455909621,True,0.6931192771353719,0.6931192771353719,0.6931192771353719,0.015604126515891017,0.00798001071411673,,,,0.21210050565862867,0.027462140312395487,0.6129516083771205,0,0,0,0
ihdp,0.5,122,raw,0.2999999999999996,0.185786426289081,0.43254616816469316,0.24675974187561214,True,1.1954030899499053,1.1954030899499053,1.1954030899499053,,,,,,0.22734854754976805,0.018604117918669744,0.6441796149325882,0,0,0,0
ihdp,0.5,122,balanced,0.2999999999999996,0.19681837094192298,0.43606370181740267,0.2392453308754797,True,0.6678491560399016,0.6678491560399016,0.6678491560399016,0.012997536558059838,0.003150574737888322,,,,0.23138715613472954,0.01730909203153277,0.6535537726903431,0,0,0,0
ihdp,0.5,122,ldm,0.2999999999999996,0.15912135526392351,0.4185584544912581,0.2594370992273346,True,0.7585986607288795,0.7585986607288795,0.7585986607288795,0.013627566406445999,0.003657871541085842,,,,0.2310071432352771,0.01555077721960315,0.6522278470466848,0,0,0,0
ihdp,0.5,122,sprl,0.2999999999999996,0.18605291781752714,0.4275863286176245,0.24153341080009738,True,0.7474631701868153,0.7474631701868153,0.7474631701868153,0.01263780216880238,0.002268939062058588,,,,0.23144435848205644,0.03990538737119386,0.6542046601440178,0,0,0,0
ihdp,0.5,123,raw,0.3000000000000003,0.1969855408275745,0.4114678772320125,0.214482336404438,True,1.3215479024107173,1.3215479024107173,1.3215479024107173,,,,,,0.2251392628364105,0.011511324888174962,0.6409734072961564,0,0,0,0
ihdp,0.5,123,balanced,0.3000000000000003,0.2007521503149285,0.413689004059901,0.2129368537449725,True,0.6675595578451844,0.6675595578451844,0.6675595578451844,0.01328045052724033,0.003098595330901855,,,,0.23396376843560138,0.0073610159273565364,0.6599565651573284,0,0,0,0
ihdp,0.5,123,ldm,0.3000000000000003,0.20096323996006513,0.41105598840952023,0.2100927484494551,True,0.6093500625007848,0.6093500625007848,0.6093500625007848,0.014518496846575135,0.004886185423413445,,,,0.23375026750122693,0.0127087520518212,0.6594564809574998,0,0,0,0
ihdp,0.5,123,sprl,0.3000000000000003,0.19027617803686345,0.40584058364079595,0.2155644056039325,True,0.7638644194277096,0.7638644194277096,0.7638644194277096,0.017236151922841066,0.01063681640741283,,,,0.22979781468281998,0.03039208542700228,0.651524361781233,0,0,0,0
ihdp,0.5,124,raw,0.2999999999999989,0.19132277919708918,0.43417024281690264,0.24284746361981346,True,0.7689419891955717,0.7689419891955717,0.7689419891955717,,,,,,0.22283878807555066,0.01137258113314308,0.6364625092061804,0,0,0,0
ihdp,0.5,124,balanced,0.2999999999999989,0.19333163853191473,0.43425516705201006,0.24092352852009533,True,1.3931000788553098,1.3931000788553098,1.3931000788553098,0.012895820912731074,0.003032413145561678,,,,0.22924900451829608,0.014879740316684457,0.6507415210574238,0,0,0,0
ihdp,0.5,124,ldm,0.2999999999999989,0.1950408839258051,0.4318052253881824,0.2367643414623773,True,0.7630516183827244,0.7630516183827244,0.7630516183827244,0.013430777697366074,0.003436420247800159,,,,0.22942477677166118,0.018126410935042428,0.6511955647921586,0,0,0,0
ihdp,0.5,124,sprl,0.2999999999999989,0.18650316894690805,0.42672427973459853,0.24022111078769048,True,0.6299344515489549,0.6299344515489549,0.6299344515489549,0.017230323801706738,0.004683305103160458,,,,0.22678474092650402,0.025315582842380807,0.6451368693204094,0,0,0,0
ihdp,0.5,125,raw,0.2999999999999993,0.23711602272598917,0.39605999770092337,0.1589439749749342,True,0.6527907123315765,0.6527907123315765,0.6527907123315765,,,,,,0.22871050364729667,0.016238410444695837,0.6486219319135876,0,0,0,0
ihdp,0.5,125,balanced,0.2999999999999993,0.2299301731582078,0.38905857498701224,0.15912840182880444,True,0.7722119697898697,0.7722119697898697,0.7722119697898697,0.013525276015540072,0.0033690330361882915,,,,0.23616516972927384,0.007601681058519373,0.6643581135654154,0,0,0,0
ihdp,0.5,125,ldm,0.2999999999999993,0.22760119928026643,0.38524476934227214,0.15764357006200572,True,0.7397781774412692,0.7397781774412692,0.7397781774412692,0.01409975000934591,0.00405843778689052,,,,0.2359404009008498,0.00996090112655972,0.6638831882925816,0,0,0,0
ihdp,0.5,125,sprl,0.2999999999999993,0.2226420203681219,0.3834497042024249,0.16080768383430302,True,0.7083910618757316,0.7083910618757316,0.7083910618757316,0.017264042342557885,0.005896251782258552,,,,0.23090916800629335,0.03134906026322806,0.6535210224988145,0,0,0,0
ihdp,0.5,126,raw,0.29999999999999916,0.21422264839804983,0.40886738971911807,0.19464474132106824,True,0.7174780624267838,0.7174780624267838,0.7174780624267838,,,,,,0.226285193083138,0.010262853205065897,0.6439514219548539,0,0,0,0
ihdp,0.5,126,balanced,0.29999999999999916,0.21954244993542824,0.4186326649039093,0.1990902149684811,True,0.9527836186760583,0.9527836186760583,0.9527836186760583,0.01443099958399548,0.004609404141779893,,,,0.22835854963440302,0.009814539147823164,0.6482084063565011,0,0,0,0
ihdp,0.5,126,ldm,0.29999999999999916,0.2172628907436393,0.41515696557214976,0.19789407482851046,True,0.7305535016214869,0.7305535016214869,0.7305535016214869,0.01438532500031231,0.0043381936949176665,,,,0.22936495393779113,0.009936729073874008,0.6504004241829755,0,0,0,0
ihdp,0.5,126,sprl,0.29999999999999916,0.2153783127714677,0.4126605222759268,0.1972822095044591,True,0.6181406203086338,0.6181406203086338,0.6181406203086338,0.027057727129695206,0.018606596276060577,,,,0.22765447773610675,0.018967876099893168,0.6469214602130543,0,0,0,0
ihdp,0.5,127,raw,0.2999999999999992,0.2319588371052211,0.40856225801672524,0.17660342091150413,True,1.4391049549603816,1.4391049549603816,1.4391049549603816,,,,,,0.2188749889070587,0.020450387175481966,0.6271489299620748,0,0,0,0
ihdp,0.5,127,balanced,0.2999999999999992,0.21893156630481858,0.4019481421393532,0.18301657583453462,True,1.4999512283884258,1.4999512283884258,1.4999512283884258,0.013070970082889056,0.0029589070622325197,,,,0.2225120013443502,0.013936439566757488,0.6351803454842753,0,0,0,0
ihdp,0.5,127,ldm,0.2999999999999992,0.2208979854107939,0.3977372188950734,0.17683923348427952,True,1.5151699440352184,1.5151699440352184,1.5151699440352184,0.014400840712742802,0.004004095078471702,,,,0.22240279048423098,0.016559733558708,0.6349260960644592,0,0,0,0
ihdp,0.5,127,sprl,0.2999999999999992,0.22460487168946455,0.4068465404759143,0.18224166878644973,True,0.752020926432522,0.752020926432522,0.752020926432522,0.033551833768231336,0.020518725697850567,,,,0.22135793815428478,0.03550711313623872,0.632749085571169,0,0,0,0
ihdp,0.5,128,raw,0.30000000000000027,0.20555043436388623,0.3968250912311026,0.19127465686721637,True,1.327853939348097,1.327853939348097,1.327853939348097,,,,,,0.22873925631768835,0.009907462439209673,0.6488246556129154,0,0,0,0
ihdp,0.5,128,balanced,0.30000000000000027,0.20200386901814785,0.4035013436901987,0.20149747467205084,True,0.9807803042689592,0.9807803042689592,0.9807803042689592,0.012933332498913635,0.002958684968823572,,,,0.22966048800357353,0.013918069794399197,0.650810781694242,0,0,0,0
ihdp,0.5,128,ldm,0.30000000000000027,0.20462271596255788,0.40323439085236196,0.19861167488980408,True,0.9913458753871778,0.9913458753871778,0.9913458753871778,0.01342967084179918,0.0034030708906117916,,,,0.22954035719214644,0.01295376448888224,0.6505374288253851,0,0,0,0
ihdp,0.5,128,sprl,0.30000000000000027,0.19909301606995972,0.4005766421039914,0.2014836260340317,True,0.6494582961202349,0.6494582961202349,0.6494582961202349,0.027138155938198277,0.01960843367974477,,,,0.2310971322300942,0.03225085610367763,0.6537000559514692,0,0,0,0
ihdp,0.5,129,raw,0.2999999999999988,0.2045612361326805,0.4278610783033082,0.2232998421706277,True,0.9509316493126726,0.9509316493126726,0.9509316493126726,,,,,,0.22729451785615337,0.00821250776536301,0.6456449648413909,0,0,0,0
ihdp,0.5,129,balanced,0.2999999999999988,0.20222881708829774,0.42738266825961735,0.2251538511713196,True,0.7914662698528799,0.7914662698528799,0.7914662698528799,0.013429802707805265,0.0029742073743873787,,,,0.229010039226948,0.010395056755361311,0.6493731799854798,0,0,0,0
ihdp,0.5,129,ldm,0.2999999999999988,0.1980645462836277,0.42134995298089273,0.22328540669726502,True,0.7531268749822284,0.7531268749822284,0.7531268749822284,0.014351737848696285,0.004464745741072277,,,,0.22882056482102997,0.01249139956965868,0.6489659302926928,0,0,0,0
ihdp,0.5,129,sprl,0.2999999999999988,0.19692312612693733,0.41745894917062526,0.22053582304368793,True,0.6079330611143622,0.6079330611143622,0.6079330611143622,0.016078053215398815,0.006585548138331479,,,,0.22906909590158192,0.019158770254863268,0.6496955356099784,0,0,0,0
ihdp,0.5,130,raw,0.30000000000000093,0.2081320550934881,0.42312548596956584,0.21499343087607775,True,1.036839358585576,1.036839358585576,1.036839358585576,,,,,,0.22579895164515693,0.007686522910431006,0.6422229713866396,0,0,0,0
ihdp,0.5,130,balanced,0.30000000000000093,0.19411464739580978,0.4237289271430811,0.2296142797472713,True,0.7448301698090422,0.7448301698090422,0.7448301698090422,0.013613612958765705,0.0038091549905358733,,,,0.22991735867252724,0.02425903002787537,0.6513329490266613,0,0,0,0
ihdp,0.5,130,ldm,0.30000000000000093,0.19846668604092418,0.42070087193286765,0.22223418589194346,True,0.7503055168595294,0.7503055168595294,0.7503055168595294,0.01309432228345189,0.0031206195656755084,,,,0.22932605220027127,0.016117419972131217,0.6499858836196308,0,0,0,0
ihdp,0.5,130,sprl,0.30000000000000093,0.21332853034984883,0.43231309200071316,0.21898456165086433,True,0.620209159700415,0.620209159700415,0.620209159700415,0.015986989870487082,0.006475622350431838,,,,0.23326176919757582,0.04273999627385639,0.6594029764561131,0,0,0,0
ihdp,0.5,131,raw,0.2999999999999995,0.22084166840470534,0.39727825768868563,0.1764365892839803,True,0.7073034661163174,0.7073034661163174,0.7073034661163174,,,,,,0.22350145952611492,0.010383306933149107,0.6371685521727004,0,0,0,0
ihdp,0.5,131,balanced,0.2999999999999995,0.22191906375687837,0.3919143809315175,0.16999531717463912,True,1.2402177559057317,1.2402177559057317,1.2402177559057317,0.013731646904776778,0.003496950233162734,,,,0.22644822405632267,0.006885952991892939,0.6436110973878283,0,0,0,0
ihdp,0.5,131,ldm,0.2999999999999995,0.2229107921899109,0.3905728648557066,0.1676620726657957,True,0.9800814175100094,0.9800814175100094,0.9800814175100094,0.013897710169568608,0.004190170833878875,,,,0.227363117952269,0.008875353702353126,0.6456488556749914,0,0,0,0
ihdp,0.5,131,sprl,0.2999999999999995,0.20323024962256567,0.3872626094980198,0.18403235987545416,True,0.7334858969273576,0.7334858969273576,0.7334858969273576,0.030782768377333992,0.02341709811112641,,,,0.22533889321440329,0.030913240335656882,0.6414459903449735,0,0,0,0
ihdp,0.5,132,raw,0.2999999999999999,0.20556671124377662,0.3915559073323793,0.1859891960886027,True,1.821581356189678,1.821581356189678,1.821581356189678,,,,,,0.2099330978969494,0.011705022921068143,0.6069992285652092,0,0,0,0
ihdp,0.5,132,balanced,0.2999999999999999,0.18396228665280628,0.38805313458504215,0.20409084793223586,True,1.6329771000085067,1.6329771000085067,1.6329771000085067,0.013842082757937635,0.00387057358026982,,,,0.21068854673538837,0.008613738996534642,0.6087164927514814,0,0,0,0
ihdp,0.5,132,ldm,0.2999999999999999,0.21055562874780134,0.39015393531803366,0.17959830657023232,True,1.649455533063047,1.649455533063047,1.649455533063047,0.013022266868336518,0.002948952386868353,,,,0.210799870179301,0.011234376754856602,0.6088185380083783,0,0,0,0
ihdp,0.5,132,sprl,0.2999999999999999,0.20332831382899627,0.38806443464265,0.18473612081365373,True,0.8067612271522564,0.8067612271522564,0.8067612271522564,0.03206460443158883,0.024358346724069564,,,,0.21034965926619142,0.019874102700854813,0.6079909992646324,0,0,0,0
ihdp,0.5,133,raw,0.2999999999999992,0.2184622113744652,0.4176726515270141,0.1992104401525489,True,1.763653455127751,1.763653455127751,1.763653455127751,,,,,,0.22020514098974767,0.011378819252834774,0.6297519361590656,0,0,0,0
ihdp,0.5,133,balanced,0.2999999999999992,0.22901564332040153,0.4213232539270693,0.1923076106066678,True,1.2677763504113935,1.2677763504113935,1.2677763504113935,0.013301054078415652,0.003521855591232671,,,,0.22401326279838685,0.015055381338753136,0.6384963133619642,0,0,0,0
ihdp,0.5,133,ldm,0.2999999999999992,0.23067999084411803,0.4205557834656876,0.1898757926215696,True,1.0088772657088099,1.0088772657088099,1.0088772657088099,0.014070394243710729,0.00385464782979691,,,,0.22499231624089994,0.011529904050281465,0.6408893355989174,0,0,0,0
ihdp,0.5,133,sprl,0.2999999999999992,0.21206577683152014,0.4152362570908943,0.20317048025937415,True,0.612991424548817,0.612991424548817,0.612991424548817,0.023247011224226604,0.00995609393681714,,,,0.2234502110050992,0.019707705226080265,0.6376824895220741,0,0,0,0
ihdp,0.5,134,raw,0.3,0.2328851741958106,0.3761759826198409,0.14329080842403033,True,0.923584889974319,0.923584889974319,0.923584889974319,,,,,,0.19492470125386116,0.012271035625316297,0.5720478168874028,0,0,0,0
ihdp,0.5,134,balanced,0.3,0.24500269077191505,0.3965247364865172,0.15152204571460215,True,2.2333725951423773,2.2333725951423773,2.2333725951423773,0.0142142005120399,0.004391101353180141,,,,0.19684102394006353,0.010761110581796894,0.5763992208370354,0,0,0,0
ihdp,0.5,134,ldm,0.3,0.2471461750565199,0.39683772663554867,0.14969155157902878,True,2.2876179226439253,2.2876179226439253,2.2876179226439253,0.013477114703310622,0.003376317689168344,,,,0.1967293859559138,0.010329236637733863,0.5760599220322924,0,0,0,0
ihdp,0.5,134,sprl,0.3,0.22562899354802257,0.3847256494981098,0.1590966559500872,True,0.8334908505049233,0.8334908505049233,0.8334908505049233,0.03538615504261612,0.024036985903541218,,,,0.19681426450698933,0.026711116772940392,0.5775249480546636,0,0,0,0
ihdp,0.5,135,raw,0.3000000000000003,0.21895636936006868,0.38865776839648725,0.16970139903641857,True,1.0590912185832502,1.0590912185832502,1.0590912185832502,,,,,,0.2298818034377779,0.01548521215728025,0.6507244913783132,0,0,0,0
ihdp,0.5,135,balanced,0.3000000000000003,0.2300131637747114,0.39677929176731663,0.16676612799260523,True,0.9832197120302993,0.9832197120302993,0.9832197120302993,0.013445407144889095,0.003310141291574967,,,,0.2296568170700629,0.012792854577419873,0.6503562991825489,0,0,0,0
ihdp,0.5,135,ldm,0.3000000000000003,0.22538865436435548,0.3923085149911476,0.16691986062679212,True,0.8625928076574086,0.8625928076574086,0.8625928076574086,0.014664366489558392,0.004404337662271715,,,,0.23014050891272864,0.012206741457014258,0.6514167523779822,0,0,0,0
ihdp,0.5,135,sprl,0.3000000000000003,0.21538013202219744,0.3899034377658455,0.17452330574364808,True,0.6360275319997786,0.6360275319997786,0.6360275319997786,0.020181418919828765,0.010757933072203726,,,,0.2320987589800035,0.029770290280104948,0.6557902044570676,0,0,0,0
ihdp,0.5,136,raw,0.29999999999999977,0.17679102417172282,0.4572443099519107,0.28045328578018786,True,0.6114960679362901,0.6114960679362901,0.6114960679362901,,,,,,0.22123107733839661,0.01763336885713187,0.6319047430881034,0,0,0,0
ihdp,0.5,136,balanced,0.29999999999999977,0.16627221937930234,0.44915635541014015,0.28288413603083784,True,1.3738381762593392,1.3738381762593392,1.3738381762593392,0.013957398657204021,0.003938004140255363,,,,0.2237832858757236,0.009923260816217081,0.6376756751710041,0,0,0,0
ihdp,0.5,136,ldm,0.29999999999999977,0.1469272907574294,0.44005543346175163,0.2931281427043222,True,1.2842455784821052,1.2842455784821052,1.2842455784821052,0.013009933281591704,0.0028506065888581483,,,,0.2240159997509123,0.011372434990221428,0.6382119887877249,0,0,0,0
ihdp,0.5,136,sprl,0.29999999999999977,0.196635521679378,0.4639053339504808,0.2672698122711028,True,0.7079570345543791,0.7079570345543791,0.7079570345543791,0.01942627053310195,0.0095385102438819,,,,0.22319202269202587,0.03196513471259174,0.6365631542709543,0,0,0,0
ihdp,0.5,137,raw,0.3000000000000005,0.23242900153755122,0.36429254927978855,0.13186354774223732,True,1.0469651180184745,1.0469651180184745,1.0469651180184745,,,,,,0.15247521868784725,0.00759542227563356,0.4641948953196992,0,0,0,0
ihdp,0.5,137,balanced,0.3000000000000005,0.2320718172432672,0.36282336492335837,0.13075154768009117,True,6.730845093513956,6.730845093513956,6.730845093513956,0.012895424589363352,0.003174229931887419,,,,0.15706745319947932,0.012966065824689873,0.47440671142572444,0,0,0,0
ihdp,0.5,137,ldm,0.3000000000000005,0.23001752429871522,0.3568688223743637,0.12685129807564846,True,6.089486481544221,6.089486481544221,6.089486481544221,0.013294348483745218,0.0032578485410054156,,,,0.1571827169775067,0.010166973081982188,0.4751189943450867,0,0,0,0
ihdp,0.5,137,sprl,0.3000000000000005,0.2093221567560725,0.34508427462451435,0.13576211786844186,True,0.6713934691884396,0.6713934691884396,0.6713934691884396,0.0634035837095573,0.042272911182054666,,,,0.15510477180978158,0.02456870381347389,0.47188212046801653,0,0,0,0
ihdp,0.5,138,raw,0.2999999999999992,0.21703459268205766,0.39850473557657956,0.1814701428945219,True,1.23742195301019,1.23742195301019,1.23742195301019,,,,,,0.2237732594466611,0.018142184099740596,0.6388594380714819,0,0,0,0
ihdp,0.5,138,balanced,0.2999999999999992,0.21613780396018487,0.39434038136065863,0.17820257740047377,True,1.2531256337593604,1.2531256337593604,1.2531256337593604,0.013491217879342278,0.0032220782674745253,,,,0.2251036697547132,0.014636345167972388,0.6415001261113888,0,0,0,0
ihdp,0.5,138,ldm,0.2999999999999992,0.22184114546832698,0.39525836741177245,0.17341722194344547,True,1.132447856719404,1.132447856719404,1.132447856719404,0.013611344377860999,0.0036400048410553994,,,,0.22511861279158857,0.01735517392193455,0.6415478147499484,0,0,0,0
ihdp,0.5,138,sprl,0.2999999999999992,0.19697676985521606,0.3818376151566976,0.18486084530148156,True,0.9012900534045142,0.9012900534045142,0.9012900534045142,0.01877817226279957,0.006019512435427334,,,,0.22465203118155838,0.022925048072786305,0.6406279273732656,0,0,0,0
ihdp,0.5,139,raw,0.30000000000000104,0.19239910211835468,0.4073481036172495,0.21494900149889481,True,1.266922616282489,1.266922616282489,1.266922616282489,,,,,,0.2339728167193698,0.022207720584765785,0.6603275421939928,0,0,0,0
ihdp,0.5,139,balanced,0.30000000000000104,0.18318608803878278,0.3993433020479456,0.21615721400916282,True,0.6651491666229188,0.6651491666229188,0.6651491666229188,0.012682706693674096,0.0026745520165932916,,,,0.2349708217831767,0.014605293612721549,0.6623085810371138,0,0,0,0
ihdp,0.5,139,ldm,0.30000000000000104,0.17935387800966354,0.39665415283086625,0.2173002748212027,True,0.7026944134751772,0.7026944134751772,0.7026944134751772,0.0136156937445233,0.0035062243984481482,,,,0.23523704895863257,0.02138926732291365,0.6628410704255802,0,0,0,0
ihdp,0.5,139,sprl,0.30000000000000104,0.15851134754401763,0.38995461166505013,0.2314432641210325,True,0.6668963164217596,0.6668963164217596,0.6668963164217596,0.018755158771701145,0.005453210398463573,,,,0.23717160432308193,0.04052492264722753,0.6676551378465935,0,0,0,0
ihdp,0.5,140,raw,0.2999999999999997,0.22787620593036095,0.40340025721871153,0.17552405128835058,True,1.1077718283746085,1.1077718283746085,1.1077718283746085,,,,,,0.2262460223965627,0.0064444737919754505,0.6432503577071906,0,0,0,0
ihdp,0.5,140,balanced,0.2999999999999997,0.23359137866577204,0.40113740845452367,0.16754602978875163,True,0.9218651200756488,0.9218651200756488,0.9218651200756488,0.012615100533048334,0.0027648273873221853,,,,0.22636129778032754,0.018702413756478103,0.6432947691872414,0,0,0,0
ihdp,0.5,140,ldm,0.2999999999999997,0.22974223123190723,0.40110201131889345,0.1713597800869862,True,0.8847825710261663,0.8847825710261663,0.8847825710261663,0.013303476119120437,0.003687561328423476,,,,0.22647964550705546,0.017934943863412007,0.6436494028853401,0,0,0,0
ihdp,0.5,140,sprl,0.2999999999999997,0.20579286157753485,0.39722828786538567,0.19143542628785082,True,0.7037016366275285,0.7037016366275285,0.7037016366275285,0.012951708867389097,0.0020525255874243665,,,,0.22854017131018559,0.0361014855681348,0.648929235068572,0,0,0,0
ihdp,0.5,141,raw,0.29999999999999943,0.20633945721339833,0.41452327990348786,0.20818382269008953,True,0.6517025432914905,0.6517025432914905,0.6517025432914905,,,,,,0.22338483566449155,0.00961229248153268,0.6366464992322793,0,0,0,0
ihdp,0.5,141,balanced,0.29999999999999943,0.20253044738685905,0.4234390646197443,0.22090861723288524,True,1.012044826704202,1.012044826704202,1.012044826704202,0.012943634426891688,0.0026650452722284056,,,,0.22425422416736002,0.015695264595468644,0.6387502118559609,0,0,0,0
ihdp,0.5,141,ldm,0.29999999999999943,0.20603379340348935,0.41779941793736053,0.21176562453387118,True,0.9005645916537945,0.9005645916537945,0.9005645916537945,0.015067822569611497,0.005668192412818874,,,,0.2240471258032741,0.017268380061996425,0.6382569753755224,0,0,0,0
ihdp,0.5,141,sprl,0.29999999999999943,0.19798753748679154,0.4187588889338768,0.22077135144708526,True,0.6475784009256795,0.6475784009256795,0.6475784009256795,0.024800023026623534,0.01845085539635984,,,,0.2260091740048134,0.025544012085917975,0.6424709643323893,0,0,0,0
ihdp,0.5,142,raw,0.29999999999999977,0.21779140244569617,0.3971093514407417,0.17931794899504555,True,0.6556783305487873,0.6556783305487873,0.6556783305487873,,,,,,0.1971420535109195,0.014490188316370214,0.5781481318762762,0,0,0,0
ihdp,0.5,142,balanced,0.29999999999999977,0.21120484546907792,0.4056222350435973,0.19441738957451937,True,2.280453883667096,2.280453883667096,2.280453883667096,0.013287982377247095,0.003321971174484179,,,,0.19933871994288083,0.0141247977939827,0.583502056106909,0,0,0,0
ihdp,0.5,142,ldm,0.29999999999999977,0.24113113850998447,0.4090484532632395,0.16791731475325505,True,1.822355050378506,1.822355050378506,1.822355050378506,0.013405163617565892,0.0034585489433648464,,,,0.19905695558553158,0.01071227948866915,0.5827615294082228,0,0,0,0
ihdp,0.5,142,sprl,0.29999999999999977,0.2087782419597117,0.40863083188262717,0.19985258992291546,True,0.6707574488997655,0.6707574488997655,0.6707574488997655,0.015881860927435786,0.003348267060662923,,,,0.20000491017497166,0.03469480056047825,0.5856626449511274,0,0,0,0
ihdp,0.5,143,raw,0.3,0.17892850328220788,0.4399930016398841,0.2610644983576762,True,1.3870640239928755,1.3870640239928755,1.3870640239928755,,,,,,0.22691009326554976,0.014750779246263055,0.6448654987893622,0,0,0,0
ihdp,0.5,143,balanced,0.3,0.19575524611837705,0.44542479220419656,0.2496695460858195,True,0.7896305610564837,0.7896305610564837,0.7896305610564837,0.012844742514744488,0.0028933679106561312,,,,0.23090901548958892,0.016348854808686482,0.6532955238090782,0,0,0,0
ihdp,0.5,143,ldm,0.3,0.18977168036817935,0.44174895832445543,0.2519772779562761,True,0.8102116027980139,0.8102116027980139,0.8102116027980139,0.013562108798869878,0.003472011587769554,,,,0.23051396016873477,0.012210256361759925,0.6524469448907326,0,0,0,0
ihdp,0.5,143,sprl,0.3,0.20777656602644265,0.4511707635264344,0.24339419749999178,True,0.6654843506231606,0.6654843506231606,0.6654843506231606,0.013909296988505682,0.005415302976402455,,,,0.2292891683447413,0.03043763355940182,0.650345278268545,0,0,0,0
ihdp,0.5,144,raw,0.29999999999999977,0.20345995731598118,0.4067477146436294,0.20328775732764823,True,0.9566073668026951,0.9566073668026951,0.9566073668026951,,,,,,0.2157566341488728,0.008444101593153121,0.620525654390396,0,0,0,0
ihdp,0.5,144,balanced,0.29999999999999977,0.21934043121725558,0.41895005573748806,0.19960962452023248,True,1.3327977379544858,1.3327977379544858,1.3327977379544858,0.012723954844719878,0.002817882731835769,,,,0.22073072011233677,0.005947742044008124,0.6315692825481267,0,0,0,0
ihdp,0.5,144,ldm,0.29999999999999977,0.21743266179904316,0.4172013382906913,0.19976867649164812,True,1.2288219466404953,1.2288219466404953,1.2288219466404953,0.013061436031840316,0.0029417469685726694,,,,0.22072958548735405,0.01008687335221347,0.6316027637140451,0,0,0,0
ihdp,0.5,144,sprl,0.29999999999999977,0.19992063364914422,0.4135620922759431,0.21364145862679887,True,0.6815043737047843,0.6815043737047843,0.6815043737047843,0.04058523176974042,0.02620021667510581,,,,0.21857610227865998,0.027291510445913374,0.627114693257924,0,0,0,0
ihdp,0.5,145,raw,0.3000000000000005,0.21305362315777865,0.4008647959362449,0.18781117277846626,True,1.3690162077392471,1.3690162077392471,1.3690162077392471,,,,,,0.20141161368338253,0.008709945483180895,0.5879889049229204,0,0,0,0
ihdp,0.5,145,balanced,0.3000000000000005,0.2131846029235936,0.39987039497551097,0.18668579205191738,True,1.7285228128492576,1.7285228128492576,1.7285228128492576,0.012626140911830754,0.002971673429466456,,,,0.20561623277902982,0.012430090742156162,0.597892679830492,0,0,0,0
ihdp,0.5,145,ldm,0.3000000000000005,0.20923254373795735,0.39757802763535127,0.18834548389739392,True,1.6091620299627962,1.6091620299627962,1.6091620299627962,0.014063620917821675,0.004453433776560129,,,,0.20609787674037508,0.009263719471060713,0.598988230903111,0,0,0,0
ihdp,0.5,145,sprl,0.3000000000000005,0.1907168478362497,0.39671961149810203,0.20600276366185233,True,0.7071331486725567,0.7071331486725567,0.7071331486725567,0.03616883832812169,0.02560491437335641,,,,0.2051104154169207,0.026986049569083764,0.5975369113672112,0,0,0,0
ihdp,0.5,146,raw,0.30000000000000066,0.17911454180436862,0.39849925484742893,0.21938471304306031,True,0.7236226971639034,0.7236226971639034,0.7236226971639034,,,,,,0.21467296884207482,0.009344830707420808,0.618156924496978,0,0,0,0
ihdp,0.5,146,balanced,0.30000000000000066,0.1800310808543486,0.39499625650534925,0.21496517565100065,True,1.3935046433469318,1.3935046433469318,1.3935046433469318,0.01355889121356393,0.00354614990869228,,,,0.21896540372201376,0.014216887342309012,0.6280335490107218,0,0,0,0
ihdp,0.5,146,ldm,0.30000000000000066,0.17010378720148622,0.3895465478236448,0.21944276062215856,True,1.0472064191605595,1.0472064191605595,1.0472064191605595,0.013309746660460047,0.003412897483299327,,,,0.2218953286666661,0.015970346422060955,0.6342672325870033,0,0,0,0
ihdp,0.5,146,sprl,0.30000000000000066,0.19829237212761122,0.39010638926870916,0.19181401714109794,True,1.0311654476727559,1.0311654476727559,1.0311654476727559,0.02342696664758719,0.016059262380681498,,,,0.21625727106258374,0.026391265744086623,0.6221640433186297,0,0,0,0
ihdp,0.5,147,raw,0.3000000000000001,0.22231177772845986,0.38726428327852425,0.16495250555006438,True,2.0532855255728855,2.0532855255728855,2.0532855255728855,,,,,,0.20022449382897897,0.009926319036839937,0.5855570226922139,0,0,0,0
ihdp,0.5,147,balanced,0.3000000000000001,0.23355660627259173,0.397866628299581,0.1643100220269893,True,1.7880577382884566,1.7880577382884566,1.7880577382884566,0.012519676899218053,0.002684987878123608,,,,0.2059509966432068,0.00700804300678185,0.5985055792781335,0,0,0,0
ihdp,0.5,147,ldm,0.3000000000000001,0.23143254266609564,0.39751588925751696,0.16608334659142132,True,1.803312219285329,1.803312219285329,1.803312219285329,0.01407483059697006,0.004001776280279058,,,,0.2058382460857897,0.006264576873918605,0.5982628100904956,0,0,0,0
ihdp,0.5,147,sprl,0.3000000000000001,0.2221542672121419,0.39123733359378765,0.16908306638164575,True,0.7086941484397485,0.7086941484397485,0.7086941484397485,0.01717835155312841,0.005128525871699476,,,,0.2017132014859828,0.023367642223230446,0.5891531967641754,0,0,0,0
ihdp,0.5,148,raw,0.30000000000000093,0.23180478495975004,0.37737257225758525,0.1455677872978352,True,0.707507805192103,0.707507805192103,0.707507805192103,,,,,,0.20705281993382377,0.019314994510870882,0.6020315178921836,0,0,0,0
ihdp,0.5,148,balanced,0.30000000000000093,0.23190119999337494,0.3765096325820312,0.14460843258865624,True,2.4956428089587717,2.4956428089587717,2.4956428089587717,0.01315303446029818,0.0032512810829247465,,,,0.21095929072410882,0.017868227947010217,0.610271230517245,0,0,0,0
ihdp,0.5,148,ldm,0.30000000000000093,0.22836467210061864,0.36945979919109967,0.14109512709048103,True,2.0629592246560335,2.0629592246560335,2.0629592246560335,0.013423799919350955,0.003469796096177489,,,,0.21237477849705264,0.015112453712418733,0.6133368182819592,0,0,0,0
ihdp,0.5,148,sprl,0.30000000000000093,0.21704781105808738,0.37046511489867073,0.15341730384058336,True,0.6985524858944587,0.6985524858944587,0.6985524858944587,0.03393403902046004,0.030359464837026565,,,,0.20986722029216762,0.033024615977856026,0.6081671537608742,0,0,0,0
ihdp,0.5,149,raw,0.3000000000000006,0.20121965140779927,0.4289114418778269,0.22769179047002766,True,0.6621065096888307,0.6621065096888307,0.6621065096888307,,,,,,0.22696638901295327,0.01011237508838536,0.645169308016053,0,0,0,0
ihdp,0.5,149,balanced,0.3000000000000006,0.20670227936623833,0.4390534589174071,0.23235117955116877,True,1.0774444925432431,1.0774444925432431,1.0774444925432431,0.01309515668717592,0.003109388154167031,,,,0.2317492208678128,0.0070495102083642834,0.6550577399124214,0,0,0,0
ihdp,0.5,149,ldm,0.3000000000000006,0.21444479696464114,0.4408139256016355,0.22636912863699438,True,0.9959934582164842,0.9959934582164842,0.9959934582164842,0.013608465398436416,0.0035162483430127745,,,,0.23321096947326422,0.00895688618149655,0.6581778155580829,0,0,0,0
ihdp,0.5,149,sprl,0.3000000000000006,0.21006465449121042,0.44559574675067504,0.23553109225946461,True,0.6240484537863172,0.6240484537863172,0.6240484537863172,0.03265785387623128,0.020475589216452147,,,,0.228039608191148,0.02373595181505803,0.6473662693706844,0,0,0,0
ihdp,0.5,150,raw,0.30000000000000004,0.21816629639173662,0.39005270178174073,0.1718864053900041,True,0.9601880701174577,0.9601880701174577,0.9601880701174577,,,,,,0.2072870773590057,0.01151737473638488,0.6007830860067098,0,0,0,0
ihdp,0.5,150,balanced,0.30000000000000004,0.22614725891084755,0.3973813337808898,0.17123407487004225,True,1.6761560703369245,1.6761560703369245,1.6761560703369245,0.013532972246056551,0.0034301582283381565,,,,0.20980540920335697,0.014265958024822485,0.6067006821115046,0,0,0,0
ihdp,0.5,150,ldm,0.30000000000000004,0.22497291321808552,0.39358663368521746,0.16861372046713194,True,1.6071764980539027,1.6071764980539027,1.6071764980539027,0.013478344300610368,0.003649681852247524,,,,0.20960265916114396,0.012845650475772807,0.6061808676632653,0,0,0,0
ihdp,0.5,150,sprl,0.30000000000000004,0.21044036020172907,0.3920362430315072,0.18159588282977812,True,0.7492809596421306,0.7492809596421306,0.7492809596421306,0.012886076527287906,0.003964914584304324,,,,0.2102810894281171,0.031613239355984674,0.6085100179016059,0,0,0,0
ihdp,0.5,151,raw,0.30000000000000016,0.24213363266123433,0.3828003447974859,0.1406667121362516,True,1.3812659773068388,1.3812659773068388,1.3812659773068388,,,,,,0.19680495560949182,0.013797894710388873,0.5775254641627257,0,0,0,0
ihdp,0.5,151,balanced,0.30000000000000016,0.24430101916588923,0.3881613283364404,0.14386030917055118,True,2.3826192971510785,2.3826192971510785,2.3826192971510785,0.012827653553892588,0.003149933468317845,,,,0.20308333089185657,0.010975075363150118,0.5920686601026515,0,0,0,0
ihdp,0.5,151,ldm,0.30000000000000016,0.23458510108812178,0.37177861903808757,0.1371935179499658,True,2.099901544900644,2.099901544900644,2.099901544900644,0.01348158050644709,0.0034647830539953246,,,,0.20260007332446875,0.017134240997366355,0.5912501879552726,0,0,0,0
ihdp,0.5,151,sprl,0.30000000000000016,0.23053790757163997,0.3735626972580216,0.14302478968638163,True,0.7739271957508357,0.7739271957508357,0.7739271957508357,0.09818432460342924,0.08720037007780126,,,,0.19877860929034363,0.02063711541004871,0.5823648844516884,0,0,0,0
ihdp,0.5,152,raw,0.29999999999999855,0.19677304083052535,0.4157644125863388,0.21899137175581343,True,0.6780764038385092,0.6780764038385092,0.6780764038385092,,,,,,0.226350038534051,0.015388199790096422,0.6440395854789329,0,0,0,0
ihdp,0.5,152,balanced,0.29999999999999855,0.19487090893530823,0.42990589575529986,0.23503498681999163,True,1.1703146218746132,1.1703146218746132,1.1703146218746132,0.01360377386610129,0.0037340070076959356,,,,0.22952372967956744,0.018573057123635318,0.650968239072885,0,0,0,0
ihdp,0.5,152,ldm,0.29999999999999855,0.19517390935898074,0.4249363814248898,0.22976247206590908,True,1.0061308907000361,1.0061308907000361,1.0061308907000361,0.013957203810783454,0.003637329137829767,,,,0.22962181806751364,0.013504604072439322,0.651069553021255,0,0,0,0
ihdp,0.5,152,sprl,0.29999999999999855,0.19351805600732377,0.4263254877162093,0.23280743170888554,True,0.6881385681409412,0.6881385681409412,0.6881385681409412,0.03163028403417408,0.02921404456943562,,,,0.22915263647666112,0.03115290662116782,0.6507381319348214,0,0,0,0
ihdp,0.5,153,raw,0.3000000000000001,0.21173007424572785,0.43554691113644495,0.2238168368907171,True,1.1906856594154354,1.1906856594154354,1.1906856594154354,,,,,,0.23053242573670624,0.020692456660873052,0.652578130636269,0,0,0,0
ihdp,0.5,153,balanced,0.3000000000000001,0.21526755786249904,0.45083513342747994,0.2355675755649809,True,0.6243807140147969,0.6243807140147969,0.6243807140147969,0.013148751669159403,0.0032255349676097835,,,,0.23404949918570248,0.017533871074789643,0.659805431654488,0,0,0,0
ihdp,0.5,153,ldm,0.3000000000000001,0.21774743971918414,0.4478883739244016,0.23014093420521747,True,0.660916023325588,0.660916023325588,0.660916023325588,0.013565312518073127,0.003637667671863999,,,,0.23424318692702492,0.019519247988965774,0.660206620803715,0,0,0,0
ihdp,0.5,153,sprl,0.3000000000000001,0.20723818904998725,0.44914342767840154,0.2419052386284143,True,0.6697907423575803,0.6697907423575803,0.6697907423575803,0.014478227906982267,0.006635552598615501,,,,0.23473799868237674,0.038545334313624675,0.6621177470009068,0,0,0,0
ihdp,0.5,154,raw,0.30000000000000093,0.23382728383534368,0.3646915764980763,0.13086429266273264,True,0.9272474148580974,0.9272474148580974,0.9272474148580974,,,,,,0.18076873717194253,0.011259872618430394,0.5384356842226634,0,0,0,0
ihdp,0.5,154,balanced,0.30000000000000093,0.23606444790837677,0.3780404816218773,0.14197603371350054,True,3.8984704505202656,3.8984704505202656,3.8984704505202656,0.013055995103680579,0.003032412556236447,,,,0.18300275965763363,0.011332349756847318,0.5437004569921062,0,0,0,0
ihdp,0.5,154,ldm,0.30000000000000093,0.22591548685622437,0.3712664953094066,0.14535100845318222,True,3.971245301421822,3.971245301421822,3.971245301421822,0.013657248827533525,0.0033297195739793815,,,,0.183181212152079,0.009743241924125437,0.5437225930505865,0,0,0,0
ihdp,0.5,154,sprl,0.30000000000000093,0.21525494704979747,0.3657977246778489,0.1505427776280514,True,1.0915683991215765,1.0915683991215765,1.0915683991215765,0.13213285705585437,0.1012452086018475,,,,0.18325885654342733,0.028726785042592715,0.5458329198054324,0,0,0,0
ihdp,0.5,155,raw,0.2999999999999992,0.19321580817128992,0.40730939643298963,0.21409358826169972,True,1.173443395415401,1.173443395415401,1.173443395415401,,,,,,0.23189423882370894,0.009633622697103763,0.6558707365639376,0,0,0,0
ihdp,0.5,155,balanced,0.2999999999999992,0.19669962000609903,0.41404760679241154,0.2173479867863125,True,0.6938809585459085,0.6938809585459085,0.6938809585459085,0.013322047288445913,0.003383316875612767,,,,0.2371925070185193,0.006159701202959733,0.6670180724443663,0,0,0,0
ihdp,0.5,155,ldm,0.2999999999999992,0.20135603084640716,0.4129185202658932,0.21156248941948605,True,0.6261986230303209,0.6261986230303209,0.6261986230303209,0.014053947817544895,0.004315311753217975,,,,0.23748185911753836,0.012152113966263312,0.6676268902789158,0,0,0,0
ihdp,0.5,155,sprl,0.2999999999999992,0.18219707769482774,0.4078201824270912,0.2256231047322635,True,0.6534930413991935,0.6534930413991935,0.6534930413991935,0.018201618639020745,0.00430343603480207,,,,0.23454741166625973,0.025460042161453044,0.6616207099536457,0,0,0,0
ihdp,0.5,156,raw,0.29999999999999905,0.20578094329190677,0.40274316012811956,0.1969622168362128,True,0.8820071519986773,0.8820071519986773,0.8820071519986773,,,,,,0.22919392335535022,0.007756773695148403,0.6499908696321991,0,0,0,0
ihdp,0.5,156,balanced,0.29999999999999905,0.20913877306491974,0.4149273003501041,0.20578852728518437,True,0.8136324088815503,0.8136324088815503,0.8136324088815503,0.013241034707838873,0.003489083130550244,,,,0.2313652015302464,0.016487408540247484,0.6545817352969208,0,0,0,0
ihdp,0.5,156,ldm,0.29999999999999905,0.20012206086304882,0.4088715891047578,0.20874952824170898,True,0.6178927229371425,0.6178927229371425,0.6178927229371425,0.01420852463624259,0.004573326334727961,,,,0.23236075730043684,0.015981501276526946,0.6569073442941503,0,0,0,0
ihdp,0.5,156,sprl,0.29999999999999905,0.19315309716221457,0.4086786058928173,0.21552550873060272,True,0.6296836428360708,0.6296836428360708,0.6296836428360708,0.024881291102475264,0.01722307000415474,,,,0.2346980079866202,0.03011553302862817,0.6621323698523822,0,0,0,0
ihdp,0.5,157,raw,0.2999999999999992,0.20673876147944328,0.3887709823035017,0.18203222082405843,True,1.4923804575000867,1.4923804575000867,1.4923804575000867,,,,,,0.22559094642984118,0.012441680741021671,0.642065256949009,0,0,0,0
ihdp,0.5,157,balanced,0.2999999999999992,0.20800583991926233,0.39543379429121817,0.18742795437195583,True,1.1213170947050484,1.1213170947050484,1.1213170947050484,0.012368167112559957,0.0024379982088230823,,,,0.22873542455729648,0.011858983972567752,0.64882091945663,0,0,0,0
ihdp,0.5,157,ldm,0.2999999999999992,0.20727605555621267,0.39185357423367584,0.18457751867746316,True,0.8707350278833412,0.8707350278833412,0.8707350278833412,0.01304161785372119,0.0029042750054127644,,,,0.22910372637796592,0.011441931752990773,0.6496474510023997,0,0,0,0
ihdp,0.5,157,sprl,0.2999999999999992,0.20376754614444376,0.39277287088983004,0.18900532474538628,True,0.7073865759874571,0.7073865759874571,0.7073865759874571,0.05573194830797815,0.03048773325174461,,,,0.2279214324690086,0.0326250012702178,0.6475320770290407,0,0,0,0
ihdp,0.5,158,raw,0.3000000000000001,0.23591525302422048,0.363128671773859,0.1272134187496385,True,0.6839790126943005,0.6839790126943005,0.6839790126943005,,,,,,0.17043139840370033,0.008732966228735643,0.5119887963432425,0,0,0,0
ihdp,0.5,158,balanced,0.3000000000000001,0.23396679010390772,0.3712406478566179,0.1372738577527102,True,4.037326960794862,4.037326960794862,4.037326960794862,0.013679587401126219,0.00377356576988278,,,,0.1731863627940653,0.011510475946897004,0.5196905450931169,0,0,0,0
ihdp,0.5,158,ldm,0.3000000000000001,0.23828304188709135,0.3669109170568869,0.12862787516979554,True,4.026198609878966,4.026198609878966,4.026198609878966,0.014088537325203546,0.003740635055144266,,,,0.17297898768494546,0.009361945758228246,0.5191250922264952,0,0,0,0
ihdp,0.5,158,sprl,0.3000000000000001,0.22741580538506032,0.36723455557862805,0.13981875019356774,True,0.6879773898417622,0.6879773898417622,0.6879773898417622,0.09127988842438049,0.08766185831288817,,,,0.17241598826540927,0.0278164377623669,0.5181187685028914,0,0,0,0
ihdp,0.5,159,raw,0.2999999999999988,0.22268539547517965,0.3985962224568735,0.17591082698169383,True,1.06647209165608,1.06647209165608,1.06647209165608,,,,,,0.23121145055688022,0.01831926614265637,0.6542593213409668,0,0,0,0
ihdp,0.5,159,balanced,0.2999999999999988,0.2184878417912886,0.4042039423871072,0.1857161005958186,True,0.8571057468238599,0.8571057468238599,0.8571057468238599,0.013627719376767856,0.0038035546399726515,,,,0.23241552773906252,0.012571417284383778,0.65683315352355,0,0,0,0
ihdp,0.5,159,ldm,0.2999999999999988,0.218220791642315,0.40006401934460983,0.18184322770229483,True,0.874238757440771,0.874238757440771,0.874238757440771,0.013747184107351842,0.003956546647832738,,,,0.23261975591963754,0.013434440663153477,0.6573045721426067,0,0,0,0
ihdp,0.5,159,sprl,0.2999999999999988,0.20836739328009116,0.3987113947760819,0.19034400149599076,True,0.6950193745817512,0.6950193745817512,0.6950193745817512,0.014331043574619088,0.0023661004207199193,,,,0.23560360370971617,0.0403638325014528,0.664228915336315,0,0,0,0
ihdp,0.5,160,raw,0.3000000000000002,0.21189865282295614,0.40878504130556076,0.19688638848260462,True,0.7541107495606211,0.7541107495606211,0.7541107495606211,,,,,,0.22666715530747214,0.012358432950141463,0.6446146691465138,0,0,0,0
ihdp,0.5,160,balanced,0.3000000000000002,0.2186384829446255,0.42462827472762166,0.20598979178299615,True,1.0398106304051333,1.0398106304051333,1.0398106304051333,0.01490222380069879,0.0045779035668445794,,,,0.23272309884223424,0.01243430993762008,0.6574803905649369,0,0,0,0
ihdp,0.5,160,ldm,0.3000000000000002,0.2197110965492494,0.42053025468723937,0.20081915813798998,True,0.9009125364630163,0.9009125364630163,0.9009125364630163,0.013572295640350729,0.0033096179239493835,,,,0.23248449441526992,0.013453126005780323,0.6570418312974183,0,0,0,0
ihdp,0.5,160,sprl,0.3000000000000002,0.20689723186508557,0.4226977314091175,0.2158004995440319,True,0.6804669158356754,0.6804669158356754,0.6804669158356754,0.018808250692965347,0.008557927214870002,,,,0.22816114826063585,0.024108267969764216,0.6480097806028116,0,0,0,0
ihdp,0.5,161,raw,0.3000000000000001,0.19800655963757047,0.4197426153959219,0.22173605575835142,True,1.3760733749159,1.3760733749159,1.3760733749159,,,,,,0.22891603134949082,0.01581478717851276,0.6492667993913422,0,0,0,0
ihdp,0.5,161,balanced,0.3000000000000001,0.19424558494295677,0.42971712245323096,0.2354715375102742,True,0.8324409678232413,0.8324409678232413,0.8324409678232413,0.013127315226179534,0.003015460600566974,,,,0.23064579996425863,0.012007304034829334,0.6529564813101779,0,0,0,0
ihdp,0.5,161,ldm,0.3000000000000001,0.1951903067965688,0.42731096063708757,0.23212065384051878,True,0.7243532159980042,0.7243532159980042,0.7243532159980042,0.014056340374283138,0.003865749100611572,,,,0.23100892776482715,0.010214936869361648,0.6538070271973679,0,0,0,0
ihdp,0.5,161,sprl,0.3000000000000001,0.19953289435802266,0.4291563871852628,0.22962349282724012,True,0.6679644047942274,0.6679644047942274,0.6679644047942274,0.02203653589240266,0.017171936032836517,,,,0.22992515891331064,0.029745389547886286,0.6513672607269573,0,0,0,0
ihdp,0.5,162,raw,0.3000000000000002,0.22029887043778776,0.40531599381489025,0.1850171233771025,True,1.269113161716983,1.269113161716983,1.269113161716983,,,,,,0.21624590209178787,0.014752179752350053,0.6211218243287202,0,0,0,0
ihdp,0.5,162,balanced,0.3000000000000002,0.2258109179222788,0.4166000969225666,0.1907891790002878,True,1.430775425187311,1.430775425187311,1.430775425187311,0.013153857410488962,0.003101599264446022,,,,0.2174816375267255,0.01630121743653478,0.62445344707677,0,0,0,0
ihdp,0.5,162,ldm,0.3000000000000002,0.2326352138387978,0.4159664565938621,0.18333124275506432,True,1.430980418250466,1.430980418250466,1.430980418250466,0.014396374687983347,0.004180153705934265,,,,0.21776479900228787,0.014812810657592577,0.6250811823301414,0,0,0,0
ihdp,0.5,162,sprl,0.3000000000000002,0.2243384374143816,0.42124181467517935,0.19690337726079776,True,0.6081223091379763,0.6081223091379763,0.6081223091379763,0.016573934432485397,0.007282227648622282,,,,0.21858479189140767,0.027452328422973356,0.6268739843700443,0,0,0,0
ihdp,0.5,163,raw,0.2999999999999998,0.20946263478432464,0.4233333654485128,0.21387073066418816,True,0.9646002313330265,0.9646002313330265,0.9646002313330265,,,,,,0.2241314622679623,0.011522920407661705,0.6389994494454848,0,0,0,0
ihdp,0.5,163,balanced,0.2999999999999998,0.21293406140643037,0.4324672822443044,0.21953322083787405,True,0.7385801689003604,0.7385801689003604,0.7385801689003604,0.012851099096649337,0.0027970068507807548,,,,0.2303531657390713,0.01009283174144415,0.6525355928297514,0,0,0,0
ihdp,0.5,163,ldm,0.2999999999999998,0.21021062192145681,0.42995749845040754,0.21974687652895072,True,0.6855496442100137,0.6855496442100137,0.6855496442100137,0.013880575759593327,0.004053468060073859,,,,0.23013033592557403,0.013144104834847407,0.6520816382737623,0,0,0,0
ihdp,0.5,163,sprl,0.2999999999999998,0.20891165242336843,0.4331085361851112,0.22419688376174277,True,0.7194771726134103,0.7194771726134103,0.7194771726134103,0.017589590847552853,0.0076780976463387005,,,,0.22942090345308958,0.03486510893219609,0.6505545338272539,0,0,0,0
ihdp,0.5,164,raw,0.2999999999999995,0.21293816766304613,0.4023015693190919,0.18936340165604576,True,1.3903361720911864,1.3903361720911864,1.3903361720911864,,,,,,0.22745248825894623,0.016539037926210937,0.6460915984925548,0,0,0,0
ihdp,0.5,164,balanced,0.2999999999999995,0.21769384589905477,0.41479098379872187,0.1970971378996671,True,0.85064763002916,0.85064763002916,0.85064763002916,0.012929187736615706,0.003111222851158701,,,,0.23501781440992842,0.014768825263380731,0.6621295902098912,0,0,0,0
ihdp,0.5,164,ldm,0.2999999999999995,0.2177644183368001,0.412666856691656,0.19490243835485588,True,0.6707482538297943,0.6707482538297943,0.6707482538297943,0.014357361029858106,0.0044868139304105265,,,,0.23483707541273588,0.01509896554586222,0.6617761140923465,0,0,0,0
ihdp,0.5,164,sprl,0.2999999999999995,0.1994673594651352,0.4070481487208819,0.20758078925574672,True,0.6770653181480257,0.6770653181480257,0.6770653181480257,0.021965243629542833,0.00882650181045738,,,,0.22990664648297726,0.026502519501031073,0.6518062391172329,0,0,0,0
ihdp,0.5,165,raw,0.2999999999999993,0.22944888450250897,0.40781507141815354,0.17836618691564457,True,0.7414659271274174,0.7414659271274174,0.7414659271274174,,,,,,0.19968084058742067,0.021047137869841293,0.5841984992384156,0,0,0,0
ihdp,0.5,165,balanced,0.2999999999999993,0.2310975660522054,0.42600168196842,0.19490411591621457,True,1.7105311319592726,1.7105311319592726,1.7105311319592726,0.013065443166893658,0.0029655699457670536,,,,0.20183975125485343,0.02166356443708223,0.5893482735575798,0,0,0,0
ihdp,0.5,165,ldm,0.2999999999999993,0.22720860462770406,0.41962140089349115,0.19241279626578708,True,1.653283211657644,1.653283211657644,1.653283211657644,0.01379497840757188,0.003574664416613001,,,,0.20163126158555528,0.0201951787714357,0.5888720426373144,0,0,0,0
ihdp,0.5,165,sprl,0.2999999999999993,0.22159047571396703,0.42179683982832755,0.20020636411436052,True,0.6777798912449126,0.6777798912449126,0.6777798912449126,0.018563947166763465,0.005072633645488537,,,,0.2020099331058498,0.03087559760680466,0.5902264498365324,0,0,0,0
ihdp,0.5,166,raw,0.3000000000000002,0.21004984965905538,0.3856240131952994,0.175574163536244,True,0.863550001804651,0.863550001804651,0.863550001804651,,,,,,0.21847929596498253,0.020248115563192164,0.6270742161731567,0,0,0,0
ihdp,0.5,166,balanced,0.3000000000000002,0.20943889514778147,0.38792935970281667,0.1784904645550352,True,1.6339575505042145,1.6339575505042145,1.6339575505042145,0.013261296363867569,0.003446546334855288,,,,0.22173045052612264,0.009188084593962228,0.6338470417397383,0,0,0,0
ihdp,0.5,166,ldm,0.3000000000000002,0.19785967414431901,0.3795196049275606,0.18165993078324158,True,1.4422652348185838,1.4422652348185838,1.4422652348185838,0.013351684457190266,0.002740493889550207,,,,0.22139232192662256,0.009374279285822252,0.6333014035829612,0,0,0,0
ihdp,0.5,166,sprl,0.3000000000000002,0.19187837999630292,0.38331412412613247,0.19143574412982955,True,0.6845486931235616,0.6845486931235616,0.6845486931235616,0.014321413810513831,0.0050893045698832354,,,,0.22078757835771326,0.030991659311818628,0.63228672324001,0,0,0,0
ihdp,0.5,167,raw,0.29999999999999943,0.2063365866010864,0.4168720980662154,0.210535511465129,True,1.4202291669786997,1.4202291669786997,1.4202291669786997,,,,,,0.22599057263312958,0.011907474110466627,0.6424168085195774,0,0,0,0
ihdp,0.5,167,balanced,0.29999999999999943,0.2088095202748941,0.4266750160947624,0.21786549581986828,True,0.6437027689726127,0.6437027689726127,0.6437027689726127,0.012425679109364915,0.0025267277957562707,,,,0.233702361156992,0.009983125498848633,0.6593162142582137,0,0,0,0
ihdp,0.5,167,ldm,0.29999999999999943,0.21749243914067762,0.42671854743535914,0.20922610829468152,True,0.6102484363498605,0.6102484363498605,0.6102484363498605,0.013760637009250695,0.0035714977710340746,,,,0.23365027822191256,0.012130876809819736,0.6591418022628828,0,0,0,0
ihdp,0.5,167,sprl,0.29999999999999943,0.21150761148145233,0.4272912981338262,0.21578368665237388,True,0.7009952809405063,0.7009952809405063,0.7009952809405063,0.021106930449127172,0.009614071259385648,,,,0.22968672892455025,0.035136084414076015,0.6508179928820327,0,0,0,0
ihdp,0.5,168,raw,0.29999999999999954,0.2429155318763519,0.3879599810791099,0.145044449202758,True,2.0158891462408612,2.0158891462408612,2.0158891462408612,,,,,,0.18697688570308124,0.013098732753575808,0.5526947997866922,0,0,0,0
ihdp,0.5,168,balanced,0.29999999999999954,0.23869595846262995,0.3969015403633112,0.15820558190068126,True,2.7376862331180982,2.7376862331180982,2.7376862331180982,0.013784661045919114,0.003951140043276319,,,,0.19375982474030404,0.013038682750066323,0.5704304676942521,0,0,0,0
ihdp,0.5,168,ldm,0.29999999999999954,0.24574603553746077,0.3941045015052937,0.14835846596783292,True,2.5039876326554062,2.5039876326554062,2.5039876326554062,0.012819550876278174,0.0029305876663319416,,,,0.19420834120178995,0.016493473552669835,0.5708540405496692,0,0,0,0
ihdp,0.5,168,sprl,0.29999999999999954,0.2362570787208894,0.4001181373641473,0.1638610586432579,True,0.8098504551195018,0.8098504551195018,0.8098504551195018,0.0651263776741726,0.06915280244677947,,,,0.1920825186463813,0.04401194870679262,0.5677124434642093,0,0,0,0
ihdp,0.5,169,raw,0.2999999999999999,0.20461568861235618,0.41807216227223887,0.21345647365988268,True,0.7106913998204896,0.7106913998204896,0.7106913998204896,,,,,,0.2270464771147138,0.009562455531616203,0.6454293567717893,0,0,0,0
ihdp,0.5,169,balanced,0.2999999999999999,0.1949093202858688,0.4124973299655101,0.2175880096796413,True,0.6604753029838504,0.6604753029838504,0.6604753029838504,0.01324846163300524,0.003386143443016688,,,,0.23444230468888927,0.018346343127079,0.6615566191700634,0,0,0,0
ihdp,0.5,169,ldm,0.2999999999999999,0.19686767350967874,0.4108246122928886,0.21395693878320984,True,0.6835130347035062,0.6835130347035062,0.6835130347035062,0.014208159646898281,0.004339243930568502,,,,0.2342703243955566,0.02059711787010546,0.6611376571359504,0,0,0,0
ihdp,0.5,169,sprl,0.2999999999999999,0.1930982926403018,0.4104795401548293,0.2173812475145275,True,0.8153458559728075,0.8153458559728075,0.8153458559728075,0.02080732307631293,0.010613515318716264,,,,0.22914612093149725,0.02338298185298443,0.6500774137634111,0,0,0,0
ihdp,0.5,170,raw,0.3000000000000005,0.22526773017139798,0.40199118010681545,0.17672344993541747,True,1.9707962729657773,1.9707962729657773,1.9707962729657773,,,,,,0.2085329119415087,0.018283742715141105,0.6044813860439775,0,0,0,0
ihdp,0.5,170,balanced,0.3000000000000005,0.23796462058762005,0.4099455317018097,0.17198091111418964,True,2.293084509479012,2.293084509479012,2.293084509479012,0.012938457197132396,0.002829305386088423,,,,0.21150933520027737,0.018513751227578666,0.6110351017862875,0,0,0,0
ihdp,0.5,170,ldm,0.3000000000000005,0.24277177719036036,0.40527247882575285,0.16250070163539249,True,1.7815221706780857,1.7815221706780857,1.7815221706780857,0.013632309564265777,0.0035225981133882285,,,,0.21227706001711977,0.0195384232755454,0.6131413899570541,0,0,0,0
ihdp,0.5,170,sprl,0.3000000000000005,0.22788326905174303,0.4103124019626646,0.18242913291092158,True,0.6731729284172723,0.6731729284172723,0.6731729284172723,0.07036624094082664,0.06895895732714012,,,,0.21037426007069285,0.03722140755180404,0.6086165865167411,0,0,0,0
ihdp,0.5,171,raw,0.3000000000000003,0.2194457630960269,0.3606227125356218,0.14117694943959488,True,1.3688961136247446,1.3688961136247446,1.3688961136247446,,,,,,0.1753131682368177,0.014027052292766204,0.5235153167138911,0,0,0,0
ihdp,0.5,171,balanced,0.3000000000000003,0.21754532038753538,0.36425270099505414,0.14670738060751876,True,3.8632875084023297,3.8632875084023297,3.8632875084023297,0.013457102067177163,0.0035878416658130215,,,,0.17721779635789497,0.0180728625253185,0.5283232217927901,0,0,0,0
ihdp,0.5,171,ldm,0.3000000000000003,0.22866274663676123,0.356243001051911,0.12758025441514975,True,3.5079097053734123,3.5079097053734123,3.5079097053734123,0.013510951132216622,0.003432845316446089,,,,0.17688600882148434,0.015956128380170628,0.5275440841078406,0,0,0,0
ihdp,0.5,171,sprl,0.3000000000000003,0.18447980674240053,0.3448985140125749,0.16041870727017435,True,1.1857071474205667,1.1857071474205667,1.1857071474205667,0.024301077591905206,0.020623388613537658,,,,0.17657613923203053,0.031006845039810965,0.5283521084270008,0,0,0,0
ihdp,0.5,172,raw,0.29999999999999916,0.19825481953902774,0.39975302810135843,0.2014982085623307,True,0.678272303936361,0.678272303936361,0.678272303936361,,,,,,0.23017195686779238,0.020714365623373785,0.6521832102657569,0,0,0,0
ihdp,0.5,172,balanced,0.29999999999999916,0.1934054752379914,0.3881315979499768,0.19472612271198542,True,0.8376784423872716,0.8376784423872716,0.8376784423872716,0.01364016894576759,0.004155049927924377,,,,0.23313509503397764,0.022088309124667284,0.6585814878138432,0,0,0,0
ihdp,0.5,172,ldm,0.29999999999999916,0.1964539712454469,0.38862565070841704,0.19217167946297015,True,0.8260395163824048,0.8260395163824048,0.8260395163824048,0.014515687508068236,0.004473302527157442,,,,0.23304632821894744,0.02086138026468218,0.6583370688422457,0,0,0,0
ihdp,0.5,172,sprl,0.29999999999999916,0.18497119563186915,0.3838239900146162,0.19885279438274706,True,0.7739240861723987,0.7739240861723987,0.7739240861723987,0.024026736395948666,0.020110330731758077,,,,0.23228235078629814,0.03113038889989388,0.656729744549184,0,0,0,0
ihdp,0.5,173,raw,0.2999999999999998,0.21581195226768282,0.3986375223321615,0.18282557006447867,True,0.8956246942636154,0.8956246942636154,0.8956246942636154,,,,,,0.18683406285563153,0.011013548150746807,0.553804968783278,0,0,0,0
ihdp,0.5,173,balanced,0.2999999999999998,0.22423428896346345,0.4018707106363876,0.17763642167292412,True,3.040132271122064,3.040132271122064,3.040132271122064,0.013921726212506366,0.003959974380538061,,,,0.1902179643669759,0.011311685076132408,0.56226596603229,0,0,0,0
ihdp,0.5,173,ldm,0.2999999999999998,0.2255383578217358,0.39901637501903015,0.17347801719729433,True,2.8411460686001964,2.8411460686001964,2.8411460686001964,0.015685490970627824,0.005974478525012742,,,,0.19094070731565474,0.008305277465208906,0.5642624969694582,0,0,0,0
ihdp,0.5,173,sprl,0.2999999999999998,0.21227171498333464,0.3988551087469385,0.1865833937636039,True,1.0209140260995873,1.0209140260995873,1.0209140260995873,0.020123648057026707,0.007118281416639727,,,,0.18879806709109442,0.02757447249201073,0.5589904405029076,0,0,0,0
ihdp,0.5,174,raw,0.2999999999999993,0.22404356140827303,0.40397839914378203,0.179934837735509,True,0.6742268012316164,0.6742268012316164,0.6742268012316164,,,,,,0.2275296659700739,0.02315316978489795,0.6460041574806431,0,0,0,0
ihdp,0.5,174,balanced,0.2999999999999993,0.2159444391776189,0.3977627669966782,0.18181832781905927,True,1.3007355271506817,1.3007355271506817,1.3007355271506817,0.012501708165948968,0.0026474438011064474,,,,0.2281365004033194,0.016670874986167507,0.6475482442547519,0,0,0,0
ihdp,0.5,174,ldm,0.2999999999999993,0.2167494668523067,0.3942787793266255,0.17752931247431877,True,1.0093882516617287,1.0093882516617287,1.0093882516617287,0.014446805657417018,0.004517685922247625,,,,0.22914951821212004,0.016335647435558116,0.6496199892943053,0,0,0,0
ihdp,0.5,174,sprl,0.2999999999999993,0.21767988850862116,0.4007690896388043,0.18308920113018315,True,0.7598062832396166,0.7598062832396166,0.7598062832396166,0.04499553626905096,0.024663263818278443,,,,0.23107983339950952,0.044372181422250676,0.6544540228090228,0,0,0,0
ihdp,0.5,175,raw,0.29999999999999977,0.23163563597787307,0.4133509391850121,0.18171530320713902,True,1.3292183401661204,1.3292183401661204,1.3292183401661204,,,,,,0.22304374862331952,0.018078740321281508,0.6366949029562767,0,0,0,0
ihdp,0.5,175,balanced,0.29999999999999977,0.23193309021435865,0.42959937260898406,0.19766628239462541,True,1.076346939725465,1.076346939725465,1.076346939725465,0.01302903142590426,0.0026822406074550114,,,,0.2284023352644431,0.018340403534930626,0.6483269016727928,0,0,0,0
ihdp,0.5,175,ldm,0.29999999999999977,0.2269277802760671,0.42491520739548744,0.19798742711942033,True,0.8490167227216865,0.8490167227216865,0.8490167227216865,0.01421170004138085,0.0038748949583440996,,,,0.22909899502497902,0.016007078117538414,0.6498391254037713,0,0,0,0
ihdp,0.5,175,sprl,0.29999999999999977,0.22751190399954968,0.4291984819223682,0.20168657792281852,True,0.6930888306144589,0.6930888306144589,0.6930888306144589,0.05048758709334852,0.04752123412939129,,,,0.2266446311004379,0.03374035910140476,0.6448027093285853,0,0,0,0
ihdp,0.5,176,raw,0.3000000000000009,0.20190047280383394,0.4418989898348369,0.23999851703100294,True,0.7938383631212279,0.7938383631212279,0.7938383631212279,,,,,,0.2189986160940161,0.009217030917858094,0.6273200607827785,0,0,0,0
ihdp,0.5,176,balanced,0.3000000000000009,0.19612607355843298,0.44226070124973105,0.24613462769129807,True,1.4455475659570691,1.4455475659570691,1.4455475659570691,0.015063261481753985,0.004663612453814546,,,,0.2243312585130176,0.010997691091893061,0.6394594664207217,0,0,0,0
ihdp,0.5,176,ldm,0.3000000000000009,0.19793860753567355,0.43730950844130123,0.23937090090562768,True,1.0187168537623201,1.0187168537623201,1.0187168537623201,0.014381903632070413,0.004328409640385701,,,,0.2257510892495593,0.011466976117691163,0.6424523160001214,0,0,0,0
ihdp,0.5,176,sprl,0.3000000000000009,0.20554212444304454,0.4397399064999348,0.23419778205689024,True,0.676702798600271,0.676702798600271,0.676702798600271,0.03036886407861575,0.03393562443183414,,,,0.2215365138645711,0.027763384161832255,0.6336044225733415,0,0,0,0
ihdp,0.5,177,raw,0.30000000000000093,0.21385488285269338,0.41576282837174056,0.20190794551904717,True,0.7599200243685652,0.7599200243685652,0.7599200243685652,,,,,,0.21839825483944084,0.01258043859143145,0.6268525141887021,0,0,0,0
ihdp,0.5,177,balanced,0.30000000000000093,0.21821168213402284,0.4202441373477019,0.20203245521367905,True,0.8606120825329556,0.8606120825329556,0.8606120825329556,0.013725292060263109,0.0040333557413416415,,,,0.2288001345027197,0.012644776847242085,0.6493648270362828,0,0,0,0
ihdp,0.5,177,ldm,0.30000000000000093,0.2188310447821469,0.41825794773127556,0.19942690294912865,True,0.7951416363574991,0.7951416363574991,0.7951416363574991,0.013886486104207216,0.004208824482829395,,,,0.22885713390563678,0.010771370453599483,0.6494646332347648,0,0,0,0
ihdp,0.5,177,sprl,0.30000000000000093,0.22413100252700693,0.4245780022866502,0.20044699975964328,True,0.7869631424917738,0.7869631424917738,0.7869631424917738,0.038687530851537984,0.03811803707795423,,,,0.2201858480388113,0.033164985443823125,0.6308850686011225,0,0,0,0
ihdp,0.5,178,raw,0.30000000000000016,0.19236696574724305,0.40862043027791417,0.21625346453067112,True,0.7061638177425644,0.7061638177425644,0.7061638177425644,,,,,,0.21974887553422381,0.011905459998904865,0.6296598932992455,0,0,0,0
ihdp,0.5,178,balanced,0.30000000000000016,0.1917958867723942,0.41420973467965705,0.22241384790726285,True,1.3187055644481545,1.3187055644481545,1.3187055644481545,0.012314358212505282,0.0023775936080428785,,,,0.22201903202503753,0.008242412991472188,0.6346013861386094,0,0,0,0
ihdp,0.5,178,ldm,0.30000000000000016,0.18792422444784296,0.4121854217136508,0.22426119726580784,True,1.0934820653436474,1.0934820653436474,1.0934820653436474,0.013558666799034683,0.0038674026406586293,,,,0.22298513225609012,0.017767033105016632,0.636680142066068,0,0,0,0
ihdp,0.5,178,sprl,0.30000000000000016,0.19638189704417588,0.4149932913765071,0.2186113943323312,True,0.7521735287689564,0.7521735287689564,0.7521735287689564,0.03522151449153316,0.02234764398575593,,,,0.22221963148784904,0.02870469721475635,0.6352856228985716,0,0,0,0
ihdp,0.5,179,raw,0.3000000000000007,0.22910215153863955,0.39623207247886766,0.1671299209402281,True,0.9276150912961282,0.9276150912961282,0.9276150912961282,,,,,,0.2193415656160153,0.013558855943848746,0.6281634188939632,0,0,0,0
ihdp,0.5,179,balanced,0.3000000000000007,0.21792214850171698,0.4031254747604356,0.1852033262587186,True,1.1857791669125939,1.1857791669125939,1.1857791669125939,0.012723362877617845,0.0025705457678722294,,,,0.22298571223935507,0.01314129433749539,0.6363481004547372,0,0,0,0
ihdp,0.5,179,ldm,0.3000000000000007,0.22481639655757607,0.396044450267819,0.1712280537102429,True,1.0129972822955438,1.0129972822955438,1.0129972822955438,0.014133225462054602,0.003977725533067422,,,,0.222571693553503,0.01051465822832908,0.6355128935365781,0,0,0,0
ihdp,0.5,179,sprl,0.3000000000000007,0.21347684510314346,0.39128643365887417,0.1778095885557307,True,0.7130811591063726,0.7130811591063726,0.7130811591063726,0.02285767892277253,0.012819981032532618,,,,0.22198422391365089,0.03076566495077126,0.6341952763451416,0,0,0,0
ihdp,0.5,180,raw,0.2999999999999998,0.211543143447028,0.39311094755885095,0.18156780411182297,True,0.7114067226919621,0.7114067226919621,0.7114067226919621,,,,,,0.2180401836420163,0.010038587263889885,0.6260706119110712,0,0,0,0
ihdp,0.5,180,balanced,0.2999999999999998,0.21725406394344718,0.3979421453080502,0.18068808136460304,True,1.1765357630643825,1.1765357630643825,1.1765357630643825,0.013048361839455671,0.003056673786219579,,,,0.2196217793532418,0.0171083140577744,0.6296996757693878,0,0,0,0
ihdp,0.5,180,ldm,0.2999999999999998,0.22485334078939823,0.39576848672477066,0.17091514593537244,True,1.1796539671849149,1.1796539671849149,1.1796539671849149,0.015008998599811653,0.006227492033722935,,,,0.2194083706984696,0.013350782377746078,0.6290735256092461,0,0,0,0
ihdp,0.5,180,sprl,0.2999999999999998,0.20310618856729556,0.3874952832738785,0.18438909470658293,True,0.6509252422212913,0.6509252422212913,0.6509252422212913,0.019182045588450377,0.008061974907529574,,,,0.2195398986865584,0.01858735973795117,0.6292409614757212,0,0,0,0
ihdp,0.5,181,raw,0.2999999999999997,0.20167679974442804,0.43497378713262613,0.2332969873881981,True,1.395774163491362,1.395774163491362,1.395774163491362,,,,,,0.2320397896267233,0.014343410450545624,0.6558056234967365,0,0,0,0
ihdp,0.5,181,balanced,0.2999999999999997,0.21500686430706806,0.4355108706055669,0.22050400629849887,True,0.6372957487099015,0.6372957487099015,0.6372957487099015,0.012939829709228525,0.0028307958542397827,,,,0.23488684915312605,0.01213762635888307,0.6619497309714136,0,0,0,0
ihdp,0.5,181,ldm,0.2999999999999997,0.2109834758624348,0.43153779245100243,0.22055431658856764,True,0.6071551850866205,0.6071551850866205,0.6071551850866205,0.015540044325171707,0.006266848219774439,,,,0.23479919708973002,0.009057827942173705,0.661752596179203,0,0,0,0
ihdp,0.5,181,sprl,0.2999999999999997,0.20598299479026277,0.43425681177795467,0.2282738169876919,True,0.7636364658271259,0.7636364658271259,0.7636364658271259,0.01577857897214451,0.006502304416883067,,,,0.23444656997980418,0.022129624111033187,0.6609723238820856,0,0,0,0
ihdp,0.5,182,raw,0.30000000000000077,0.23771683729547266,0.39562815997580986,0.1579113226803372,True,1.7942468822593682,1.7942468822593682,1.7942468822593682,,,,,,0.21773497265381014,0.010125067468498061,0.6243046177298854,0,0,0,0
ihdp,0.5,182,balanced,0.30000000000000077,0.24428514564270107,0.40626245722823445,0.16197731158553338,True,1.3132275788507732,1.3132275788507732,1.3132275788507732,0.01351562545901042,0.0031066681049365433,,,,0.21826392914172624,0.01786179468335591,0.6258362747761678,0,0,0,0
ihdp,0.5,182,ldm,0.30000000000000077,0.24681034075956249,0.40610036573273695,0.15929002497317446,True,1.3961730056700188,1.3961730056700188,1.3961730056700188,0.013862947024122958,0.003326270778640888,,,,0.21838783019704633,0.013462259763923429,0.6260956262238541,0,0,0,0
ihdp,0.5,182,sprl,0.30000000000000077,0.23629394780923793,0.40288097656029254,0.1665870287510546,True,0.6505656435648625,0.6505656435648625,0.6505656435648625,0.012287015128958634,0.0014080056577726592,,,,0.21970999504361016,0.03368379453961939,0.6291436886732679,0,0,0,0
ihdp,0.5,183,raw,0.3000000000000003,0.2089741365256029,0.4140391614402312,0.20506502491462827,True,1.9474961189484727,1.9474961189484727,1.9474961189484727,,,,,,0.2216571388141149,0.010514247198074375,0.6331400185083174,0,0,0,0
ihdp,0.5,183,balanced,0.3000000000000003,0.19940199855787746,0.40403584825607286,0.2046338496981954,True,0.9162633784208333,0.9162633784208333,0.9162633784208333,0.012284510931161577,0.00249780480838317,,,,0.22359964127000684,0.01589015362817709,0.637390461809782,0,0,0,0
ihdp,0.5,183,ldm,0.3000000000000003,0.19933262238511712,0.40281481552686904,0.20348219314175192,True,0.8057342739148139,0.8057342739148139,0.8057342739148139,0.01381621486655791,0.004478877731867311,,,,0.22370043053255423,0.014953812016068036,0.6376077758182526,0,0,0,0
ihdp,0.5,183,sprl,0.3000000000000003,0.17632317438847261,0.4012419161507519,0.22491874176227927,True,0.6090244760506464,0.6090244760506464,0.6090244760506464,0.021865824296531666,0.007381821487951612,,,,0.22516368930312036,0.04168819792714904,0.6414943132372155,0,0,0,0
ihdp,0.5,184,raw,0.3000000000000009,0.22075860032532074,0.3711212813665928,0.15036268104127204,True,0.7046024998011003,0.7046024998011003,0.7046024998011003,,,,,,0.22272458471631204,0.014581499165034597,0.635275822711981,0,0,0,0
ihdp,0.5,184,balanced,0.3000000000000009,0.22370740859774987,0.3772264109625218,0.15351900236477192,True,1.2216312153343052,1.2216312153343052,1.2216312153343052,0.014774848909187932,0.005217179250549667,,,,0.22637139658117575,0.00883685969628443,0.6433127470762171,0,0,0,0
ihdp,0.5,184,ldm,0.3000000000000009,0.22756809437939401,0.3751602258386044,0.1475921314592104,True,1.071882266222195,1.071882266222195,1.071882266222195,0.013980055982415099,0.0038966822851377856,,,,0.22695505781880188,0.01587790965974775,0.6446898994158805,0,0,0,0
ihdp,0.5,184,sprl,0.3000000000000009,0.21113693812840603,0.37126592519029883,0.1601289870618928,True,0.721216052480631,0.721216052480631,0.721216052480631,0.01459256253759486,0.0029779046163789825,,,,0.22547547370257717,0.025007261517030404,0.6415852753671146,0,0,0,0
ihdp,0.5,185,raw,0.29999999999999993,0.21692501013968604,0.41322398775955055,0.1962989776198645,True,0.920584466627867,0.920584466627867,0.920584466627867,,,,,,0.2218205206543067,0.00801183763312857,0.6338122562446129,0,0,0,0
ihdp,0.5,185,balanced,0.29999999999999993,0.2161452761596669,0.41324725918089444,0.19710198302122756,True,1.3815510504214632,1.3815510504214632,1.3815510504214632,0.013157831918760908,0.003615360256389893,,,,0.22459622533199303,0.01168609754725336,0.6399183287668003,0,0,0,0
ihdp,0.5,185,ldm,0.29999999999999993,0.22005388948424515,0.41149273182188933,0.1914388423376442,True,1.059059885479854,1.059059885479854,1.059059885479854,0.012783740457327688,0.0031782178105940187,,,,0.22550291752336266,0.006472966549073474,0.6418905748369458,0,0,0,0
ihdp,0.5,185,sprl,0.29999999999999993,0.21468576218211807,0.4085048855061658,0.19381912332404774,True,0.7329057025717489,0.7329057025717489,0.7329057025717489,0.014886414046852675,0.0034561196495512306,,,,0.22359366082259494,0.021619792546641366,0.6379644822378608,0,0,0,0
ihdp,0.5,186,raw,0.30000000000000093,0.229546417479787,0.3815120123967558,0.15196559491696882,True,0.7169637805839286,0.7169637805839286,0.7169637805839286,,,,,,0.18864062467424264,0.013201814931359322,0.5574996847210962,0,0,0,0
ihdp,0.5,186,balanced,0.30000000000000093,0.24672484840234224,0.39971974570469343,0.1529948973023512,True,2.736236309373054,2.736236309373054,2.736236309373054,0.01285169524431193,0.0029319847640514717,,,,0.19060628868821017,0.01890885055453507,0.5621741576766046,0,0,0,0
ihdp,0.5,186,ldm,0.30000000000000093,0.24124218979005155,0.39142472823372165,0.1501825384436701,True,2.695258893141586,2.695258893141586,2.695258893141586,0.013818151988503303,0.003929724755841524,,,,0.19061040858666767,0.018092732488501375,0.5622989370811708,0,0,0,0
ihdp,0.5,186,sprl,0.30000000000000093,0.22414024580057412,0.39283970277554964,0.16869945697497551,True,0.6124085235157237,0.6124085235157237,0.6124085235157237,0.04500461534462753,0.042747139457381456,,,,0.1897014126685619,0.023950893549840535,0.5606776012420697,0,0,0,0
ihdp,0.5,187,raw,0.29999999999999927,0.2237111797335895,0.4006185514413082,0.1769073717077187,True,1.2361295384083097,1.2361295384083097,1.2361295384083097,,,,,,0.22141649372031397,0.018942653394067206,0.6336335564762027,0,0,0,0
ihdp,0.5,187,balanced,0.29999999999999927,0.2200896262606984,0.38809033900113543,0.16800071274043704,True,1.3602992658182433,1.3602992658182433,1.3602992658182433,0.016204923854608023,0.005665703173753514,,,,0.22323187993932475,0.01559517046811242,0.6370995264449797,0,0,0,0
ihdp,0.5,187,ldm,0.29999999999999927,0.21931972492305632,0.385185338855517,0.16586561393246066,True,1.2152662462091723,1.2152662462091723,1.2152662462091723,0.01381398006561387,0.003361482776035636,,,,0.2238737421496513,0.01684302590501936,0.6385212287134937,0,0,0,0
ihdp,0.5,187,sprl,0.29999999999999927,0.20280841706480718,0.38182878040698554,0.17902036334217836,True,0.6412408124449093,0.6412408124449093,0.6412408124449093,0.022607831812650157,0.016912802480268375,,,,0.222947689152798,0.030015366067587618,0.6369150513038303,0,0,0,0
ihdp,0.5,188,raw,0.3000000000000012,0.23299441925673736,0.3848100676983905,0.15181564844165313,True,0.9934472231498351,0.9934472231498351,0.9934472231498351,,,,,,0.22236087561523013,0.014063213386470742,0.6349307082606045,0,0,0,0
ihdp,0.5,188,balanced,0.3000000000000012,0.2387219040998223,0.39533697083831,0.15661506673848768,True,1.268255593548759,1.268255593548759,1.268255593548759,0.01311445810947152,0.0034282941323495594,,,,0.22849687621873108,0.01178710485796805,0.6485334497551676,0,0,0,0
ihdp,0.5,188,ldm,0.3000000000000012,0.23708150102106773,0.39168683992445974,0.154605338903392,True,1.059626710462783,1.059626710462783,1.059626710462783,0.013554508516260373,0.0038835841259645533,,,,0.22844885350419072,0.017880017962564825,0.6484205564477132,0,0,0,0
ihdp,0.5,188,sprl,0.3000000000000012,0.23341737900295298,0.39385619347672884,0.16043881447377586,True,0.7426130438238223,0.7426130438238223,0.7426130438238223,0.020160025699901198,0.013260174952623174,,,,0.22560671448984354,0.029534217539230252,0.6422116163459205,0,0,0,0
ihdp,0.5,189,raw,0.2999999999999996,0.20328498603747233,0.414262931714747,0.21097794567727465,True,0.6066608886253033,0.6066608886253033,0.6066608886253033,,,,,,0.22108707021692595,0.014368337736448038,0.6319577873917169,0,0,0,0
ihdp,0.5,189,balanced,0.2999999999999996,0.19620980347876055,0.4145251581200829,0.21831535464132235,True,0.6646733155671236,0.6646733155671236,0.6646733155671236,0.013017337743697007,0.0026806385483983367,,,,0.23107990964127648,0.02186558364340625,0.6535162633241476,0,0,0,0
ihdp,0.5,189,ldm,0.2999999999999996,0.20072868721069057,0.4095446973665005,0.20881601015580994,True,0.6434783912606741,0.6434783912606741,0.6434783912606741,0.014550361860912074,0.004295522211242571,,,,0.23083945727831773,0.01674815112703431,0.6529854290627026,0,0,0,0
ihdp,0.5,189,sprl,0.2999999999999996,0.21016043720171337,0.41298204991016,0.20282161270844665,True,0.6346696193998258,0.6346696193998258,0.6346696193998258,0.020252664851171352,0.00948094809703095,,,,0.22397989355560527,0.029349889463358772,0.6385524456177067,0,0,0,0
ihdp,0.5,190,raw,0.29999999999999993,0.23222138541404883,0.38533073309362265,0.15310934767957382,True,0.6668268172581843,0.6668268172581843,0.6668268172581843,,,,,,0.1726832346131665,0.011323390518238169,0.5182974048460512,0,0,0,0
ihdp,0.5,190,balanced,0.29999999999999993,0.23990149298022626,0.3922580948627471,0.15235660188252084,True,3.3480066856636155,3.3480066856636155,3.3480066856636155,0.013023547914402309,0.002897906739053271,,,,0.172874133529766,0.01773524274918994,0.5188532186292332,0,0,0,0
ihdp,0.5,190,ldm,0.29999999999999993,0.23274750672350614,0.38838521321430897,0.15563770649080283,True,3.3216702530627766,3.3216702530627766,3.3216702530627766,0.013748906443571116,0.0036845564345925263,,,,0.17243493357036319,0.01787721309751102,0.5180402797976666,0,0,0,0
ihdp,0.5,190,sprl,0.29999999999999993,0.2247539842151944,0.3836916211540327,0.1589376369388383,True,1.1738718688805772,1.1738718688805772,1.1738718688805772,0.12026162675216251,0.095233522735656,,,,0.17377956367234534,0.02363550214807524,0.5217532792242103,0,0,0,0
ihdp,0.5,191,raw,0.29999999999999905,0.19563223427222914,0.4380157664188137,0.24238353214658453,True,1.980382572928192,1.980382572928192,1.980382572928192,,,,,,0.22868756191991318,0.012685443525328067,0.6481229697395396,0,0,0,0
ihdp,0.5,191,balanced,0.29999999999999905,0.2056078336187651,0.45884216255521915,0.25323432893645403,True,0.6905633335079335,0.6905633335079335,0.6905633335079335,0.013192661923423481,0.003132172470633743,,,,0.23199505393137093,0.013885053516637881,0.6550263723493069,0,0,0,0
ihdp,0.5,191,ldm,0.29999999999999905,0.19877654463402303,0.45154080906454674,0.2527642644305237,True,0.6727778565986674,0.6727778565986674,0.6727778565986674,0.013218756689888358,0.003214604650339423,,,,0.2314042513580578,0.015045728345315885,0.653875934822134,0,0,0,0
ihdp,0.5,191,sprl,0.29999999999999905,0.2114839549336195,0.4608614900087504,0.24937753507513089,True,0.6286221774066948,0.6286221774066948,0.6286221774066948,0.03370327847320812,0.01861038370276556,,,,0.23399087125899215,0.03844706603684378,0.6602780671127292,0,0,0,0
ihdp,0.5,192,raw,0.3000000000000005,0.20706820815382768,0.4085473643799748,0.20147915622614712,True,0.8287905213133693,0.8287905213133693,0.8287905213133693,,,,,,0.22910725854633138,0.008970711267186036,0.6497884946475941,0,0,0,0
ihdp,0.5,192,balanced,0.3000000000000005,0.20783778119711604,0.42405068798721457,0.21621290679009852,True,0.9631967608311093,0.9631967608311093,0.9631967608311093,0.013303849161119515,0.003024505929567129,,,,0.23043115690247423,0.014071256013759378,0.6526157639798381,0,0,0,0
ihdp,0.5,192,ldm,0.3000000000000005,0.21073261576654012,0.4223440926470894,0.21161147688054927,True,0.7475718467078696,0.7475718467078696,0.7475718467078696,0.013549234786033267,0.003069412867160541,,,,0.23045345402652548,0.011954668083983934,0.6527354938647176,0,0,0,0
ihdp,0.5,192,sprl,0.3000000000000005,0.19568670652122755,0.41552954329044406,0.2198428367692165,True,0.8524248900552304,0.8524248900552304,0.8524248900552304,0.01322051111570716,0.001636585355551583,,,,0.23295392106327617,0.03135030337140226,0.6585247088843297,0,0,0,0
ihdp,0.5,193,raw,0.30000000000000004,0.22240132582495134,0.4177557628817959,0.19535443705684455,True,0.8167109191478585,0.8167109191478585,0.8167109191478585,,,,,,0.22757789252220972,0.004686150911088006,0.6462952072201623,0,0,0,0
ihdp,0.5,193,balanced,0.30000000000000004,0.22642223473232506,0.4243500198181047,0.19792778508577966,True,0.7284969561773401,0.7284969561773401,0.7284969561773401,0.01254493069277801,0.002503336837600031,,,,0.2306638604719047,0.008722707227106824,0.6529338849728752,0,0,0,0
ihdp,0.5,193,ldm,0.30000000000000004,0.22676417922298006,0.42233705492088336,0.1955728756979033,True,0.6147505219512864,0.6147505219512864,0.6147505219512864,0.01281167817598571,0.0026037800076797644,,,,0.23053602593912093,0.006933167126524031,0.6527002531460501,0,0,0,0
ihdp,0.5,193,sprl,0.30000000000000004,0.22283546583986308,0.42093579563587064,0.19810032979600756,True,0.6964232979102564,0.6964232979102564,0.6964232979102564,0.0462674065450695,0.030695924709712837,,,,0.2307788958383173,0.022022322172112894,0.6530492886023328,0,0,0,0
ihdp,0.5,194,raw,0.29999999999999943,0.232388919406445,0.4048442067155349,0.1724552873090899,True,0.9522623291193846,0.9522623291193846,0.9522623291193846,,,,,,0.16874051979673765,0.0071255679492551755,0.50791463322599,0,0,0,0
ihdp,0.5,194,balanced,0.29999999999999943,0.23302150058661664,0.3993333977920942,0.16631189720547757,True,3.6753090374392587,3.6753090374392587,3.6753090374392587,0.012957170991015527,0.002961826174501606,,,,0.1718380171215451,0.011193809197523408,0.5152825648494398,0,0,0,0
ihdp,0.5,194,ldm,0.29999999999999943,0.23037794609482506,0.400012848927815,0.16963490283298996,True,3.687784736885148,3.687784736885148,3.687784736885148,0.013188575910869088,0.0031017647759971293,,,,0.17221062562957476,0.007184299258114519,0.5161156070862651,0,0,0,0
ihdp,0.5,194,sprl,0.29999999999999943,0.20455366935253458,0.3898051186985627,0.18525144934602814,True,1.0789425279329454,1.0789425279329454,1.0789425279329454,0.014613264754280443,0.0024738741854688244,,,,0.1716580615432661,0.029857039473553684,0.5163361362995471,0,0,0,0
ihdp,0.5,195,raw,0.30000000000000043,0.1965810054531764,0.40512227937093903,0.20854127391776264,True,1.462282783086999,1.462282783086999,1.462282783086999,,,,,,0.22717613366870046,0.0068532815425924485,0.6457899101956915,0,0,0,0
ihdp,0.5,195,balanced,0.30000000000000043,0.20140712400104263,0.41940449819586645,0.21799737419482382,True,1.031222908975298,1.031222908975298,1.031222908975298,0.012502426219035521,0.002686972032851693,,,,0.23072984414484746,0.012147783036882357,0.6534366726320118,0,0,0,0
ihdp,0.5,195,ldm,0.30000000000000043,0.20347547388642137,0.41906675309289804,0.21559127920647667,True,0.8629520066238973,0.8629520066238973,0.8629520066238973,0.013050755324796657,0.003353687199241006,,,,0.2307860184681743,0.009967941692434331,0.6535689540517461,0,0,0,0
ihdp,0.5,195,sprl,0.30000000000000043,0.1727389483427648,0.41059079083916294,0.23785184249639815,True,0.6123934457612566,0.6123934457612566,0.6123934457612566,0.01998652094555116,0.012620277506540411,,,,0.22984535997334238,0.02821936068246117,0.6523420653983322,0,0,0,0
ihdp,0.5,196,raw,0.30000000000000004,0.21589295819034005,0.41749193323095535,0.2015989750406153,True,0.736897872965236,0.736897872965236,0.736897872965236,,,,,,0.20311200947313074,0.0076116848515254375,0.5915963779860322,0,0,0,0
ihdp,0.5,196,balanced,0.30000000000000004,0.21858647308127332,0.42192418795188913,0.2033377148706158,True,1.4791560365151262,1.4791560365151262,1.4791560365151262,0.012875135746128481,0.003141420733098579,,,,0.21238668099781088,0.008267215105781156,0.6128030819131759,0,0,0,0
ihdp,0.5,196,ldm,0.30000000000000004,0.2084173245494607,0.4116398071959611,0.20322248264650042,True,1.4206902050927377,1.4206902050927377,1.4206902050927377,0.013610655072037603,0.00394237839608645,,,,0.2120488714935568,0.008346305885801257,0.6121200969494397,0,0,0,0
ihdp,0.5,196,sprl,0.30000000000000004,0.21081432379051948,0.40858409187520733,0.19776976808468785,True,0.7078727957867655,0.7078727957867655,0.7078727957867655,0.06056495769933153,0.06187693263752235,,,,0.20495048922065662,0.022856183915889734,0.5963913516302732,0,0,0,0
ihdp,0.5,197,raw,0.2999999999999997,0.20622179965932824,0.3892273402561143,0.18300554059678603,True,1.117203839276709,1.117203839276709,1.117203839276709,,,,,,0.2010184455620731,0.01010144708081525,0.5882089072467582,0,0,0,0
ihdp,0.5,197,balanced,0.2999999999999997,0.20918837503242277,0.39653778037527515,0.18734940534285238,True,1.817440182858333,1.817440182858333,1.817440182858333,0.013604639422788256,0.004054966056959325,,,,0.20636501757043443,0.011018845730469769,0.5998397314716319,0,0,0,0
ihdp,0.5,197,ldm,0.2999999999999997,0.20893650681598566,0.38710930904588486,0.1781728022298992,True,1.732822179763211,1.732822179763211,1.732822179763211,0.013236211467379062,0.003272858871835949,,,,0.20612835244201796,0.0057833704718186245,0.5992062071812925,0,0,0,0
ihdp,0.5,197,sprl,0.2999999999999997,0.18237197821733744,0.3779555991217007,0.19558362090436324,True,0.8616222242479554,0.8616222242479554,0.8616222242479554,0.01981500121867681,0.006521786791780709,,,,0.20239871315467775,0.025929011778292002,0.5916260080517599,0,0,0,0
ihdp,0.5,198,raw,0.29999999999999943,0.2111643335972888,0.4235524247150577,0.2123880911177689,True,1.2707822309916832,1.2707822309916832,1.2707822309916832,,,,,,0.2241816120377929,0.011263735832790351,0.6393077793945917,0,0,0,0
ihdp,0.5,198,balanced,0.29999999999999943,0.2120950606262185,0.4255225046001215,0.21342744397390298,True,0.6707305388427133,0.6707305388427133,0.6707305388427133,0.012275305952897558,0.0025721392411035167,,,,0.23370361058036432,0.01881644239054462,0.6596140260427561,0,0,0,0
ihdp,0.5,198,ldm,0.29999999999999943,0.20638365245492082,0.41984684121897364,0.21346318876405282,True,0.6121749335742074,0.6121749335742074,0.6121749335742074,0.013328651965124498,0.0034475759220340754,,,,0.2334482511970302,0.01655616050470237,0.6590528450357933,0,0,0,0
ihdp,0.5,198,sprl,0.29999999999999943,0.19295372511546655,0.4179952430862131,0.22504151797074656,True,0.6615472396530754,0.6615472396530754,0.6615472396530754,0.01730102893903429,0.009751388017380071,,,,0.22801003896008107,0.02327984370534829,0.6477681932836458,0,0,0,0
ihdp,0.5,199,raw,0.30000000000000016,0.23317152120950838,0.39635787475527734,0.16318635354576896,True,0.8618528328464489,0.8618528328464489,0.8618528328464489,,,,,,0.2189567293083194,0.008939829947717373,0.6269843051022628,0,0,0,0
ihdp,0.5,199,balanced,0.30000000000000016,0.2368200730342598,0.3944834110945336,0.1576633380602738,True,1.2295506652733905,1.2295506652733905,1.2295506652733905,0.014884837186598526,0.004692159708178191,,,,0.2244762081921174,0.008534799903998568,0.6387991367483306,0,0,0,0
ihdp,0.5,199,ldm,0.30000000000000016,0.23380491430533248,0.38711729811047707,0.1533123838051446,True,1.130416993446644,1.130416993446644,1.130416993446644,0.013955534571045626,0.0034639110665623664,,,,0.223585565320593,0.008252458241120758,0.6368815668601595,0,0,0,0
ihdp,0.5,199,sprl,0.30000000000000016,0.21380372867868228,0.3875222176073272,0.17371848892864492,True,0.7059436804473348,0.7059436804473348,0.7059436804473348,0.023733546358703863,0.017677086738375914,,,,0.22226188342949582,0.03524166080979185,0.6346171309232836,0,0,0,0
ihdp,0.5,200,raw,0.30000000000000027,0.24146008469419702,0.39251785977085096,0.15105777507665394,True,1.2276198823946323,1.2276198823946323,1.2276198823946323,,,,,,0.2147476022183184,0.014614797683365826,0.6180696719502876,0,0,0,0
ihdp,0.5,200,balanced,0.30000000000000027,0.23474518252612078,0.3876223286462078,0.15287714612008704,True,1.6686336257519927,1.6686336257519927,1.6686336257519927,0.012767834508269137,0.002656149558963228,,,,0.21562444901529615,0.011666024269854545,0.6201701007555541,0,0,0,0
ihdp,0.5,200,ldm,0.30000000000000027,0.2367674651207154,0.3860347854554287,0.1492673203347133,True,1.342918466808838,1.342918466808838,1.342918466808838,0.013360233587963967,0.0031346464152315905,,,,0.21580523941547244,0.008922076003207017,0.6203608273623462,0,0,0,0
ihdp,0.5,200,sprl,0.30000000000000027,0.23572598394973374,0.38585488338827173,0.150128899438538,True,0.6877021768023147,0.6877021768023147,0.6877021768023147,0.036856364886475715,0.03367151551700145,,,,0.21629932884361733,0.02771156530605424,0.6213245483764532,0,0,0,0
ihdp,0.8,101,raw,0.30000000000000104,0.19076520744991862,0.4237463892985351,0.23298118184861646,True,0.6814985852495131,0.6814985852495131,0.6814985852495131,,,,,,0.19394126800759326,0.022141294083732492,0.5698764266986733,0,0,0,0
ihdp,0.8,101,balanced,0.30000000000000104,0.18592929130399172,0.42204132627698954,0.23611203497299782,True,2.1868788602323965,2.1868788602323965,2.1868788602323965,0.012903386292407651,0.00311372377923224,,,,0.19842949042897004,0.021349038898768512,0.5808478542339837,0,0,0,0
ihdp,0.8,101,ldm,0.30000000000000104,0.18568948163070845,0.4105240815556308,0.22483459992492236,True,2.1100078106624354,2.1100078106624354,2.1100078106624354,0.014408444680682482,0.004079197452063427,,,,0.19805049021036772,0.01817041746530583,0.5798377469622022,0,0,0,0
ihdp,0.8,101,sprl,0.30000000000000104,0.1741077687651324,0.413299346625484,0.2391915778603516,True,0.6899144522418156,0.6899144522418156,0.6899144522418156,0.015551200283523654,0.0017260149302170695,,,,0.19865739692349793,0.03956947484329585,0.5823573511279951,0,0,0,0
ihdp,0.8,102,raw,0.3000000000000007,0.177823346793151,0.4701425358107558,0.2923191890176048,True,1.3454984628723332,1.3454984628723332,1.3454984628723332,,,,,,0.21328663042526308,0.019626054223307578,0.6147039308358005,0,0,0,0
ihdp,0.8,102,balanced,0.3000000000000007,0.17864047863336677,0.48173112977243393,0.3030906511390672,True,1.3382567794858804,1.3382567794858804,1.3382567794858804,0.01319340777294274,0.002975563361918314,,,,0.21467015339855766,0.01427747535167743,0.6176961811745156,0,0,0,0
ihdp,0.8,102,ldm,0.3000000000000007,0.17847460398311665,0.4772160950179086,0.298741491034792,True,1.190514708752933,1.190514708752933,1.190514708752933,0.013585956319746061,0.0033283636298598665,,,,0.21821478077538073,0.017426414413827983,0.6256229335026757,0,0,0,0
ihdp,0.8,102,sprl,0.3000000000000007,0.1630944611912405,0.47678806301215015,0.31369360182090966,True,0.4799704677212331,0.4799704677212331,0.4799704677212331,0.04228630118620899,0.030614317617911183,,,,0.21630784872842632,0.036835601790431424,0.6217048865788384,0,0,0,0
ihdp,0.8,103,raw,0.29999999999999943,0.16278743474015067,0.47955428182732596,0.3167668470871753,True,1.053402869538852,1.053402869538852,1.053402869538852,,,,,,0.22194108571310225,0.01615626966666319,0.6337815033137824,0,0,0,0
ihdp,0.8,103,balanced,0.29999999999999943,0.15479529058961788,0.4910025597003028,0.33620726911068494,True,0.9164767067153675,0.9164767067153675,0.9164767067153675,0.012993531183324672,0.0028117779539015724,,,,0.22381057623645803,0.015377843427614786,0.6379932008035403,0,0,0,0
ihdp,0.8,103,ldm,0.29999999999999943,0.1626627371757238,0.486022325860421,0.32335958868469716,True,0.7209086373332276,0.7209086373332276,0.7209086373332276,0.013041466634139735,0.002871675836582341,,,,0.2246500789457082,0.018994378364348346,0.6396062386655956,0,0,0,0
ihdp,0.8,103,sprl,0.29999999999999943,0.11859858432230094,0.4869999604092631,0.3684013760869621,True,0.47683920871892954,0.47683920871892954,0.47683920871892954,0.016734493491498373,0.002970413947425555,,,,0.22425728393047428,0.026996949602439906,0.6394391705891219,0,0,0,0
ihdp,0.8,104,raw,0.3,0.183607784949013,0.466706184676462,0.283098399727449,True,1.6895015243867586,1.6895015243867586,1.6895015243867586,,,,,,0.20908273534486915,0.010521331540136552,0.6058088065359274,0,0,0,0
ihdp,0.8,104,balanced,0.3,0.19842140237667458,0.488933727227437,0.2905123248507624,True,1.3662779349925394,1.3662779349925394,1.3662779349925394,0.01321358857429629,0.0029509808034153934,,,,0.2118357893299636,0.00930595573545738,0.6119766627388422,0,0,0,0
ihdp,0.8,104,ldm,0.3,0.1932677155176083,0.4853870413183584,0.2921193258007501,True,1.2407492886268836,1.2407492886268836,1.2407492886268836,0.013991387277240792,0.003538675562976974,,,,0.2122188071814321,0.009604717478607673,0.6130387550535906,0,0,0,0
ihdp,0.8,104,sprl,0.3,0.1954291017278054,0.4848907021652359,0.2894616004374305,True,0.5840526494195186,0.5840526494195186,0.5840526494195186,0.04512311768283587,0.03553950447533851,,,,0.21189759448141796,0.016308473763692762,0.6122345813009143,0,0,0,0
ihdp,0.8,105,raw,0.29999999999999977,0.14752099863095705,0.49542445706905375,0.34790345843809667,True,1.090578209859166,1.090578209859166,1.090578209859166,,,,,,0.2275840378649281,0.009747364351691604,0.6465438030487515,0,0,0,0
ihdp,0.8,105,balanced,0.29999999999999977,0.14379063603052394,0.48933831367506253,0.3455476776445386,True,0.5536305606996974,0.5536305606996974,0.5536305606996974,0.013004372824706763,0.002839564809382208,,,,0.22872890445588318,0.012688351113922804,0.6489321079738274,0,0,0,0
ihdp,0.8,105,ldm,0.29999999999999977,0.14120601126431934,0.4860629428818457,0.3448569316175264,True,0.536832084041095,0.536832084041095,0.536832084041095,0.014373652606331867,0.0046415087149353365,,,,0.22895781987952551,0.011605295717883499,0.6493657295990956,0,0,0,0
ihdp,0.8,105,sprl,0.29999999999999977,0.14014998905666917,0.4854277351601818,0.3452777461035126,True,0.4711013748100121,0.4711013748100121,0.4711013748100121,0.015720952822259143,0.0030047801521926733,,,,0.22941585798058473,0.02260362382936803,0.6506840194549959,0,0,0,0
ihdp,0.8,106,raw,0.2999999999999993,0.18190228940031952,0.4697453033507462,0.28784301395042666,True,0.8485355264160608,0.8485355264160608,0.8485355264160608,,,,,,0.19845847695189456,0.017358613399927253,0.5811489321704257,0,0,0,0
ihdp,0.8,106,balanced,0.2999999999999993,0.16886045925772472,0.4636603163200774,0.2947998570623527,True,1.6408626256980336,1.6408626256980336,1.6408626256980336,0.012471523737594453,0.0026794619740521533,,,,0.19817917851700934,0.012059946584379873,0.5805930086107426,0,0,0,0
ihdp,0.8,106,ldm,0.2999999999999993,0.1752065232666064,0.4606967255585014,0.285490202291895,True,1.6017580414248223,1.6017580414248223,1.6017580414248223,0.013472640862329313,0.003342158754516092,,,,0.1983160406823081,0.015431775261771105,0.5809701495169324,0,0,0,0
ihdp,0.8,106,sprl,0.2999999999999993,0.15283326727717275,0.46690818170603704,0.31407491442886426,True,0.48213442993284733,0.48213442993284733,0.48213442993284733,0.04486683159367818,0.030661949726400177,,,,0.20032486660646756,0.02647452072720266,0.5855274325470052,0,0,0,0
ihdp,0.8,107,raw,0.30000000000000043,0.14130954093703013,0.4972167253663567,0.35590718442932656,True,0.8474540595157806,0.8474540595157806,0.8474540595157806,,,,,,0.23777583666000454,0.02772420889953736,0.6687518718205429,0,0,0,0
ihdp,0.8,107,balanced,0.30000000000000043,0.13882085344536393,0.5117931183807588,0.37297226493539487,True,0.5302257689031546,0.5302257689031546,0.5302257689031546,0.013289093565926117,0.003096898564566869,,,,0.24000238255142248,0.023275101538473293,0.6730614087128793,0,0,0,0
ihdp,0.8,107,ldm,0.30000000000000043,0.10139561039330956,0.4948635742431783,0.3934679638498687,True,0.5346079411959069,0.5346079411959069,0.5346079411959069,0.014888435010907159,0.00446108212962305,,,,0.24009513553452871,0.021846704210128614,0.6735495591339553,0,0,0,0
ihdp,0.8,107,sprl,0.30000000000000043,0.14634854926496738,0.5086819754034432,0.3623334261384758,True,0.4510092116204811,0.4510092116204811,0.4510092116204811,0.04389693043206233,0.04646267168676321,,,,0.24090898940606562,0.04642879220765316,0.6753372141971149,0,0,0,0
ihdp,0.8,108,raw,0.2999999999999999,0.17321013850927133,0.4723611058379148,0.29915096732864344,True,1.2585466974204091,1.2585466974204091,1.2585466974204091,,,,,,0.22027698481745492,0.015239565332549602,0.6298694936439612,0,0,0,0
ihdp,0.8,108,balanced,0.2999999999999999,0.17857281331313138,0.4782827934532635,0.29970998014013217,True,1.0090486483429832,1.0090486483429832,1.0090486483429832,0.013925369416391092,0.0037276501195263718,,,,0.22392377300121707,0.019310921611498232,0.6380022015624537,0,0,0,0
ihdp,0.8,108,ldm,0.2999999999999999,0.1781195132552913,0.47236527954078983,0.29424576628549853,True,0.9057534059296828,0.9057534059296828,0.9057534059296828,0.014155552811492698,0.0038629758782199536,,,,0.22438475122147675,0.01744127710599846,0.6389833939937902,0,0,0,0
ihdp,0.8,108,sprl,0.2999999999999999,0.16010133771088086,0.4713404785197838,0.3112391408089029,True,0.5395193717573576,0.5395193717573576,0.5395193717573576,0.015299182033748786,0.0037432850066019064,,,,0.22311969459363762,0.03579532543655722,0.6368140834381798,0,0,0,0
ihdp,0.8,109,raw,0.2999999999999995,0.18419698658676417,0.4457084109961668,0.26151142440940267,True,0.7155617310285193,0.7155617310285193,0.7155617310285193,,,,,,0.19463878088878414,0.01459433439275433,0.571460489750318,0,0,0,0
ihdp,0.8,109,balanced,0.2999999999999995,0.17844172509847822,0.44915276915064967,0.27071104405217145,True,1.8749234310270015,1.8749234310270015,1.8749234310270015,0.013983677736474558,0.0036480756374401694,,,,0.19685760323855303,0.012187205001179533,0.5770587644744304,0,0,0,0
ihdp,0.8,109,ldm,0.2999999999999995,0.15910520537462436,0.44204025382948875,0.2829350484548644,True,1.625755524952529,1.625755524952529,1.625755524952529,0.013748120932961228,0.0033122485208467887,,,,0.19731326022903226,0.010382780901180617,0.5780762295097152,0,0,0,0
ihdp,0.8,109,sprl,0.2999999999999995,0.16061073281335944,0.46218030976999563,0.3015695769566362,True,0.5596523884487375,0.5596523884487375,0.5596523884487375,0.016498817528322916,0.004203346332186711,,,,0.19746632097553676,0.04616111085620097,0.579466012439095,0,0,0,0
ihdp,0.8,110,raw,0.30000000000000004,0.1868938573432652,0.45201144399437687,0.2651175866511117,True,1.6809964476575447,1.6809964476575447,1.6809964476575447,,,,,,0.2094239518853392,0.019474707329715787,0.6061171870191664,0,0,0,0
ihdp,0.8,110,balanced,0.30000000000000004,0.19515331419775184,0.46168023614161,0.2665269219438582,True,1.5901813443806472,1.5901813443806472,1.5901813443806472,0.013620447180976335,0.0037602209121430116,,,,0.21050536111285081,0.014679446547777086,0.6086312444674956,0,0,0,0
ihdp,0.8,110,ldm,0.30000000000000004,0.19823231000828379,0.46424077074447395,0.26600846073619017,True,1.4701365097114372,1.4701365097114372,1.4701365097114372,0.013966362558242915,0.003858723733505698,,,,0.21142133389299742,0.015643357163957074,0.6106943486371396,0,0,0,0
ihdp,0.8,110,sprl,0.30000000000000004,0.1919953553617993,0.4681970167779491,0.2762016614161498,True,0.4542281289558961,0.4542281289558961,0.4542281289558961,0.02259858005091251,0.01457913658691173,,,,0.21093597021593485,0.029192939102507674,0.6101421676581913,0,0,0,0
ihdp,0.8,111,raw,0.2999999999999996,0.17824670438622914,0.5086100150668319,0.33036331068060276,True,1.0011619140478525,1.0011619140478525,1.0011619140478525,,,,,,0.22597268299432657,0.011962389008374963,0.6433092342409503,0,0,0,0
ihdp,0.8,111,balanced,0.2999999999999996,0.1670941806009777,0.5158556595037391,0.34876147890276143,True,0.5969233587849189,0.5969233587849189,0.5969233587849189,0.01291214146683214,0.0028590821014829004,,,,0.2289560085562896,0.013068379883066628,0.6495773596282542,0,0,0,0
ihdp,0.8,111,ldm,0.2999999999999996,0.16792229574363438,0.5121372441822466,0.3442149484386122,True,0.4575366275272963,0.4575366275272963,0.4575366275272963,0.013601814659401327,0.00365733073329093,,,,0.22903594228006827,0.01349977049361909,0.6497334618187268,0,0,0,0
ihdp,0.8,111,sprl,0.2999999999999996,0.17063894093782941,0.5107602787175068,0.34012133777967746,True,0.5163826320200295,0.5163826320200295,0.5163826320200295,0.015667310581772627,0.006020101701249218,,,,0.2283850452290556,0.022606611245725113,0.6482440305500777,0,0,0,0
ihdp,0.8,112,raw,0.30000000000000077,0.1971824238073692,0.4499707249776628,0.2527883011702936,True,0.5618227880582588,0.5618227880582588,0.5618227880582588,,,,,,0.20537228986634942,0.017894002116431794,0.5966737022565098,0,0,0,0
ihdp,0.8,112,balanced,0.30000000000000077,0.18939935572814098,0.4502521653652946,0.2608528096371536,True,1.458636287894202,1.458636287894202,1.458636287894202,0.013641996703121077,0.0030920386986827064,,,,0.20556641757796124,0.01169824316103923,0.5969842972534121,0,0,0,0
ihdp,0.8,112,ldm,0.30000000000000077,0.1914650508656422,0.4524783787633287,0.2610133278976865,True,1.4660472790738543,1.4660472790738543,1.4660472790738543,0.01415327862782843,0.003434460302505083,,,,0.20600055713332258,0.011916110354067321,0.5981814640586626,0,0,0,0
ihdp,0.8,112,sprl,0.30000000000000077,0.18559565651052845,0.4460874756250372,0.26049181911450875,True,0.5190435171462805,0.5190435171462805,0.5190435171462805,0.02810628936408293,0.021519609431276274,,,,0.20865697987432646,0.02909621419979471,0.6048102166472208,0,0,0,0
ihdp,0.8,113,raw,0.29999999999999993,0.18440767206833036,0.40159473044855687,0.2171870583802265,True,0.7984172611223969,0.7984172611223969,0.7984172611223969,,,,,,0.1838798904920599,0.0081339786364252,0.5459259661393304,0,0,0,0
ihdp,0.8,113,balanced,0.29999999999999993,0.18599778457862937,0.4048584227396761,0.21886063816104673,True,2.4377241420561218,2.4377241420561218,2.4377241420561218,0.013233336047682365,0.0031422204120591865,,,,0.1838812924430849,0.014272423118867303,0.5462039305617915,0,0,0,0
ihdp,0.8,113,ldm,0.29999999999999993,0.19527646599720014,0.3970975503012634,0.2018210843040633,True,2.428489135589974,2.428489135589974,2.428489135589974,0.013853546669076624,0.0038298465131626344,,,,0.18397335265588538,0.011321363240293194,0.5463055607642147,0,0,0,0
ihdp,0.8,113,sprl,0.29999999999999993,0.1752225414785387,0.4015204447409383,0.2262979032623996,True,0.6450516936182985,0.6450516936182985,0.6450516936182985,0.023879225660115556,0.017615783531108188,,,,0.18460560341680582,0.024611468367933535,0.5489410143027874,0,0,0,0
ihdp,0.8,114,raw,0.3,0.1548348178886535,0.5034283232844641,0.3485935053958106,True,0.8477582083144567,0.8477582083144567,0.8477582083144567,,,,,,0.2279589203590519,0.0098602956676525,0.6474220342899676,0,0,0,0
ihdp,0.8,114,balanced,0.3,0.1551586435096638,0.5145413387122489,0.35938269520258515,True,0.6573800807690825,0.6573800807690825,0.6573800807690825,0.014438164056942074,0.004191829324210073,,,,0.2315737817168656,0.016602226628642247,0.6550146840699681,0,0,0,0
ihdp,0.8,114,ldm,0.3,0.14627232437153478,0.5149783503563643,0.3687060259848295,True,0.5575862435595393,0.5575862435595393,0.5575862435595393,0.01465642848163605,0.004752280785390619,,,,0.23147664543871296,0.012898315535999162,0.6548911705551227,0,0,0,0
ihdp,0.8,114,sprl,0.3,0.16777354433120878,0.5144537050509407,0.3466801607197319,True,0.5082469149922892,0.5082469149922892,0.5082469149922892,0.018070829830402375,0.006719320345077935,,,,0.23050307135682624,0.022372003482561707,0.6532534873043494,0,0,0,0
ihdp,0.8,115,raw,0.2999999999999998,0.1872181579296094,0.4188260081526776,0.2316078502230682,True,1.411245568147409,1.411245568147409,1.411245568147409,,,,,,0.1861150651001979,0.01752978186697928,0.5512864745543123,0,0,0,0
ihdp,0.8,115,balanced,0.2999999999999998,0.18949623239615165,0.42597751064222694,0.2364812782460753,True,2.1817697026688077,2.1817697026688077,2.1817697026688077,0.013492077720748568,0.003953535996095743,,,,0.18964062875303986,0.014947312648648977,0.55975916739604,0,0,0,0
ihdp,0.8,115,ldm,0.2999999999999998,0.18797697190088442,0.4188953145265314,0.23091834262564698,True,2.1263661216783913,2.1263661216783913,2.1263661216783913,0.013422059412084058,0.0034560065336965975,,,,0.18959459626047642,0.012862487496542955,0.5597683679677804,0,0,0,0
ihdp,0.8,115,sprl,0.2999999999999998,0.16391941913186553,0.42616633272624704,0.2622469135943815,True,0.846499290482186,0.846499290482186,0.846499290482186,0.013156949465290486,0.004219806546628239,,,,0.18796709339307255,0.031176495788675367,0.5570339941728226,0,0,0,0
ihdp,0.8,116,raw,0.3000000000000002,0.15652969500006347,0.4686967806635379,0.31216708566347445,True,1.2380285032117755,1.2380285032117755,1.2380285032117755,,,,,,0.227120547007477,0.009531739917843734,0.6456172447587516,0,0,0,0
ihdp,0.8,116,balanced,0.3000000000000002,0.16599239434586965,0.48733700205670377,0.3213446077108341,True,0.6355606110510748,0.6355606110510748,0.6355606110510748,0.01279089448673747,0.0028454447431018564,,,,0.2338395911675777,0.008889446731627977,0.6599165493933502,0,0,0,0
ihdp,0.8,116,ldm,0.3000000000000002,0.1521575923671826,0.4667145853365946,0.314556992969412,True,0.5293854997566865,0.5293854997566865,0.5293854997566865,0.0144843285924616,0.004148666667298189,,,,0.23280058643269058,0.015449177528581829,0.6577462290285085,0,0,0,0
ihdp,0.8,116,sprl,0.3000000000000002,0.1328381784555742,0.46558232171882435,0.3327441432632502,True,0.5376516840000886,0.5376516840000886,0.5376516840000886,0.015665315417057166,0.0046079252955765,,,,0.2295198940993241,0.027709152120867556,0.6506701788796591,0,0,0,0
ihdp,0.8,117,raw,0.3000000000000006,0.16818655078859188,0.47251506564511275,0.3043285148565209,True,1.2810725887814396,1.2810725887814396,1.2810725887814396,,,,,,0.2157576295135811,0.01612292548116307,0.6197953052180201,0,0,0,0
ihdp,0.8,117,balanced,0.3000000000000006,0.15395647309459745,0.4748815784622726,0.32092510536767516,True,1.0340810774286808,1.0340810774286808,1.0340810774286808,0.012623467647937878,0.0026652237763901835,,,,0.21874239959159822,0.016851597361939707,0.626645116067828,0,0,0,0
ihdp,0.8,117,ldm,0.3000000000000006,0.18166369787813705,0.4684801807938642,0.28681648291572714,True,0.9331836503035111,0.9331836503035111,0.9331836503035111,0.012906937984569404,0.0032343809834056783,,,,0.21873704932290075,0.012417360655147007,0.6265121547705785,0,0,0,0
ihdp,0.8,117,sprl,0.3000000000000006,0.159558691278912,0.4754900164530754,0.31593132517416345,True,0.5671542399376672,0.5671542399376672,0.5671542399376672,0.07459905950992313,0.05792396786717219,,,,0.21892814830437027,0.034819897173401816,0.6270003699760692,0,0,0,0
ihdp,0.8,118,raw,0.29999999999999916,0.21709399153988934,0.4237193643457371,0.20662537280584775,True,0.9659914718919705,0.9659914718919705,0.9659914718919705,,,,,,0.17957638825837682,0.01715843008172817,0.5359862872914674,0,0,0,0
ihdp,0.8,118,balanced,0.29999999999999916,0.22402888963715895,0.4540325122327038,0.23000362259554485,True,2.177114171673854,2.177114171673854,2.177114171673854,0.014054212439470658,0.0037825328351985548,,,,0.18237183705005913,0.027171915802997357,0.5432100534925812,0,0,0,0
ihdp,0.8,118,ldm,0.29999999999999916,0.21499067077304443,0.43238774776237804,0.2173970769893336,True,2.062926374448394,2.062926374448394,2.062926374448394,0.014951129595128862,0.004260544322478429,,,,0.18149361401100209,0.017709396817913656,0.5407768240450644,0,0,0,0
ihdp,0.8,118,sprl,0.29999999999999916,0.21363524220163227,0.44389244026046965,0.23025719805883738,True,0.5796169438510255,0.5796169438510255,0.5796169438510255,0.025472549331537427,0.0200362095461453,,,,0.18167168364881137,0.028477378140473568,0.542641656985375,0,0,0,0
ihdp,0.8,119,raw,0.29999999999999977,0.1720524819283361,0.4597421910307199,0.2876897091023838,True,1.0322796719726595,1.0322796719726595,1.0322796719726595,,,,,,0.22312619508437506,0.011787978361442731,0.6366221197335835,0,0,0,0
ihdp,0.8,119,balanced,0.29999999999999977,0.17169082632332064,0.4720412496679046,0.30035042334458395,True,0.851258718856417,0.851258718856417,0.851258718856417,0.012983100611284099,0.0029832442674752745,,,,0.22359082986249382,0.01051544336786623,0.6374997868660034,0,0,0,0
ihdp,0.8,119,ldm,0.29999999999999977,0.18235307967394415,0.46461316615522974,0.2822600864812856,True,0.8216950243729074,0.8216950243729074,0.8216950243729074,0.01358005727671142,0.0033171687051247916,,,,0.22441809082714081,0.015601726561687054,0.6391655105843381,0,0,0,0
ihdp,0.8,119,sprl,0.29999999999999977,0.16150154870491296,0.46448414487140843,0.3029825961664955,True,0.5698203244821559,0.5698203244821559,0.5698203244821559,0.012415874679139152,0.003053971717461405,,,,0.22576571904850162,0.02738328250061001,0.6423320022906523,0,0,0,0
ihdp,0.8,120,raw,0.3000000000000001,0.16831036525223195,0.43051959744742246,0.26220923219519054,True,1.1904164770880508,1.1904164770880508,1.1904164770880508,,,,,,0.19494264545346443,0.012054404757558939,0.5731494752046646,0,0,0,0
ihdp,0.8,120,balanced,0.3000000000000001,0.16864827229679838,0.4304654036264721,0.26181713132967377,True,1.9641437006631286,1.9641437006631286,1.9641437006631286,0.012729066954580415,0.0027463120087143807,,,,0.19995428018039632,0.012825226693191829,0.5847722021401773,0,0,0,0
ihdp,0.8,120,ldm,0.3000000000000001,0.16519056942987098,0.4273500455239535,0.2621594760940825,True,1.9981159566771673,1.9981159566771673,1.9981159566771673,0.013726994539840467,0.0035902535976096673,,,,0.1995719614873812,0.017083601268013348,0.5842567117787002,0,0,0,0
ihdp,0.8,120,sprl,0.3000000000000001,0.15374429573057027,0.4391470111060169,0.2854027153754466,True,0.47902730024805373,0.47902730024805373,0.47902730024805373,0.048544512753016786,0.02644840049821579,,,,0.19762944914014452,0.027772389413869097,0.5798511097957748,0,0,0,0
ihdp,0.8,121,raw,0.2999999999999998,0.16454492643330182,0.46892175509371625,0.30437682866041443,True,0.9942317476057558,0.9942317476057558,0.9942317476057558,,,,,,0.20253705417487167,0.01599069716715505,0.5907070004206066,0,0,0,0
ihdp,0.8,121,balanced,0.2999999999999998,0.1819789125221561,0.4816808178975707,0.29970190537541463,True,1.6635075807486779,1.6635075807486779,1.6635075807486779,0.012791428157683065,0.002733086971031949,,,,0.20437176844692384,0.014859016629794468,0.5949473416093456,0,0,0,0
ihdp,0.8,121,ldm,0.2999999999999998,0.17303248032879023,0.4754367881512806,0.3024043078224904,True,1.642349232719745,1.642349232719745,1.642349232719745,0.01357839045177127,0.0033756143071377587,,,,0.20416497900845162,0.011523328879378526,0.5944694147335083,0,0,0,0
ihdp,0.8,121,sprl,0.2999999999999998,0.1602982762608362,0.47642688801489874,0.31612861175406254,True,0.4514196037609367,0.4514196037609367,0.4514196037609367,0.03361874657888563,0.014946468812599301,,,,0.2048596279351268,0.0292362784738192,0.5960312637043609,0,0,0,0
ihdp,0.8,122,raw,0.2999999999999996,0.09632961886446513,0.5155434283906983,0.4192138095262332,True,0.9148879654130135,0.9148879654130135,0.9148879654130135,,,,,,0.2277748735884723,0.016597961504229708,0.6462917409429183,0,0,0,0
ihdp,0.8,122,balanced,0.2999999999999996,0.14826725359042917,0.5226248638274404,0.3743576102370113,True,0.6811982400184855,0.6811982400184855,0.6811982400184855,0.012854329416412569,0.0027587221358925267,,,,0.23016557840795276,0.010426095803906799,0.6515027429900488,0,0,0,0
ihdp,0.8,122,ldm,0.2999999999999996,0.05818238408934974,0.5066631603375059,0.4484807762481562,True,0.5082965401014949,0.5082965401014949,0.5082965401014949,0.013941084001886988,0.0037012053748743,,,,0.23118452668928238,0.011484198440494617,0.6533751883686714,0,0,0,0
ihdp,0.8,122,sprl,0.2999999999999996,0.13186407665848188,0.5167935778637395,0.3849295012052576,True,0.4995124207323318,0.4995124207323318,0.4995124207323318,0.01786641266605928,0.00467179880955771,,,,0.2315228962031666,0.03744619310221407,0.6546738845392494,0,0,0,0
ihdp,0.8,123,raw,0.3000000000000003,0.1388770832952689,0.48283279222208414,0.34395570892681526,True,1.56230612874835,1.56230612874835,1.56230612874835,,,,,,0.22659790309597994,0.012028780663934393,0.6441960051729404,0,0,0,0
ihdp,0.8,123,balanced,0.3000000000000003,0.14703738875594094,0.48272427926139483,0.33568689050545386,True,0.7863722170527881,0.7863722170527881,0.7863722170527881,0.012873210450064466,0.0028173603796543033,,,,0.2333487777088699,0.017033198662339495,0.6584432843145002,0,0,0,0
ihdp,0.8,123,ldm,0.3000000000000003,0.1436876965847111,0.47855757317776687,0.3348698765930558,True,0.6053368303073193,0.6053368303073193,0.6053368303073193,0.014159353277074979,0.004094698741355727,,,,0.23461004036448665,0.017792094524979273,0.6611037708474395,0,0,0,0
ihdp,0.8,123,sprl,0.3000000000000003,0.13982169730668,0.47286351433566615,0.33304181702898616,True,0.5208828436297507,0.5208828436297507,0.5208828436297507,0.017445678849332975,0.008108217541657498,,,,0.2294532860187428,0.02371227005842092,0.6509674349621292,0,0,0,0
ihdp,0.8,124,raw,0.2999999999999989,0.11465912884152558,0.5031456854743184,0.3884865566327928,True,0.8914898293973467,0.8914898293973467,0.8914898293973467,,,,,,0.2188701355351892,0.014153853451231877,0.628194501546126,0,0,0,0
ihdp,0.8,124,balanced,0.2999999999999989,0.10501416609176374,0.5020930283409157,0.397078862249152,True,1.4604746079671527,1.4604746079671527,1.4604746079671527,0.013378861733306447,0.003806323919642936,,,,0.22226752943973843,0.016759706686774234,0.6355153908470056,0,0,0,0
ihdp,0.8,124,ldm,0.2999999999999989,0.10789313759800798,0.5000425320932758,0.39214939449526776,True,0.7659900621688202,0.7659900621688202,0.7659900621688202,0.014299808583893889,0.0038425316463569373,,,,0.22464011325469196,0.01643993525913642,0.6409846263098677,0,0,0,0
ihdp,0.8,124,sprl,0.2999999999999989,0.10081528329168327,0.4926410128131196,0.39182572952143635,True,0.46059270598653623,0.46059270598653623,0.46059270598653623,0.022087873023842977,0.016565868969685482,,,,0.2227076448201421,0.031101499411722834,0.6365351281309647,0,0,0,0
ihdp,0.8,125,raw,0.2999999999999993,0.20324472015383363,0.4448778587344519,0.24163313858061827,True,0.661615446526584,0.661615446526584,0.661615446526584,,,,,,0.22278008515683131,0.010180912752795597,0.6355766915424976,0,0,0,0
ihdp,0.8,125,balanced,0.2999999999999993,0.196202814514433,0.4472850392792148,0.2510822247647818,True,0.869969878960684,0.869969878960684,0.869969878960684,0.01345272228842775,0.0035099607921103,,,,0.23046662897188033,0.020560054537499345,0.6518382858553722,0,0,0,0
ihdp,0.8,125,ldm,0.2999999999999993,0.1959663271762508,0.4423247196151675,0.24635839243891672,True,0.6990717128039505,0.6990717128039505,0.6990717128039505,0.013848471848113775,0.004144091346896157,,,,0.23202541556378006,0.010164627519519187,0.6551623426500209,0,0,0,0
ihdp,0.8,125,sprl,0.2999999999999993,0.18538801677982192,0.4438506223274565,0.25846260554763456,True,0.45892143339696945,0.45892143339696945,0.45892143339696945,0.019354818356478672,0.014656276252976084,,,,0.22711523930796929,0.03641403683196179,0.6461581833977867,0,0,0,0
ihdp,0.8,126,raw,0.29999999999999916,0.16110824158332868,0.4592525334009756,0.2981442918176469,True,1.0452467138943327,1.0452467138943327,1.0452467138943327,,,,,,0.22062150905811603,0.015209661646334253,0.6312388812957266,0,0,0,0
ihdp,0.8,126,balanced,0.29999999999999916,0.1770095396732102,0.4694025702781658,0.2923930306049556,True,1.0637119297006299,1.0637119297006299,1.0637119297006299,0.013916934177057522,0.004399194682433221,,,,0.22314863617495595,0.021667230224168887,0.6366996306325258,0,0,0,0
ihdp,0.8,126,ldm,0.29999999999999916,0.1739596721022198,0.4667057920445055,0.2927461199422857,True,0.7849891028630529,0.7849891028630529,0.7849891028630529,0.013627912023299828,0.003941376765410784,,,,0.22519090790758545,0.017449543926955927,0.6410598152766828,0,0,0,0
ihdp,0.8,126,sprl,0.29999999999999916,0.16461050762595728,0.4613769695296545,0.29676646190369727,True,0.45887217270569397,0.45887217270569397,0.45887217270569397,0.014892453446187203,0.005036195338557851,,,,0.22251260997108657,0.02064347456156731,0.6357177772353223,0,0,0,0
ihdp,0.8,127,raw,0.2999999999999992,0.18778341389583492,0.4724513469547717,0.2846679330589368,True,0.9996644495909425,0.9996644495909425,0.9996644495909425,,,,,,0.20594271345495418,0.019711079975531398,0.5985593382303116,0,0,0,0
ihdp,0.8,127,balanced,0.2999999999999992,0.1723811667729065,0.4638408222554419,0.2914596554825354,True,1.5450300498927065,1.5450300498927065,1.5450300498927065,0.012639727826309968,0.0027510706435126837,,,,0.20829523461145222,0.01217683849431531,0.6034443913668389,0,0,0,0
ihdp,0.8,127,ldm,0.2999999999999992,0.179141266637683,0.4603389924441553,0.2811977258064723,True,1.5362112038303577,1.5362112038303577,1.5362112038303577,0.014059141490532764,0.003864413502338783,,,,0.20789501124936197,0.014442047655345108,0.6025040332346411,0,0,0,0
ihdp,0.8,127,sprl,0.2999999999999992,0.17809874899376668,0.4737599757874119,0.29566122679364526,True,0.48210135099872675,0.48210135099872675,0.48210135099872675,0.017057857956570773,0.00861824011013051,,,,0.20791209258288626,0.025146419895734014,0.6027258730566448,0,0,0,0
ihdp,0.8,128,raw,0.30000000000000027,0.1535656810818994,0.4663306189999802,0.3127649379180808,True,0.7553799963625064,0.7553799963625064,0.7553799963625064,,,,,,0.2207377094476442,0.014424455404616074,0.6313652055471862,0,0,0,0
ihdp,0.8,128,balanced,0.30000000000000027,0.14703131251501672,0.47855098034947896,0.33151966783446224,True,0.9582460446007932,0.9582460446007932,0.9582460446007932,0.014046389070642252,0.004153902811522605,,,,0.222830557087604,0.015691294917543,0.6358389559127627,0,0,0,0
ihdp,0.8,128,ldm,0.30000000000000027,0.14524931617414166,0.47744872152640355,0.3321994053522619,True,0.9359309807079456,0.9359309807079456,0.9359309807079456,0.013689682741591252,0.0033383946533314074,,,,0.2229758109401379,0.015620407254966402,0.6361573056329879,0,0,0,0
ihdp,0.8,128,sprl,0.30000000000000027,0.1333716718357167,0.47480432346020224,0.34143265162448555,True,0.4723642373393007,0.4723642373393007,0.4723642373393007,0.020376046073924053,0.01237739057869408,,,,0.22334502846619644,0.023502876797804783,0.6371627370854057,0,0,0,0
ihdp,0.8,129,raw,0.2999999999999988,0.16176790351510348,0.5143037232881015,0.35253581977299797,True,0.8536091141697056,0.8536091141697056,0.8536091141697056,,,,,,0.23017351219383472,0.012598800033302143,0.6519089514244666,0,0,0,0
ihdp,0.8,129,balanced,0.2999999999999988,0.15231763413890548,0.5251353615765885,0.372817727437683,True,0.5147072981223774,0.5147072981223774,0.5147072981223774,0.013228493685919602,0.0030685275329553428,,,,0.2308887974698192,0.012872616346059573,0.6533955294630691,0,0,0,0
ihdp,0.8,129,ldm,0.2999999999999988,0.15325283473188908,0.5220242380622256,0.36877140333033653,True,0.4622564894574786,0.4622564894574786,0.4622564894574786,0.013776903452180647,0.00352994004372411,,,,0.2307442292358516,0.014064377974039371,0.6531395154196767,0,0,0,0
ihdp,0.8,129,sprl,0.2999999999999988,0.14859703706656383,0.5158700195168646,0.3672729824503008,True,0.5082081221676006,0.5082081221676006,0.5082081221676006,0.020269447472730216,0.010127595602452789,,,,0.23204912808194422,0.025217071792921552,0.6558605984405108,0,0,0,0
ihdp,0.8,130,raw,0.30000000000000093,0.15109934303999448,0.4908728535510985,0.33977351051110405,True,1.1036583373858642,1.1036583373858642,1.1036583373858642,,,,,,0.2306765889968738,0.013419321311088426,0.652349243942435,0,0,0,0
ihdp,0.8,130,balanced,0.30000000000000093,0.13470690062994817,0.4962723451894528,0.3615654445595046,True,0.5301269700591829,0.5301269700591829,0.5301269700591829,0.013605541030728512,0.0035855821039796312,,,,0.23503743318963294,0.02487922865187078,0.6617899984944237,0,0,0,0
ihdp,0.8,130,ldm,0.30000000000000093,0.14237782815267452,0.48963700941948535,0.3472591812668108,True,0.47925443117147276,0.47925443117147276,0.47925443117147276,0.013088604308945895,0.003477214333909441,,,,0.2345226316671109,0.019763230796293024,0.6606035487645513,0,0,0,0
ihdp,0.8,130,sprl,0.30000000000000093,0.15777768535493106,0.49459759944561,0.3368199140906789,True,0.4628205514795759,0.4628205514795759,0.4628205514795759,0.016759499801551756,0.0066848800162527585,,,,0.2352122985617968,0.04199654821765087,0.6623698838608261,0,0,0,0
ihdp,0.8,131,raw,0.2999999999999995,0.17488338691979347,0.46250652419156174,0.28762313727176825,True,0.666881719347651,0.666881719347651,0.666881719347651,,,,,,0.21852079163161228,0.014789599816698955,0.6264612145775845,0,0,0,0
ihdp,0.8,131,balanced,0.2999999999999995,0.17821712721769717,0.45960606300425755,0.2813889357865604,True,1.099244600308049,1.099244600308049,1.099244600308049,0.012653719401300813,0.0028258663581335773,,,,0.22079664864198031,0.012994697329581344,0.6318753294620725,0,0,0,0
ihdp,0.8,131,ldm,0.2999999999999995,0.1802513747335831,0.4575349075676802,0.2772835328340971,True,0.9598128661150442,0.9598128661150442,0.9598128661150442,0.013410458178217106,0.0037109104018951088,,,,0.22194122251094223,0.01210975580370487,0.6342351193350253,0,0,0,0
ihdp,0.8,131,sprl,0.2999999999999995,0.14748091572470534,0.45765981469172257,0.3101788989670172,True,0.5704153753819633,0.5704153753819633,0.5704153753819633,0.02261527677433697,0.008854846314042797,,,,0.22080036816140156,0.0387909935801851,0.6316754082809345,0,0,0,0
ihdp,0.8,132,raw,0.2999999999999999,0.16288983291473072,0.46073750506841044,0.2978476721536797,True,2.117953292112169,2.117953292112169,2.117953292112169,,,,,,0.20006366931005373,0.019769473979704244,0.5856800835701348,0,0,0,0
ihdp,0.8,132,balanced,0.2999999999999999,0.11794869655887533,0.4598240985609309,0.3418754020020556,True,1.8065212555433292,1.8065212555433292,1.8065212555433292,0.013098991698094023,0.0033513960886450847,,,,0.20100936119382853,0.011644169895705325,0.5881396331188656,0,0,0,0
ihdp,0.8,132,ldm,0.2999999999999999,0.17395005539096636,0.45759670350075504,0.2836466481097887,True,1.732380384934404,1.732380384934404,1.732380384934404,0.013290073949931681,0.0034261629872612033,,,,0.20079376879503005,0.015207274859521608,0.587275247220312,0,0,0,0
ihdp,0.8,132,sprl,0.2999999999999999,0.13826141896457986,0.46183378381418244,0.3235723648496026,True,0.7954885476924632,0.7954885476924632,0.7954885476924632,0.06572409303401458,0.07140085980285946,,,,0.20163532338775983,0.033000863624672645,0.58943440857445,0,0,0,0
ihdp,0.8,133,raw,0.2999999999999992,0.15572246090144476,0.4756275316761121,0.31990507077466734,True,0.8670263455286003,0.8670263455286003,0.8670263455286003,,,,,,0.21626207915886206,0.014030613284308819,0.621632669794673,0,0,0,0
ihdp,0.8,133,balanced,0.2999999999999992,0.1755154944778052,0.4803478158554717,0.30483232137766647,True,1.1344384391925395,1.1344384391925395,1.1344384391925395,0.013208307975685923,0.0035822029951606835,,,,0.219828470776038,0.018094901774874543,0.6291848716024828,0,0,0,0
ihdp,0.8,133,ldm,0.2999999999999992,0.17303363433295735,0.4779687446400072,0.3049351103070499,True,0.9976538919853611,0.9976538919853611,0.9976538919853611,0.014150113461874718,0.0038670157022762056,,,,0.21958793792189127,0.012643934535042513,0.6286964325018465,0,0,0,0
ihdp,0.8,133,sprl,0.2999999999999992,0.1602249811744889,0.48054639462282706,0.32032141344833814,True,0.4822049161057232,0.4822049161057232,0.4822049161057232,0.01788959332129052,0.006920819945664773,,,,0.2188376383706329,0.024632801380855288,0.6277388018413101,0,0,0,0
ihdp,0.8,134,raw,0.3,0.19563504400709472,0.42195899218054345,0.22632394817344872,True,1.000068405053938,1.000068405053938,1.000068405053938,,,,,,0.1841371967261466,0.005320993185706503,0.5461976353188565,0,0,0,0
ihdp,0.8,134,balanced,0.3,0.20149584807921278,0.44558851501512853,0.24409266693591575,True,2.1688894836306467,2.1688894836306467,2.1688894836306467,0.01372172907189549,0.0040010490544407536,,,,0.1858686427440538,0.00979796454743138,0.5499731992088266,0,0,0,0
ihdp,0.8,134,ldm,0.3,0.19948104054979754,0.44550007031404093,0.2460190297642434,True,2.259774118889588,2.259774118889588,2.259774118889588,0.013706901084450893,0.004045359084822539,,,,0.18538826236414002,0.01012139303161312,0.5488640712768587,0,0,0,0
ihdp,0.8,134,sprl,0.3,0.1898882734286173,0.43417816408598536,0.24428989065736806,True,0.5525652134408638,0.5525652134408638,0.5525652134408638,0.015077818831956406,0.005372460297092887,,,,0.18531844616670556,0.027018517902993134,0.5500904571640111,0,0,0,0
ihdp,0.8,135,raw,0.3000000000000003,0.18216279106500927,0.45028814895327207,0.2681253578882628,True,1.1462555545074027,1.1462555545074027,1.1462555545074027,,,,,,0.2229793678040685,0.009583328260712292,0.6360768586764419,0,0,0,0
ihdp,0.8,135,balanced,0.3000000000000003,0.19480441704732418,0.45710078762740797,0.2622963705800838,True,0.960594163959963,0.960594163959963,0.960594163959963,0.013648150492936072,0.003687706689953305,,,,0.22378233777717818,0.019246750136112985,0.6376258932167825,0,0,0,0
ihdp,0.8,135,ldm,0.3000000000000003,0.1929081739999636,0.454010425907135,0.2611022519071714,True,0.9013702238603392,0.9013702238603392,0.9013702238603392,0.014950229722223471,0.004037381563676106,,,,0.22363216323513888,0.015786174713140113,0.6374292823743847,0,0,0,0
ihdp,0.8,135,sprl,0.3000000000000003,0.17560216816379517,0.44612045147822293,0.27051828331442773,True,0.47403635590221194,0.47403635590221194,0.47403635590221194,0.018323286981011065,0.003886683213949944,,,,0.2248581043531306,0.023457769851438014,0.6402984920293384,0,0,0,0
ihdp,0.8,136,raw,0.29999999999999977,0.12886700579579555,0.5683141734683308,0.4394471676725352,True,0.7047593231476431,0.7047593231476431,0.7047593231476431,,,,,,0.22317224855000767,0.011224571651052785,0.6362779216990196,0,0,0,0
ihdp,0.8,136,balanced,0.29999999999999977,0.12047748642016559,0.5510184723081162,0.4305409858879506,True,0.7207426751815625,0.7207426751815625,0.7207426751815625,0.012812668114221992,0.0029826308051886068,,,,0.22780054312537254,0.01047297116199914,0.6466491784345243,0,0,0,0
ihdp,0.8,136,ldm,0.29999999999999977,0.11046565040364685,0.5476232829978062,0.4371576325941593,True,0.6907497833743409,0.6907497833743409,0.6907497833743409,0.01306290824230999,0.0031554271890548995,,,,0.22746945729764984,0.010864013522458079,0.6457096733983475,0,0,0,0
ihdp,0.8,136,sprl,0.29999999999999977,0.12331071347366747,0.545668937602253,0.42235822412858554,True,0.47205020515395996,0.47205020515395996,0.47205020515395996,0.016521600510390935,0.0074343028987128405,,,,0.22588621232713635,0.03282152411527318,0.6420705172848468,0,0,0,0
ihdp,0.8,137,raw,0.3000000000000005,0.20171348976569173,0.4241299943639423,0.22241650459825055,True,0.8759310865724446,0.8759310865724446,0.8759310865724446,,,,,,0.1464650490534634,0.01376147814506672,0.44583429057230894,0,0,0,0
ihdp,0.8,137,balanced,0.3000000000000005,0.1968502441152958,0.4127947876672189,0.21594454355192308,True,6.848148514692765,6.848148514692765,6.848148514692765,0.012731908834677659,0.0029179140328783808,,,,0.15021870624837405,0.01197777484926998,0.45560593692096235,0,0,0,0
ihdp,0.8,137,ldm,0.3000000000000005,0.1984035726213282,0.40524770259557774,0.20684412997424953,True,6.3347044807408945,6.3347044807408945,6.3347044807408945,0.013344784061750053,0.003195352419791379,,,,0.1505713582924743,0.012222831807466467,0.45608842889302503,0,0,0,0
ihdp,0.8,137,sprl,0.3000000000000005,0.17335691943877143,0.4011782800983491,0.22782136065957767,True,0.5962357341216566,0.5962357341216566,0.5962357341216566,0.026286104620590674,0.01252926041387569,,,,0.14920270261446844,0.02450974971725036,0.4532413869299191,0,0,0,0
ihdp,0.8,138,raw,0.2999999999999992,0.1963106509263514,0.4776576555097863,0.28134700458343487,True,1.1962425717908922,1.1962425717908922,1.1962425717908922,,,,,,0.21139641222453248,0.010613180818242305,0.6105558947171963,0,0,0,0
ihdp,0.8,138,balanced,0.2999999999999992,0.2017928547381738,0.4821193636075175,0.28032650886934374,True,1.0879074660341577,1.0879074660341577,1.0879074660341577,0.013476983852824781,0.0034901779673534583,,,,0.21363432088541345,0.0035576140082454765,0.6154917027907937,0,0,0,0
ihdp,0.8,138,ldm,0.2999999999999992,0.19794482249409534,0.47649608621391043,0.2785512637198151,True,1.17091780684432,1.17091780684432,1.17091780684432,0.014423291764478714,0.004306990093811994,,,,0.21344412883258684,0.004633138230277394,0.6150535229423247,0,0,0,0
ihdp,0.8,138,sprl,0.2999999999999992,0.17110543793389785,0.46917746784014025,0.2980720299062424,True,0.587934336420125,0.587934336420125,0.587934336420125,0.016493532093284552,0.0032832276694870735,,,,0.2141206112823917,0.03200627902134757,0.617474909035086,0,0,0,0
ihdp,0.8,139,raw,0.30000000000000104,0.1487675831630567,0.4934921409826623,0.34472455781960565,True,0.8071967186764591,0.8071967186764591,0.8071967186764591,,,,,,0.22820723980305366,0.014287131727046687,0.6484310053932503,0,0,0,0
ihdp,0.8,139,balanced,0.30000000000000104,0.14068046470644394,0.49412096820898505,0.3534405035025411,True,0.6303363610888265,0.6303363610888265,0.6303363610888265,0.012255864493005714,0.002585282674092612,,,,0.2302300148563114,0.014523643211249491,0.6525936924173791,0,0,0,0
ihdp,0.8,139,ldm,0.30000000000000104,0.1420007006111663,0.49284285519946724,0.3508421545883009,True,0.6669822546806184,0.6669822546806184,0.6669822546806184,0.013335450091034496,0.0035732565989691737,,,,0.23008734801939562,0.012427500124839326,0.6522130934441928,0,0,0,0
ihdp,0.8,139,sprl,0.30000000000000104,0.10283914644462816,0.48597481038834794,0.3831356639437198,True,0.5796709798667642,0.5796709798667642,0.5796709798667642,0.035815951197500466,0.03318798950350973,,,,0.22988673313628688,0.02322662062889174,0.6522679006485776,0,0,0,0
ihdp,0.8,140,raw,0.2999999999999997,0.16943716276418103,0.4493142410395054,0.2798770782753244,True,0.8946022881853989,0.8946022881853989,0.8946022881853989,,,,,,0.22242106603692027,0.017873306973990213,0.6351916852183079,0,0,0,0
ihdp,0.8,140,balanced,0.2999999999999997,0.17576074234636196,0.44416510888975463,0.26840436654339267,True,0.9622968409077861,0.9622968409077861,0.9622968409077861,0.012812421067900101,0.0028163643943058163,,,,0.2229580303592129,0.015494463858269986,0.6363578567212752,0,0,0,0
ihdp,0.8,140,ldm,0.2999999999999997,0.17245978038884738,0.4408407204022018,0.26838094001335444,True,0.9711065003346793,0.9711065003346793,0.9711065003346793,0.01414487794053668,0.0040837654823077454,,,,0.22314764466921733,0.016805782273872787,0.6367963907221774,0,0,0,0
ihdp,0.8,140,sprl,0.2999999999999997,0.14730621388071294,0.4430952843486228,0.2957890704679098,True,0.48275835861662003,0.48275835861662003,0.48275835861662003,0.01702806620871408,0.005297715574155182,,,,0.2255818719412311,0.03181027733068242,0.6426037662065514,0,0,0,0
ihdp,0.8,141,raw,0.29999999999999943,0.16841576034068367,0.49312839138624387,0.3247126310455602,True,0.6043944473417895,0.6043944473417895,0.6043944473417895,,,,,,0.21829646802193037,0.011100085071122439,0.6262437208603048,0,0,0,0
ihdp,0.8,141,balanced,0.29999999999999943,0.17583887470029005,0.5069885151060114,0.33114964040572137,True,1.0274480399827959,1.0274480399827959,1.0274480399827959,0.01314097993948878,0.00330938923025619,,,,0.21858810187315025,0.012315306262146797,0.6267245691658595,0,0,0,0
ihdp,0.8,141,ldm,0.29999999999999943,0.18038991702553975,0.4960933840098165,0.31570346698427676,True,0.9509279067224847,0.9509279067224847,0.9509279067224847,0.013619654964619383,0.004961247234524916,,,,0.21876098427684024,0.013963538647557476,0.627120394095184,0,0,0,0
ihdp,0.8,141,sprl,0.29999999999999943,0.1682893511802069,0.5055463017097447,0.33725695052953775,True,0.59548549130842,0.59548549130842,0.59548549130842,0.021696004019877667,0.010064262477486534,,,,0.21982328944603916,0.02068078094268706,0.6295422842289765,0,0,0,0
ihdp,0.8,142,raw,0.29999999999999977,0.17253741156400576,0.4589542429406387,0.28641683137663293,True,0.6922693892316645,0.6922693892316645,0.6922693892316645,,,,,,0.18658744117916426,0.015507891010212277,0.5538806244304092,0,0,0,0
ihdp,0.8,142,balanced,0.29999999999999977,0.16932406354442806,0.4757622326204437,0.3064381690760156,True,2.174192320164693,2.174192320164693,2.174192320164693,0.013598492371106555,0.003695561108136583,,,,0.18813297197896164,0.014083082557594622,0.5575401441161404,0,0,0,0
ihdp,0.8,142,ldm,0.29999999999999977,0.1560614510128425,0.47002636229886813,0.31396491128602566,True,2.1415641836643426,2.1415641836643426,2.1415641836643426,0.01381073833321625,0.003985456484401834,,,,0.1880340007299256,0.017348395698684824,0.5573988603166897,0,0,0,0
ihdp,0.8,142,sprl,0.29999999999999977,0.15217781057218058,0.4697942469189882,0.3176164363468076,True,0.4513517739326578,0.4513517739326578,0.4513517739326578,0.07412500679616923,0.0719070995047819,,,,0.18718981981615107,0.012148367401494194,0.5556797382424069,0,0,0,0
ihdp,0.8,143,raw,0.3,0.12133093078553961,0.5230460423930201,0.4017151116074805,True,0.8681275258238608,0.8681275258238608,0.8681275258238608,,,,,,0.22759160271586557,0.01583489268704067,0.6462972089093426,0,0,0,0
ihdp,0.8,143,balanced,0.3,0.13148316346800684,0.5356841780304646,0.4042010145624578,True,0.46985301437201177,0.46985301437201177,0.46985301437201177,0.012710614555389002,0.002838792460263342,,,,0.23166312163408156,0.008607770450116865,0.6549200499989342,0,0,0,0
ihdp,0.8,143,ldm,0.3,0.12088147182505568,0.5303665922867249,0.4094851204616692,True,0.48730853282320585,0.48730853282320585,0.48730853282320585,0.013545092331075415,0.003446111530202629,,,,0.23145158464144855,0.015051483546821665,0.6544828310120562,0,0,0,0
ihdp,0.8,143,sprl,0.3,0.12892762756210796,0.5308517510528039,0.40192412349069595,True,0.4596084855288925,0.4596084855288925,0.4596084855288925,0.03537601064282579,0.014957701394747946,,,,0.22956836665665514,0.024816311755776223,0.6505867965137787,0,0,0,0
ihdp,0.8,144,raw,0.29999999999999977,0.14851863531071102,0.48047634737270845,0.3319577120619974,True,1.1999415131593847,1.1999415131593847,1.1999415131593847,,,,,,0.20845125029377054,0.010465395501626465,0.6045368330925438,0,0,0,0
ihdp,0.8,144,balanced,0.29999999999999977,0.17087676267738003,0.4925075204627431,0.3216307577853631,True,1.2276217564341347,1.2276217564341347,1.2276217564341347,0.012970711901331294,0.0028434654058147077,,,,0.21076738212539184,0.012812071439393528,0.6097221945479047,0,0,0,0
ihdp,0.8,144,ldm,0.29999999999999977,0.17319985204661173,0.490705998130238,0.31750614608362626,True,1.2314682731074567,1.2314682731074567,1.2314682731074567,0.013841987834180497,0.003395555979504048,,,,0.21053835375397884,0.006406743068851317,0.6092275097106279,0,0,0,0
ihdp,0.8,144,sprl,0.29999999999999977,0.1304246991845706,0.4896331244972677,0.3592084253126971,True,0.5073051736618571,0.5073051736618571,0.5073051736618571,0.029121288413889498,0.022972472023252942,,,,0.21001480953953178,0.028658895873251614,0.6083256606041763,0,0,0,0
ihdp,0.8,145,raw,0.3000000000000005,0.1734357379182241,0.4788018464467832,0.3053661085285591,True,1.2492581920566668,1.2492581920566668,1.2492581920566668,,,,,,0.19045501927348019,0.010683597991897262,0.5619465863060027,0,0,0,0
ihdp,0.8,145,balanced,0.3000000000000005,0.19217814189994215,0.48654099757112074,0.2943628556711786,True,1.6344784113455233,1.6344784113455233,1.6344784113455233,0.013109440308240499,0.0029167818349428256,,,,0.19468554317032824,0.008282200979917782,0.5718698543112943,0,0,0,0
ihdp,0.8,145,ldm,0.3000000000000005,0.18510486810825982,0.48535983700934693,0.3002549689010871,True,1.6041706716989692,1.6041706716989692,1.6041706716989692,0.014364884957545777,0.004122326030673055,,,,0.19463309822861632,0.008196751223784927,0.5718033906614782,0,0,0,0
ihdp,0.8,145,sprl,0.3000000000000005,0.1638848888373695,0.4885658945132875,0.324681005675918,True,0.46146475469911524,0.46146475469911524,0.46146475469911524,0.01735429958815431,0.007451250581016819,,,,0.19443967621153843,0.03840519530146712,0.5731644413837216,0,0,0,0
ihdp,0.8,146,raw,0.30000000000000066,0.15506252851106767,0.49712058689239363,0.34205805838132597,True,0.7315846905578406,0.7315846905578406,0.7315846905578406,,,,,,0.20663518011402243,0.011838280124220255,0.6006443289723223,0,0,0,0
ihdp,0.8,146,balanced,0.30000000000000066,0.1569380930150395,0.4930952977371312,0.33615720472209165,True,1.2469366572463898,1.2469366572463898,1.2469366572463898,0.01328095589201848,0.003272007812379573,,,,0.21147919919221486,0.010316272836671936,0.6115890265415779,0,0,0,0
ihdp,0.8,146,ldm,0.30000000000000066,0.15226696918751415,0.48958256836255515,0.337315599175041,True,1.056810057684322,1.056810057684322,1.056810057684322,0.013832257358879258,0.003645135488992402,,,,0.21207967674622227,0.008085161501728217,0.6128255386647552,0,0,0,0
ihdp,0.8,146,sprl,0.30000000000000066,0.14585265248032603,0.4873698819669778,0.34151722948665175,True,0.6922255914500471,0.6922255914500471,0.6922255914500471,0.01591351407157242,0.009394285104778546,,,,0.20823865020661486,0.023555324128339272,0.6043892278715559,0,0,0,0
ihdp,0.8,147,raw,0.3000000000000001,0.1699015196861707,0.4432033605028303,0.27330184081665965,True,1.9929725412884218,1.9929725412884218,1.9929725412884218,,,,,,0.18783166621474343,0.012244049334962046,0.5547994108505543,0,0,0,0
ihdp,0.8,147,balanced,0.3000000000000001,0.17973247505388368,0.4492323159500679,0.26949984089618423,True,1.840075766181877,1.840075766181877,1.840075766181877,0.013086828703088235,0.002795464384754471,,,,0.19160356118428257,0.016730176043493177,0.5640221930934127,0,0,0,0
ihdp,0.8,147,ldm,0.3000000000000001,0.17724095739066814,0.44920491159425235,0.2719639542035842,True,1.8781715154366487,1.8781715154366487,1.8781715154366487,0.014060112410616844,0.003622940558319999,,,,0.19168283113114098,0.016355612863551833,0.5641428941340014,0,0,0,0
ihdp,0.8,147,sprl,0.3000000000000001,0.16100359030408523,0.43922148346801543,0.2782178931639302,True,0.5143069573829668,0.5143069573829668,0.5143069573829668,0.04761251524466368,0.03151113490440819,,,,0.18944163492125307,0.026771587587415723,0.5595761850743689,0,0,0,0
ihdp,0.8,148,raw,0.30000000000000093,0.20191528280071894,0.4376853527297441,0.2357700699290252,True,0.6866314671188376,0.6866314671188376,0.6866314671188376,,,,,,0.18990250719215956,0.01121139656921012,0.5605573130903855,0,0,0,0
ihdp,0.8,148,balanced,0.30000000000000093,0.20377040896732515,0.44077892151550224,0.2370085125481771,True,2.4261429675776713,2.4261429675776713,2.4261429675776713,0.013216754655377696,0.0032174649000140994,,,,0.19275963589102527,0.01660017609372625,0.567693047942684,0,0,0,0
ihdp,0.8,148,ldm,0.30000000000000093,0.20569941223941515,0.4307339110730779,0.22503449883366275,True,2.181604391570433,2.181604391570433,2.181604391570433,0.013115855589387434,0.0033718188898207925,,,,0.19421784637891232,0.01185406208820747,0.570906410451231,0,0,0,0
ihdp,0.8,148,sprl,0.30000000000000093,0.17871509655536139,0.42805070432974907,0.24933560777438768,True,0.6887668627484743,0.6887668627484743,0.6887668627484743,0.015073874812577307,0.0037476501072504008,,,,0.19287149105850884,0.01931829113747965,0.5682965351486863,0,0,0,0
ihdp,0.8,149,raw,0.3000000000000006,0.14148262658577845,0.4972898305959785,0.35580720401020005,True,0.8006207825562227,0.8006207825562227,0.8006207825562227,,,,,,0.23104108653867805,0.016376763859781922,0.6537251828083985,0,0,0,0
ihdp,0.8,149,balanced,0.3000000000000006,0.13082510281824597,0.5022460375479263,0.3714209347296803,True,0.7331561812081864,0.7331561812081864,0.7331561812081864,0.01337008927380537,0.003330722424585894,,,,0.23554947409758298,0.011970621394738236,0.6632353852570697,0,0,0,0
ihdp,0.8,149,ldm,0.3000000000000006,0.15410638923793318,0.5045459694236559,0.35043958018572274,True,0.489734962000939,0.489734962000939,0.489734962000939,0.013439229501876428,0.0034426180057496323,,,,0.23584826246459198,0.010244817285171844,0.6639884311441995,0,0,0,0
ihdp,0.8,149,sprl,0.3000000000000006,0.14709106496614832,0.5079188132243934,0.36082774825824504,True,0.48701609302369137,0.48701609302369137,0.48701609302369137,0.013837292647779133,0.00297514955303535,,,,0.23294158561852105,0.03196639704717637,0.658173879808428,0,0,0,0
ihdp,0.8,150,raw,0.30000000000000004,0.19062175574823864,0.45650588353016003,0.2658841277819214,True,1.1838871939824431,1.1838871939824431,1.1838871939824431,,,,,,0.1929817722613485,0.010244172966007598,0.5682450891632518,0,0,0,0
ihdp,0.8,150,balanced,0.30000000000000004,0.19163275346543593,0.461484025096971,0.2698512716315351,True,1.6620302543981484,1.6620302543981484,1.6620302543981484,0.013878205725688514,0.0035390659429817817,,,,0.19455224152386583,0.008357587897069025,0.5717862307181927,0,0,0,0
ihdp,0.8,150,ldm,0.30000000000000004,0.1885368250882427,0.4596263621057029,0.2710895370174602,True,1.5847285030564313,1.5847285030564313,1.5847285030564313,0.014574892560114157,0.004505614755039042,,,,0.19412321709922672,0.011833053338566197,0.5709639364980583,0,0,0,0
ihdp,0.8,150,sprl,0.30000000000000004,0.18081356513425412,0.4620728369372509,0.28125927180299676,True,0.6595633093470511,0.6595633093470511,0.6595633093470511,0.02502578123223264,0.010828305840966139,,,,0.1945706766851714,0.03339499422817866,0.5727985222927208,0,0,0,0
ihdp,0.8,151,raw,0.30000000000000016,0.20186262785732229,0.44000147915447607,0.2381388512971538,True,1.6822504789523764,1.6822504789523764,1.6822504789523764,,,,,,0.1834520838389305,0.009876629786607664,0.5445808684883865,0,0,0,0
ihdp,0.8,151,balanced,0.30000000000000016,0.20611839453509728,0.44616263573289955,0.24004424119780227,True,2.6868803090070292,2.6868803090070292,2.6868803090070292,0.013308432073877823,0.0033671854687693584,,,,0.18798184907617504,0.010041444579812297,0.5553436546541931,0,0,0,0
ihdp,0.8,151,ldm,0.30000000000000016,0.19983407168392375,0.4192702498060618,0.21943617812213806,True,2.000827601686097,2.000827601686097,2.000827601686097,0.01367427755433934,0.0032702602135447015,,,,0.18769031881092554,0.007664144350149372,0.554931137736416,0,0,0,0
ihdp,0.8,151,sprl,0.30000000000000016,0.18017864798621594,0.4242950132083899,0.24411636522217398,True,0.7843764532069558,0.7843764532069558,0.7843764532069558,0.026924115432519824,0.020288359027961122,,,,0.18620884114841674,0.023448502082398296,0.5526532896614361,0,0,0,0
ihdp,0.8,152,raw,0.29999999999999855,0.17493874126313708,0.514916389463268,0.33997764820013093,True,0.70983633637715,0.70983633637715,0.70983633637715,,,,,,0.2326897221447031,0.017014044907151093,0.6569526478360694,0,0,0,0
ihdp,0.8,152,balanced,0.29999999999999855,0.16718461051134756,0.5260262143655402,0.3588416038541926,True,0.6873887190847175,0.6873887190847175,0.6873887190847175,0.013220495514528141,0.003269899066419724,,,,0.23487158006994915,0.009280457696958714,0.6618159784573477,0,0,0,0
ihdp,0.8,152,ldm,0.29999999999999855,0.17153934507092314,0.5191858066705581,0.34764646159963497,True,0.5359169412872835,0.5359169412872835,0.5359169412872835,0.013442717696347046,0.00339360795925434,,,,0.23485383093622328,0.01559246693577583,0.6618343906899077,0,0,0,0
ihdp,0.8,152,sprl,0.29999999999999855,0.15951448511518843,0.5210910978363766,0.36157661272118824,True,0.5556117790421172,0.5556117790421172,0.5556117790421172,0.02693698319081852,0.020776308311311057,,,,0.2380126043007817,0.037658551840735806,0.6688644052074973,0,0,0,0
ihdp,0.8,153,raw,0.3000000000000001,0.12811690541681306,0.5058275520739162,0.3777106466571031,True,0.7130219262586279,0.7130219262586279,0.7130219262586279,,,,,,0.2323069681896865,0.01838253058671055,0.6566649389084845,0,0,0,0
ihdp,0.8,153,balanced,0.3000000000000001,0.12362936582158304,0.5111593000541881,0.38752993423260507,True,0.8057697544885497,0.8057697544885497,0.8057697544885497,0.012977143475012278,0.003082397849615983,,,,0.23554968543173258,0.011158220832583686,0.6636768552772603,0,0,0,0
ihdp,0.8,153,ldm,0.3000000000000001,0.13061440155073512,0.5069984071552701,0.376384005604535,True,0.523747807705956,0.523747807705956,0.523747807705956,0.013596120013824162,0.004238388002412575,,,,0.23601580837141045,0.01266285607443957,0.6645249781635497,0,0,0,0
ihdp,0.8,153,sprl,0.3000000000000001,0.07330429585630846,0.4959231079894991,0.42261881213319064,True,0.5405946733843426,0.5405946733843426,0.5405946733843426,0.028059662025042325,0.010743217895614774,,,,0.23604080002230265,0.026658105284714278,0.6651139673453546,0,0,0,0
ihdp,0.8,154,raw,0.30000000000000093,0.20923623289270682,0.416204056525967,0.20696782363326016,True,1.0446645833941046,1.0446645833941046,1.0446645833941046,,,,,,0.16717249904050283,0.014086316833899925,0.5049373047599556,0,0,0,0
ihdp,0.8,154,balanced,0.30000000000000093,0.21430010290459503,0.44872149986205223,0.2344213969574572,True,3.9011290154013367,3.9011290154013367,3.9011290154013367,0.014757124199727554,0.00475091809740082,,,,0.16988346788266467,0.014174915736800076,0.5113647123539466,0,0,0,0
ihdp,0.8,154,ldm,0.30000000000000093,0.19764510413558517,0.4275086061068332,0.22986350197124805,True,3.9283485128003806,3.9283485128003806,3.9283485128003806,0.013786656403770189,0.003073270904484478,,,,0.16988751411009492,0.007270195204558068,0.5111350272655755,0,0,0,0
ihdp,0.8,154,sprl,0.30000000000000093,0.18831457858358908,0.4284123689102633,0.24009779032667422,True,0.9798910204063739,0.9798910204063739,0.9798910204063739,0.06589380795734011,0.06662693450272521,,,,0.16973383482621934,0.029775925759379124,0.5122592053185206,0,0,0,0
ihdp,0.8,155,raw,0.2999999999999992,0.152145498803773,0.49361728205069066,0.3414717832469176,True,1.3839101800903295,1.3839101800903295,1.3839101800903295,,,,,,0.22684893673111028,0.016525249194703273,0.6451260475386119,0,0,0,0
ihdp,0.8,155,balanced,0.2999999999999992,0.15510673127998847,0.5054148489071402,0.3503081176271517,True,0.7863134796683563,0.7863134796683563,0.7863134796683563,0.01344561636522364,0.003349928427481683,,,,0.2309892692133535,0.01285513839668472,0.6540637338717605,0,0,0,0
ihdp,0.8,155,ldm,0.2999999999999992,0.1639479496796685,0.5043529935508017,0.34040504387113313,True,0.6107811759008147,0.6107811759008147,0.6107811759008147,0.013999599265815368,0.004128879162055919,,,,0.23279944286545762,0.018121966365692417,0.6577309738479548,0,0,0,0
ihdp,0.8,155,sprl,0.2999999999999992,0.13640510119052843,0.5011515602118524,0.36474645902132397,True,0.48739055492321487,0.48739055492321487,0.48739055492321487,0.0194856139950706,0.005408311909457856,,,,0.22947034009414546,0.02045887430658236,0.6509203578685275,0,0,0,0
ihdp,0.8,156,raw,0.29999999999999905,0.15825168079432123,0.47284459648743293,0.3145929156931117,True,0.9973246061175709,0.9973246061175709,0.9973246061175709,,,,,,0.2295724497870936,0.017783160730834694,0.6504295394109092,0,0,0,0
ihdp,0.8,156,balanced,0.29999999999999905,0.1601421746774904,0.4858672445636085,0.32572506988611816,True,0.7378628660532984,0.7378628660532984,0.7378628660532984,0.013071097918896985,0.003325476804027489,,,,0.23188910539057542,0.010101660242115127,0.6554393869092261,0,0,0,0
ihdp,0.8,156,ldm,0.29999999999999905,0.15159735919910958,0.4795845270568139,0.3279871678577043,True,0.6189157551329132,0.6189157551329132,0.6189157551329132,0.014067275295409826,0.004127548366436599,,,,0.23199823246381565,0.016536766830335132,0.6557159825447101,0,0,0,0
ihdp,0.8,156,sprl,0.29999999999999905,0.13910198300529636,0.4753930361005621,0.33629105309526575,True,0.5264807860746963,0.5264807860746963,0.5264807860746963,0.031645586740153206,0.016178618622231862,,,,0.23339339882414534,0.03647020375886414,0.6592277252232203,0,0,0,0
ihdp,0.8,157,raw,0.2999999999999992,0.16582227165013225,0.4546647224879306,0.28884245083779836,True,1.158355808134882,1.158355808134882,1.158355808134882,,,,,,0.21788596049975067,0.010443991298985357,0.6249559748407361,0,0,0,0
ihdp,0.8,157,balanced,0.2999999999999992,0.1729301399955393,0.47035949021331763,0.29742935021777833,True,1.132765708395053,1.132765708395053,1.132765708395053,0.012597334108102399,0.0025890844948736323,,,,0.22157101214274036,0.018327496616548623,0.633107138836073,0,0,0,0
ihdp,0.8,157,ldm,0.2999999999999992,0.17277515881661798,0.467553327284272,0.29477816846765403,True,0.8482473296549254,0.8482473296549254,0.8482473296549254,0.013458630507313296,0.003118546178060457,,,,0.22289673541130334,0.016902576540462615,0.6362007405534472,0,0,0,0
ihdp,0.8,157,sprl,0.2999999999999992,0.15550972947907318,0.46141542785411166,0.30590569837503845,True,0.5194263117178283,0.5194263117178283,0.5194263117178283,0.017320337560044006,0.011374888515693663,,,,0.219889974929486,0.027653888011677463,0.6300082461059024,0,0,0,0
ihdp,0.8,158,raw,0.3000000000000001,0.22114673782174224,0.4263098353662194,0.20516309754447717,True,0.8945320041573962,0.8945320041573962,0.8945320041573962,,,,,,0.16332896852130585,0.011730041426376866,0.49408307330927725,0,0,0,0
ihdp,0.8,158,balanced,0.3000000000000001,0.218909472775012,0.4311458705898607,0.2122363978148487,True,3.9653012241314034,3.9653012241314034,3.9653012241314034,0.013318227131655041,0.003401063237420395,,,,0.16438792504800562,0.009944769550041019,0.49690019770775923,0,0,0,0
ihdp,0.8,158,ldm,0.3000000000000001,0.21906893929793797,0.4255582314056337,0.20648929210769573,True,3.9798474204699303,3.9798474204699303,3.9798474204699303,0.013770475621470539,0.0038163290680473735,,,,0.1639211266800486,0.008112103616977227,0.49576129774444505,0,0,0,0
ihdp,0.8,158,sprl,0.3000000000000001,0.20483893053871516,0.4299320744443662,0.22509314390565105,True,0.8508752393866907,0.8508752393866907,0.8508752393866907,0.02306536234164062,0.006788204644927839,,,,0.16408505278268487,0.03252759339880626,0.49699187681488094,0,0,0,0
ihdp,0.8,159,raw,0.2999999999999988,0.18671498081314097,0.46908305546082063,0.28236807464767966,True,1.1662754547709657,1.1662754547709657,1.1662754547709657,,,,,,0.22078978164737506,0.017216445627104466,0.631663885639458,0,0,0,0
ihdp,0.8,159,balanced,0.2999999999999988,0.17538496170538487,0.475675302818282,0.30029034111289715,True,0.8995233970011984,0.8995233970011984,0.8995233970011984,0.014857378108806142,0.0045943144004104266,,,,0.22260850495213036,0.02267622166168398,0.6358439283179919,0,0,0,0
ihdp,0.8,159,ldm,0.2999999999999988,0.17874630234953456,0.4655816540203057,0.2868353516707711,True,0.858829463477851,0.858829463477851,0.858829463477851,0.01420808100277966,0.004226891430541756,,,,0.22224749036457733,0.01705355176204865,0.6350245960768043,0,0,0,0
ihdp,0.8,159,sprl,0.2999999999999988,0.1685554605273143,0.4655966719308393,0.297041211403525,True,0.4874442708583469,0.4874442708583469,0.4874442708583469,0.020003582829849303,0.00787572926880598,,,,0.22305506172660303,0.028505445450267442,0.6368596620461909,0,0,0,0
ihdp,0.8,160,raw,0.3000000000000002,0.1586125996105407,0.4651933176716656,0.3065807180611249,True,1.0907683972878544,1.0907683972878544,1.0907683972878544,,,,,,0.22533410977416168,0.01911462953296512,0.6415975777119614,0,0,0,0
ihdp,0.8,160,balanced,0.3000000000000002,0.1508347272641589,0.47789084459039693,0.32705611732623807,True,0.9485815715099091,0.9485815715099091,0.9485815715099091,0.015995957355143538,0.0054323609678977565,,,,0.23072935471429765,0.018674089290830094,0.6531555405120895,0,0,0,0
ihdp,0.8,160,ldm,0.3000000000000002,0.152378569544834,0.4713110697406252,0.3189325001957912,True,0.8911984446437788,0.8911984446437788,0.8911984446437788,0.013650243088295337,0.003564203356742606,,,,0.2309168353846128,0.019520365334671247,0.6535920042370371,0,0,0,0
ihdp,0.8,160,sprl,0.3000000000000002,0.15132986967716683,0.4788471805546158,0.32751731087744895,True,0.47363434578078195,0.47363434578078195,0.47363434578078195,0.01639935631580517,0.007822804734690877,,,,0.22745402248286417,0.03115540949705366,0.6460063973777298,0,0,0,0
ihdp,0.8,161,raw,0.3000000000000001,0.13804344804529836,0.5012967639243207,0.3632533158790223,True,1.1846537103042833,1.1846537103042833,1.1846537103042833,,,,,,0.22756025355739398,0.01577235908233388,0.6466488529937385,0,0,0,0
ihdp,0.8,161,balanced,0.3000000000000001,0.13136982757006618,0.5220405486498537,0.3906707210797875,True,0.6181319348116514,0.6181319348116514,0.6181319348116514,0.012688281826537756,0.002642833288364989,,,,0.23144313150904544,0.013284293030647824,0.6548015609301021,0,0,0,0
ihdp,0.8,161,ldm,0.3000000000000001,0.13997761709335915,0.5196486755172992,0.37967105842394006,True,0.48658859957519673,0.48658859957519673,0.48658859957519673,0.013614718722704526,0.0034882613074846054,,,,0.23102639764262048,0.011117276758853547,0.653856374342268,0,0,0,0
ihdp,0.8,161,sprl,0.3000000000000001,0.1304871657411622,0.5219717935297525,0.39148462778859033,True,0.4881303216105017,0.4881303216105017,0.4881303216105017,0.015476127283378435,0.0027013324472092803,,,,0.22984858225956858,0.025735138213340465,0.6516163128563229,0,0,0,0
ihdp,0.8,162,raw,0.3000000000000002,0.16110091980502786,0.4518859806957611,0.2907850608907332,True,1.547376841775921,1.547376841775921,1.547376841775921,,,,,,0.20451048317705003,0.005059466460514518,0.5950718117549743,0,0,0,0
ihdp,0.8,162,balanced,0.3000000000000002,0.16742472365517755,0.46806372291975396,0.3006389992645764,True,1.3796596921663946,1.3796596921663946,1.3796596921663946,0.01347266188649553,0.0031941012909990356,,,,0.20615392759526172,0.0094284249176398,0.5987525567129669,0,0,0,0
ihdp,0.8,162,ldm,0.3000000000000002,0.17989779478952458,0.4683136482126768,0.28841585342315224,True,1.392937977903251,1.392937977903251,1.392937977903251,0.014212277480676709,0.003877305603272211,,,,0.2064253812807614,0.009702478969234297,0.5993690365168106,0,0,0,0
ihdp,0.8,162,sprl,0.3000000000000002,0.16265656369062967,0.47098722178471153,0.3083306580940819,True,0.4745557150716961,0.4745557150716961,0.4745557150716961,0.020590396927725345,0.013689426015168033,,,,0.205901644628944,0.01710033264474666,0.5987503962432736,0,0,0,0
ihdp,0.8,163,raw,0.2999999999999998,0.12975633708398307,0.48943069402770106,0.35967435694371797,True,0.9650124818859869,0.9650124818859869,0.9650124818859869,,,,,,0.2259717907905415,0.014245592610674401,0.6431797124605009,0,0,0,0
ihdp,0.8,163,balanced,0.2999999999999998,0.14885717662309217,0.504340899089119,0.3554837224660269,True,0.9973485786021796,0.9973485786021796,0.9973485786021796,0.012703547484668723,0.0027649359445509865,,,,0.22988737637992526,0.00974199087733019,0.6517757858422738,0,0,0,0
ihdp,0.8,163,ldm,0.2999999999999998,0.14610657851969508,0.5003832196836038,0.35427664116390867,True,0.693558787593868,0.693558787593868,0.693558787593868,0.013775120879094584,0.004138692073131739,,,,0.23211367616162307,0.012296468650959803,0.6562470441531163,0,0,0,0
ihdp,0.8,163,sprl,0.2999999999999998,0.14618485678428908,0.5052647315726996,0.3590798747884105,True,0.4759009546963597,0.4759009546963597,0.4759009546963597,0.012715903075490512,0.0036371650046100896,,,,0.2310194035250774,0.039842151340602004,0.6542857804207197,0,0,0,0
ihdp,0.8,164,raw,0.2999999999999995,0.1736591666138745,0.46910410187852386,0.2954449352646493,True,0.8601959521520045,0.8601959521520045,0.8601959521520045,,,,,,0.22614545249226195,0.028308878241669302,0.6432229900844866,0,0,0,0
ihdp,0.8,164,balanced,0.2999999999999995,0.16988927324186998,0.4980434597137828,0.3281541864719128,True,0.8743211511308785,0.8743211511308785,0.8743211511308785,0.012889316215491687,0.002996973082496532,,,,0.23147285673420548,0.026366980744319028,0.6546890789588137,0,0,0,0
ihdp,0.8,164,ldm,0.2999999999999995,0.1743465813776716,0.4963201423729115,0.3219735609952399,True,0.6299734075755651,0.6299734075755651,0.6299734075755651,0.01485393374689553,0.004513936423517444,,,,0.23223919910649565,0.030651070271179474,0.6562038433095375,0,0,0,0
ihdp,0.8,164,sprl,0.2999999999999995,0.14908825368046297,0.49402598433606015,0.3449377306555972,True,0.5371840354992229,0.5371840354992229,0.5371840354992229,0.012276750242477673,0.002488027773264927,,,,0.22946046950163362,0.03647165114039992,0.650997413800865,0,0,0,0
ihdp,0.8,165,raw,0.2999999999999993,0.14735585379584248,0.4522097570126339,0.3048539032167914,True,0.7368481469321354,0.7368481469321354,0.7368481469321354,,,,,,0.19412015077080275,0.022781211996986774,0.5716417421068632,0,0,0,0
ihdp,0.8,165,balanced,0.2999999999999993,0.145509554541111,0.47722516552074046,0.3317156109796294,True,1.7127665406559636,1.7127665406559636,1.7127665406559636,0.01335513938005233,0.003260358188146769,,,,0.19555180090215035,0.021224806621850084,0.5751234861755146,0,0,0,0
ihdp,0.8,165,ldm,0.2999999999999993,0.1536501438394931,0.4664977667426177,0.3128476229031246,True,1.6625700319095384,1.6625700319095384,1.6625700319095384,0.013338274326660265,0.003462749630091426,,,,0.19563773900724502,0.02181543071023113,0.5752433673846655,0,0,0,0
ihdp,0.8,165,sprl,0.2999999999999993,0.13576005009519185,0.47146029576624415,0.3357002456710523,True,0.45774673023172147,0.45774673023172147,0.45774673023172147,0.04337604502490259,0.025079060317012056,,,,0.19561534309761455,0.03443975097904385,0.5748875593168488,0,0,0,0
ihdp,0.8,166,raw,0.3000000000000002,0.18678286329535845,0.46465778723802886,0.27787492394267044,True,0.7614280480879935,0.7614280480879935,0.7614280480879935,,,,,,0.20495978289611103,0.010577205351024615,0.597604650656916,0,0,0,0
ihdp,0.8,166,balanced,0.3000000000000002,0.18642645776728786,0.46262557384744707,0.27619911608015923,True,1.5500014504023738,1.5500014504023738,1.5500014504023738,0.014388117462678533,0.00443712261722817,,,,0.20899274587342187,0.01181448898887344,0.6056281183887645,0,0,0,0
ihdp,0.8,166,ldm,0.3000000000000002,0.17901979975466756,0.4548824287941391,0.27586262903947156,True,1.439218208442952,1.439218208442952,1.439218208442952,0.013522701190386305,0.0029262588719164654,,,,0.2086498592631976,0.011113169150281694,0.6051542725204737,0,0,0,0
ihdp,0.8,166,sprl,0.3000000000000002,0.1616951914647867,0.4577053225774118,0.2960101311126251,True,0.6529365284371589,0.6529365284371589,0.6529365284371589,0.01993325317045717,0.010994353505851548,,,,0.20746204749157915,0.02304718829568341,0.6030194184169649,0,0,0,0
ihdp,0.8,167,raw,0.29999999999999943,0.1574875654868115,0.4901841908066219,0.33269662531981037,True,1.4444483237101797,1.4444483237101797,1.4444483237101797,,,,,,0.22321008664797382,0.006118920991451548,0.6366497021420608,0,0,0,0
ihdp,0.8,167,balanced,0.29999999999999943,0.15690110481988134,0.5123928567338609,0.3554917519139796,True,0.6830074995372138,0.6830074995372138,0.6830074995372138,0.012734164081859211,0.0027821507962776854,,,,0.2315142668880138,0.010347442096360973,0.6549829428332726,0,0,0,0
ihdp,0.8,167,ldm,0.29999999999999943,0.1713715367711335,0.510246286636751,0.3388747498656175,True,0.5788451852113092,0.5788451852113092,0.5788451852113092,0.013410120115609023,0.0031097259968074597,,,,0.23210328044755016,0.012815415377448652,0.6560428565452084,0,0,0,0
ihdp,0.8,167,sprl,0.29999999999999943,0.13817136800794202,0.5042117593589742,0.36604039135103217,True,0.4784939711306068,0.4784939711306068,0.4784939711306068,0.015913918369842805,0.007852607818605587,,,,0.2290840156479053,0.034385853321128,0.6505070062681596,0,0,0,0
ihdp,0.8,168,raw,0.29999999999999954,0.20151023869044007,0.4297664473132454,0.22825620862280535,True,1.8849773810723598,1.8849773810723598,1.8849773810723598,,,,,,0.1759701905793179,0.012817030451163221,0.5264135565636899,0,0,0,0
ihdp,0.8,168,balanced,0.29999999999999954,0.19239330891080167,0.4430144444787155,0.2506211355679139,True,2.7155898548776376,2.7155898548776376,2.7155898548776376,0.01448580627159991,0.004911874869613149,,,,0.18147185598685242,0.011277745677605996,0.5405272377600346,0,0,0,0
ihdp,0.8,168,ldm,0.29999999999999954,0.2067190941579804,0.4360921868657648,0.2293730927077844,True,2.521764919982466,2.521764919982466,2.521764919982466,0.012817751707605986,0.0028746103519859054,,,,0.18273648734904877,0.013986052717132073,0.5430950851244792,0,0,0,0
ihdp,0.8,168,sprl,0.29999999999999954,0.18423045373305152,0.4415203607993728,0.25728990706632127,True,0.7385234108499134,0.7385234108499134,0.7385234108499134,0.024399730121160652,0.008935706564017378,,,,0.18025764564783023,0.03453292024843848,0.5391692856006284,0,0,0,0
ihdp,0.8,169,raw,0.2999999999999999,0.14689851592881184,0.49278241782440546,0.3458839018955936,True,0.7197397516873045,0.7197397516873045,0.7197397516873045,,,,,,0.22351003408150336,0.013436800421418517,0.638256026758754,0,0,0,0
ihdp,0.8,169,balanced,0.2999999999999999,0.13179677243086968,0.4835228943059493,0.3517261218750796,True,0.7254192494588366,0.7254192494588366,0.7254192494588366,0.013970964252136883,0.0036892326133018656,,,,0.2282156741428867,0.013288769306622655,0.6484755652804668,0,0,0,0
ihdp,0.8,169,ldm,0.2999999999999999,0.13268454402796606,0.480711729103802,0.34802718507583597,True,0.6475008068549148,0.6475008068549148,0.6475008068549148,0.014391596099098297,0.004274149146456378,,,,0.22812921139964443,0.009580156440654682,0.6483355436722964,0,0,0,0
ihdp,0.8,169,sprl,0.2999999999999999,0.118761151120871,0.47684620781862197,0.358085056697751,True,0.640808723602248,0.640808723602248,0.640808723602248,0.02266005302768358,0.017077184917496525,,,,0.2251039834124721,0.024004724209097723,0.6416269796969495,0,0,0,0
ihdp,0.8,170,raw,0.3000000000000005,0.17421240796161136,0.461879154436476,0.2876667464748646,True,1.774901335675146,1.774901335675146,1.774901335675146,,,,,,0.19422287909823036,0.010555051495316938,0.5719447471183853,0,0,0,0
ihdp,0.8,170,balanced,0.3000000000000005,0.1878376422119718,0.47357133819788616,0.28573369598591436,True,2.0089719818574348,2.0089719818574348,2.0089719818574348,0.012898950507738647,0.0029133117863555606,,,,0.20023575140526806,0.00979222943661438,0.5859231876622052,0,0,0,0
ihdp,0.8,170,ldm,0.3000000000000005,0.19110055640856932,0.4646186373619288,0.2735180809533595,True,1.7878738940661623,1.7878738940661623,1.7878738940661623,0.013083065602516953,0.0032510729167096117,,,,0.20088472268451943,0.010215195925727843,0.5875291125173926,0,0,0,0
ihdp,0.8,170,sprl,0.3000000000000005,0.15397080657010068,0.45953646892987815,0.30556566235977745,True,0.4762570022265233,0.4762570022265233,0.4762570022265233,0.020923119771162457,0.01648441203194426,,,,0.19737803655998654,0.0327024110158822,0.5800228053199477,0,0,0,0
ihdp,0.8,171,raw,0.3000000000000003,0.2017505341652471,0.4320409287687195,0.23029039460347242,True,1.0973042321662596,1.0973042321662596,1.0973042321662596,,,,,,0.1634758732881061,0.0029708011541684453,0.49481308833708637,0,0,0,0
ihdp,0.8,171,balanced,0.3000000000000003,0.1891125766416227,0.4363739836549557,0.24726140701333302,True,3.7039094505923984,3.7039094505923984,3.7039094505923984,0.013391785102836772,0.003487562396442157,,,,0.16557654546010153,0.007475679588972971,0.5000790824807249,0,0,0,0
ihdp,0.8,171,ldm,0.3000000000000003,0.21025057501211594,0.42164758166465643,0.2113970066525405,True,3.5810137698879467,3.5810137698879467,3.5810137698879467,0.013597213183182768,0.0034930960042875727,,,,0.1654036830227054,0.007576860965070555,0.4994422196489777,0,0,0,0
ihdp,0.8,171,sprl,0.3000000000000003,0.1635880677182678,0.4192811070177322,0.2556930392994644,True,0.9672535251079084,0.9672535251079084,0.9672535251079084,0.027643525644141693,0.025800174125651155,,,,0.16464995386378778,0.020882825867427235,0.49879612643935417,0,0,0,0
ihdp,0.8,172,raw,0.29999999999999916,0.1604486117257534,0.4804077825664015,0.31995917084064807,True,0.6102164252949737,0.6102164252949737,0.6102164252949737,,,,,,0.219343544709294,0.010240476119361394,0.6286249297223627,0,0,0,0
ihdp,0.8,172,balanced,0.29999999999999916,0.17401063532196775,0.4776166449571417,0.3036060096351739,True,0.8345516017979371,0.8345516017979371,0.8345516017979371,0.013351389031121205,0.0032937652790123884,,,,0.222918606136287,0.011384788035457876,0.6362703129121399,0,0,0,0
ihdp,0.8,172,ldm,0.29999999999999916,0.1757714347950352,0.478266192187627,0.3024947573925918,True,0.832287670980112,0.832287670980112,0.832287670980112,0.01474555699946996,0.004464353287012635,,,,0.22282732477551498,0.015246826214402614,0.6361132096471033,0,0,0,0
ihdp,0.8,172,sprl,0.29999999999999916,0.1565497193837017,0.4729429651935763,0.3163932458098746,True,0.4829662830837201,0.4829662830837201,0.4829662830837201,0.024792879428205367,0.02058726198592129,,,,0.22156429006159065,0.017314390082063345,0.6334430461498797,0,0,0,0
ihdp,0.8,173,raw,0.2999999999999998,0.16177778763666537,0.4548423241721337,0.2930645365354684,True,1.065801249068948,1.065801249068948,1.065801249068948,,,,,,0.1734125513756177,0.016025763794171508,0.5205227258336388,0,0,0,0
ihdp,0.8,173,balanced,0.2999999999999998,0.1660511772755403,0.45925921213133586,0.29320803485579555,True,3.0305126440623016,3.0305126440623016,3.0305126440623016,0.013709588860974927,0.0038231663068936357,,,,0.177145899216889,0.012324847211027659,0.5299183113406981,0,0,0,0
ihdp,0.8,173,ldm,0.2999999999999998,0.1658044239304574,0.45499922890836386,0.28919480497790645,True,2.860670365008371,2.860670365008371,2.860670365008371,0.015378694240482691,0.005392890641604933,,,,0.17700446992518767,0.010928731941963993,0.5293469210342838,0,0,0,0
ihdp,0.8,173,sprl,0.2999999999999998,0.14531653817567386,0.449061936406353,0.30374539823067914,True,0.7253537757900981,0.7253537757900981,0.7253537757900981,0.02790934019739164,0.022876827470095163,,,,0.17570405621546883,0.029587902760350563,0.526583748397192,0,0,0,0
ihdp,0.8,174,raw,0.2999999999999993,0.1820241464990327,0.4756240928483689,0.29359994634933617,True,0.7132568226463718,0.7132568226463718,0.7132568226463718,,,,,,0.21652575121180248,0.01608936821555193,0.6218801071482373,0,0,0,0
ihdp,0.8,174,balanced,0.2999999999999993,0.1756377774667296,0.470355316289888,0.29471753882315843,True,1.1360590535378525,1.1360590535378525,1.1360590535378525,0.013270906046422922,0.003329287939037866,,,,0.21850783972805216,0.011776683983031357,0.6267571499901424,0,0,0,0
ihdp,0.8,174,ldm,0.2999999999999993,0.17548724413965483,0.4638084299156969,0.28832118577604204,True,1.0182538033463238,1.0182538033463238,1.0182538033463238,0.014296446599703746,0.004264743756045814,,,,0.21919915377378257,0.01338956500564274,0.628356489544055,0,0,0,0
ihdp,0.8,174,sprl,0.2999999999999993,0.18298824055456267,0.4741244953593516,0.2911362548047889,True,0.5535020596561324,0.5535020596561324,0.5535020596561324,0.022845081941195593,0.01153624165216565,,,,0.2200870077760348,0.03909112402749387,0.6300509187194718,0,0,0,0
ihdp,0.8,175,raw,0.29999999999999977,0.1861227256020164,0.4722031100350394,0.28608038443302297,True,0.4938464280522359,0.4938464280522359,0.4938464280522359,,,,,,0.21868201547020763,0.011760921763231735,0.6265397790457244,0,0,0,0
ihdp,0.8,175,balanced,0.29999999999999977,0.1850251258542198,0.4924430935608238,0.307417967706604,True,0.8964761470999251,0.8964761470999251,0.8964761470999251,0.01288315659644934,0.002963470796464723,,,,0.22390161584787524,0.017300071130997612,0.638548072775351,0,0,0,0
ihdp,0.8,175,ldm,0.29999999999999977,0.18149010679687308,0.4886240501586569,0.3071339433617838,True,0.8589409983077402,0.8589409983077402,0.8589409983077402,0.01433208097252869,0.004231591229697973,,,,0.22390375887593555,0.019813291933981507,0.6386444316335679,0,0,0,0
ihdp,0.8,175,sprl,0.29999999999999977,0.17509469803524305,0.49546450211490417,0.3203698040796611,True,0.4502157602199886,0.4502157602199886,0.4502157602199886,0.013765610040142533,0.005351521726584249,,,,0.22078522913947426,0.030548433497582003,0.6317788590691973,0,0,0,0
ihdp,0.8,176,raw,0.3000000000000009,0.14737083058464814,0.5288951252879994,0.38152429470335125,True,0.6250095068355221,0.6250095068355221,0.6250095068355221,,,,,,0.22346886665062352,0.012196953472331448,0.6372394358417847,0,0,0,0
ihdp,0.8,176,balanced,0.3000000000000009,0.13812352358566846,0.528763576335518,0.3906400527498495,True,0.6703239966481422,0.6703239966481422,0.6703239966481422,0.014159188705590046,0.0041375951315958176,,,,0.22983543930205133,0.009859635277022626,0.6513691123970695,0,0,0,0
ihdp,0.8,176,ldm,0.3000000000000009,0.1462412535900523,0.5247652883470594,0.3785240347570071,True,0.567534023935872,0.567534023935872,0.567534023935872,0.014192703094325316,0.004072234721615099,,,,0.22986855943763043,0.00888873790555642,0.6514570385527971,0,0,0,0
ihdp,0.8,176,sprl,0.3000000000000009,0.1512947147485517,0.5299555779329989,0.37866086318444714,True,0.49269100058919163,0.49269100058919163,0.49269100058919163,0.012819844811329983,0.0018061197339479008,,,,0.22665084745739836,0.03322935234295779,0.6447299132395976,0,0,0,0
ihdp,0.8,177,raw,0.30000000000000093,0.17109231285118948,0.4917659418191807,0.32067362896799123,True,0.8330984311436316,0.8330984311436316,0.8330984311436316,,,,,,0.21777468182640614,0.009956365830313403,0.6257405673439678,0,0,0,0
ihdp,0.8,177,balanced,0.30000000000000093,0.17472753169301194,0.49248616995989425,0.31775863826688233,True,1.2200177506964776,1.2200177506964776,1.2200177506964776,0.013220398841244894,0.0031627482598695147,,,,0.22242512561840536,0.012350916972790858,0.6355858071981861,0,0,0,0
ihdp,0.8,177,ldm,0.30000000000000093,0.17629066080870867,0.49003253040490546,0.31374186959619677,True,0.7956237952518663,0.7956237952518663,0.7956237952518663,0.014193025815762277,0.0042638729918977325,,,,0.2253345503761855,0.00941742734806839,0.6420070265276366,0,0,0,0
ihdp,0.8,177,sprl,0.30000000000000093,0.15693809115369123,0.48653635474573304,0.3295982635920418,True,0.5705600559844891,0.5705600559844891,0.5705600559844891,0.03338511618429125,0.01995092052116955,,,,0.21820828789199423,0.010893014610937704,0.6268024116805836,0,0,0,0
ihdp,0.8,178,raw,0.30000000000000016,0.1663293761530581,0.5045548368804621,0.338225460727404,True,0.6912190625203666,0.6912190625203666,0.6912190625203666,,,,,,0.21058489974964295,0.016549616136480247,0.6091280279677489,0,0,0,0
ihdp,0.8,178,balanced,0.30000000000000016,0.15791658957197516,0.5075637505598755,0.3496471609879003,True,1.2557455569525726,1.2557455569525726,1.2557455569525726,0.011950302009893436,0.002319154038868773,,,,0.21133692574749222,0.013641277539520092,0.6108343101041414,0,0,0,0
ihdp,0.8,178,ldm,0.30000000000000016,0.15833403218946973,0.5054127705903985,0.34707873840092873,True,1.0638488500930114,1.0638488500930114,1.0638488500930114,0.012954823797515249,0.0032060023095751484,,,,0.21207551288758933,0.011436533416332082,0.6126234046449015,0,0,0,0
ihdp,0.8,178,sprl,0.30000000000000016,0.15129033318093185,0.5118472161519296,0.36055688297099775,True,0.49944800726823857,0.49944800726823857,0.49944800726823857,0.013717270855093796,0.005013968501837753,,,,0.21261102895976106,0.026659791553379865,0.6136658880462621,0,0,0,0
ihdp,0.8,179,raw,0.3000000000000007,0.1736813731203626,0.43955561335335214,0.26587424023298956,True,0.9523396997007574,0.9523396997007574,0.9523396997007574,,,,,,0.21485735130351657,0.012389720319553783,0.6182452747308349,0,0,0,0
ihdp,0.8,179,balanced,0.3000000000000007,0.16779525981324928,0.46855778116751345,0.3007625213542642,True,1.2504899815132662,1.2504899815132662,1.2504899815132662,0.013204968115176843,0.003164032575056374,,,,0.2168843342893127,0.01781041733180051,0.6228715066743327,0,0,0,0
ihdp,0.8,179,ldm,0.3000000000000007,0.16982678183704228,0.44003506344961224,0.27020828161256993,True,0.9913655314044791,0.9913655314044791,0.9913655314044791,0.01383443638075363,0.003830510977636468,,,,0.2157849037255779,0.011954565322136639,0.6203562761982686,0,0,0,0
ihdp,0.8,179,sprl,0.3000000000000007,0.15049693561086538,0.43419285781516703,0.2836959222043016,True,0.47896494584524296,0.47896494584524296,0.47896494584524296,0.01824579545721058,0.0065868315812823664,,,,0.21640599180801515,0.03128540829374894,0.6220615097327592,0,0,0,0
ihdp,0.8,180,raw,0.2999999999999998,0.1542266821235166,0.4524754704919873,0.2982487883684707,True,0.8136509744206527,0.8136509744206527,0.8136509744206527,,,,,,0.20809235675031687,0.011673560792282297,0.602619041819985,0,0,0,0
ihdp,0.8,180,balanced,0.2999999999999998,0.1663812932377113,0.45550342142261624,0.2891221281849049,True,1.2612523273401903,1.2612523273401903,1.2612523273401903,0.012881274493276302,0.002781560651120352,,,,0.20891256055413424,0.010783021334934393,0.6046668159811092,0,0,0,0
ihdp,0.8,180,ldm,0.2999999999999998,0.1836377273782029,0.4512190149560268,0.2675812875778239,True,1.247386766625142,1.247386766625142,1.247386766625142,0.015248581021852448,0.005565114892610356,,,,0.20867556364512366,0.010586857517748316,0.6041674936348475,0,0,0,0
ihdp,0.8,180,sprl,0.2999999999999998,0.14140860714275308,0.4518332404165745,0.3104246332738214,True,0.48542890532417615,0.48542890532417615,0.48542890532417615,0.03709028164599011,0.031146566774580334,,,,0.2113141068380216,0.03800126341121132,0.610795237389418,0,0,0,0
ihdp,0.8,181,raw,0.2999999999999997,0.12641004840110956,0.49892593000158575,0.3725158816004762,True,0.8455719538131073,0.8455719538131073,0.8455719538131073,,,,,,0.23080762378973368,0.011437461960012435,0.6535674661999281,0,0,0,0
ihdp,0.8,181,balanced,0.2999999999999997,0.13514232387158884,0.49786039380340424,0.36271806993181543,True,0.5919893172557502,0.5919893172557502,0.5919893172557502,0.012741522048971091,0.0028457224591988627,,,,0.23441597028614664,0.018806582317058576,0.6615168373851034,0,0,0,0
ihdp,0.8,181,ldm,0.2999999999999997,0.13042838439168494,0.49532568948709793,0.36489730509541296,True,0.5737108052603784,0.5737108052603784,0.5737108052603784,0.015808884877112957,0.0075437677281833685,,,,0.23419847082847428,0.016340194136896052,0.660994013657963,0,0,0,0
ihdp,0.8,181,sprl,0.2999999999999997,0.1189365686027623,0.4944401394292472,0.3755035708264849,True,0.591672589550255,0.591672589550255,0.591672589550255,0.017059760932045104,0.005217922861012362,,,,0.2336651291313691,0.03361082255938237,0.6599126350800383,0,0,0,0
ihdp,0.8,182,raw,0.30000000000000077,0.18744679060882896,0.4440444056447919,0.25659761503596296,True,1.8243712274812351,1.8243712274812351,1.8243712274812351,,,,,,0.20976108967549953,0.009187823871904342,0.6067896439714489,0,0,0,0
ihdp,0.8,182,balanced,0.30000000000000077,0.19525404550594336,0.452670278895952,0.25741623339000863,True,1.3363224818018782,1.3363224818018782,1.3363224818018782,0.01342975021591734,0.003274196555389182,,,,0.21015612263823186,0.012978257598629302,0.6074987680278695,0,0,0,0
ihdp,0.8,182,ldm,0.30000000000000077,0.19912013127632358,0.45251141218928115,0.2533912809129576,True,1.411948719024357,1.411948719024357,1.411948719024357,0.013439397436367238,0.0031979934601886525,,,,0.2103229275308213,0.008699073171390207,0.6079456158097839,0,0,0,0
ihdp,0.8,182,sprl,0.30000000000000077,0.18277427855038644,0.4528664977332362,0.27009221918284976,True,0.6009506403507164,0.6009506403507164,0.6009506403507164,0.02228534690997169,0.008295394901929137,,,,0.21246801413084995,0.033524676848189064,0.6133925559151817,0,0,0,0
ihdp,0.8,183,raw,0.3000000000000003,0.16292990804942062,0.4854970533928983,0.32256714534347763,True,1.9042841778234487,1.9042841778234487,1.9042841778234487,,,,,,0.21803933392316086,0.012745481854385765,0.6251655178722323,0,0,0,0
ihdp,0.8,183,balanced,0.3000000000000003,0.14484634592037324,0.4724793271903861,0.32763298127001284,True,0.9406432419208731,0.9406432419208731,0.9406432419208731,0.012535889268588282,0.002528903222186904,,,,0.21945936944587846,0.00969545443464922,0.6281434087796717,0,0,0,0
ihdp,0.8,183,ldm,0.3000000000000003,0.14314510281591855,0.4696114863085072,0.3264663834925886,True,0.7993744789810148,0.7993744789810148,0.7993744789810148,0.014484285939294671,0.004890484831556445,,,,0.21981731388252684,0.00731240051435949,0.6289773197346934,0,0,0,0
ihdp,0.8,183,sprl,0.3000000000000003,0.1274693391407338,0.471461108672887,0.34399176953215316,True,0.5096436875658473,0.5096436875658473,0.5096436875658473,0.013235154632066213,0.004318620541620922,,,,0.21945932776866653,0.021857281867496654,0.6286707939435928,0,0,0,0
ihdp,0.8,184,raw,0.3000000000000009,0.20052678004352711,0.4454572654769801,0.244930485433453,True,0.7217493361440733,0.7217493361440733,0.7217493361440733,,,,,,0.21074054606742793,0.010466733115801178,0.6094582782281761,0,0,0,0
ihdp,0.8,184,balanced,0.3000000000000009,0.20803615039024476,0.4525984042813189,0.24456225389107417,True,1.1229646869016463,1.1229646869016463,1.1229646869016463,0.013306386658359958,0.0031147602868311468,,,,0.21397387727517062,0.014280692980045197,0.6165757259929083,0,0,0,0
ihdp,0.8,184,ldm,0.3000000000000009,0.21026522887185264,0.4471662847887326,0.23690105591687996,True,1.0936904139438028,1.0936904139438028,1.0936904139438028,0.014444182574566384,0.004314838202610047,,,,0.21354527673372906,0.012336988892859323,0.6157023663071322,0,0,0,0
ihdp,0.8,184,sprl,0.3000000000000009,0.19364977246653062,0.44948228017580166,0.255832507709271,True,0.5340641910261947,0.5340641910261947,0.5340641910261947,0.029342781730468677,0.0242552381560941,,,,0.2128138881513914,0.020394002693348533,0.6141506171114294,0,0,0,0
ihdp,0.8,185,raw,0.29999999999999993,0.15285338896767195,0.4762074583343947,0.32335406936672273,True,0.6981975272780261,0.6981975272780261,0.6981975272780261,,,,,,0.20994015357433027,0.014836957780940222,0.6075897819585802,0,0,0,0
ihdp,0.8,185,balanced,0.29999999999999993,0.15543854355700473,0.48333139457516416,0.32789285101815946,True,1.0927306265138486,1.0927306265138486,1.0927306265138486,0.013349141550018992,0.0031535233612818236,,,,0.2145007484218272,0.01363070434621071,0.6178645680574908,0,0,0,0
ihdp,0.8,185,ldm,0.29999999999999993,0.1562991153257709,0.48032177605713794,0.32402266073136704,True,1.0326255755746148,1.0326255755746148,1.0326255755746148,0.013828381211121923,0.003763313679039454,,,,0.21485908327374845,0.011595362732148005,0.6185407690952647,0,0,0,0
ihdp,0.8,185,sprl,0.29999999999999993,0.13860908772003422,0.47392404791455767,0.33531496019452345,True,0.48770563377532494,0.48770563377532494,0.48770563377532494,0.016113243117314515,0.00794968851346596,,,,0.21419385241368796,0.02072712210026399,0.6179026046629641,0,0,0,0
ihdp,0.8,186,raw,0.30000000000000093,0.2039056886056702,0.44699882505910465,0.24309313645343444,True,0.5740025208795478,0.5740025208795478,0.5740025208795478,,,,,,0.17559605899895483,0.010347557793577638,0.5263835767396206,0,0,0,0
ihdp,0.8,186,balanced,0.30000000000000093,0.20762942485526054,0.4618779986514808,0.2542485737962203,True,2.674909136287838,2.674909136287838,2.674909136287838,0.012878516854721229,0.0028115116900312353,,,,0.17690740507276206,0.018827689287180448,0.5297841267204884,0,0,0,0
ihdp,0.8,186,ldm,0.30000000000000093,0.2057253806153183,0.448242177723476,0.2425167971081577,True,2.5414301520189,2.5414301520189,2.5414301520189,0.013454013054162679,0.003088128571290838,,,,0.1768273142578089,0.016591914535978254,0.5294971098971447,0,0,0,0
ihdp,0.8,186,sprl,0.30000000000000093,0.19511226867656936,0.4631780739841818,0.2680658053076125,True,0.5261670614672508,0.5261670614672508,0.5261670614672508,0.031721835397412905,0.01917492361063363,,,,0.17705810127884067,0.016827475562255473,0.5294786821520011,0,0,0,0
ihdp,0.8,187,raw,0.29999999999999927,0.19247009652886687,0.47781488089453905,0.2853447843656722,True,1.534602221884641,1.534602221884641,1.534602221884641,,,,,,0.2087564247786573,0.01404618919493901,0.6050599674596311,0,0,0,0
ihdp,0.8,187,balanced,0.29999999999999927,0.18599025928478544,0.4689313579254752,0.2829410986406897,True,1.4105651912997699,1.4105651912997699,1.4105651912997699,0.013896982836902553,0.003490657740100448,,,,0.21137672021724999,0.01563553984133094,0.6110857163898947,0,0,0,0
ihdp,0.8,187,ldm,0.29999999999999927,0.1885913018968101,0.4576168668563665,0.26902556495955643,True,1.2189506137376445,1.2189506137376445,1.2189506137376445,0.013883443118888011,0.003106614476710783,,,,0.21131670012057222,0.014283738846244497,0.6109149717508322,0,0,0,0
ihdp,0.8,187,sprl,0.29999999999999927,0.17362818349541265,0.457976391754118,0.2843482082587053,True,0.5386852575943659,0.5386852575943659,0.5386852575943659,0.013626953075542096,0.0023181856601783273,,,,0.21114354060697454,0.03084805510669271,0.6104765464026928,0,0,0,0
ihdp,0.8,188,raw,0.3000000000000012,0.20583641019648677,0.44248135508623493,0.23664494488974816,True,0.7133816282278319,0.7133816282278319,0.7133816282278319,,,,,,0.20806629693644926,0.006568376190492489,0.6029319908076227,0,0,0,0
ihdp,0.8,188,balanced,0.3000000000000012,0.2167682322972547,0.46208764871026214,0.24531941641300745,True,1.2314933385700628,1.2314933385700628,1.2314933385700628,0.013642002145906043,0.003428045405753919,,,,0.2143353196343552,0.016290511921336515,0.6173834709932129,0,0,0,0
ihdp,0.8,188,ldm,0.3000000000000012,0.21276770612262452,0.45627464331286527,0.24350693719024075,True,1.078538011160682,1.078538011160682,1.078538011160682,0.014367808257732676,0.004268596757158717,,,,0.2148616593001684,0.013847906551173331,0.6184100442552203,0,0,0,0
ihdp,0.8,188,sprl,0.3000000000000012,0.20347981565429182,0.4563798731254717,0.25290005747117983,True,0.543149753705367,0.543149753705367,0.543149753705367,0.021900083297999133,0.009113358590651873,,,,0.21002952568916108,0.025204670027221786,0.6079635800176176,0,0,0,0
ihdp,0.8,189,raw,0.2999999999999996,0.17282309475460303,0.5069495484830031,0.3341264537284001,True,0.7721496814098633,0.7721496814098633,0.7721496814098633,,,,,,0.22274325289347827,0.011314131496210328,0.6352318791107086,0,0,0,0
ihdp,0.8,189,balanced,0.2999999999999996,0.16688092878964608,0.5050054301509885,0.3381245013613424,True,0.6598611690130359,0.6598611690130359,0.6598611690130359,0.012852050407419564,0.002805247520912746,,,,0.22903879234667202,0.01568665248780801,0.648988719164797,0,0,0,0
ihdp,0.8,189,ldm,0.2999999999999996,0.1695376210578986,0.4985505770616401,0.3290129560037415,True,0.5643572686539253,0.5643572686539253,0.5643572686539253,0.014894495202336773,0.005354997503687994,,,,0.22988713084221735,0.013109632723636284,0.6507063409292955,0,0,0,0
ihdp,0.8,189,sprl,0.2999999999999996,0.16739408931138583,0.4986398386237317,0.33124574931234585,True,0.5261267001505924,0.5261267001505924,0.5261267001505924,0.020790291168798068,0.01352625375594671,,,,0.2256873521533042,0.03417918466055075,0.6420360346197372,0,0,0,0
ihdp,0.8,190,raw,0.29999999999999993,0.17553971806882465,0.4311800802854772,0.25564036221665254,True,0.5152048961433282,0.5152048961433282,0.5152048961433282,,,,,,0.1676725247010888,0.010697817814208725,0.5054093449740563,0,0,0,0
ihdp,0.8,190,balanced,0.29999999999999993,0.18831757336964164,0.4371366803225498,0.24881910695290818,True,3.320919361269007,3.320919361269007,3.320919361269007,0.013160776706900256,0.0028249168974847634,,,,0.16758590082603508,0.008272570638732546,0.50519499020586,0,0,0,0
ihdp,0.8,190,ldm,0.29999999999999993,0.17528400309855022,0.43158079342951605,0.25629679033096586,True,3.2653865517661496,3.2653865517661496,3.2653865517661496,0.01407203004622273,0.004149932819444258,,,,0.16755271349197146,0.010088020301890342,0.5050610966649283,0,0,0,0
ihdp,0.8,190,sprl,0.29999999999999993,0.15282549487503375,0.42490033715537723,0.2720748422803435,True,0.9473850302949437,0.9473850302949437,0.9473850302949437,0.029615969194284122,0.026469373439505468,,,,0.1681101809282813,0.028398144150297188,0.5074320503442885,0,0,0,0
ihdp,0.8,191,raw,0.29999999999999905,0.12812083768569454,0.5406659912036075,0.41254515351791293,True,1.8500820483048448,1.8500820483048448,1.8500820483048448,,,,,,0.22935040906945134,0.021934558096256017,0.6501350479108879,0,0,0,0
ihdp,0.8,191,balanced,0.29999999999999905,0.133291227872453,0.564280889533626,0.430989661661173,True,0.6209448399047108,0.6209448399047108,0.6209448399047108,0.013570939477656103,0.0032122487197630448,,,,0.23104836021154487,0.025585195470885284,0.6538027752807367,0,0,0,0
ihdp,0.8,191,ldm,0.29999999999999905,0.13284572688675886,0.5595740092182809,0.42672828233152205,True,0.5541603209773183,0.5541603209773183,0.5541603209773183,0.013438820114512518,0.0031824729839791985,,,,0.23049830102985347,0.022071564735669163,0.6526336736481749,0,0,0,0
ihdp,0.8,191,sprl,0.29999999999999905,0.10791430370098014,0.5691758954675105,0.4612615917665303,True,0.5991383824028386,0.5991383824028386,0.5991383824028386,0.016468537079592005,0.007995939536526438,,,,0.23532526319932096,0.04485866587110466,0.6637465950994152,0,0,0,0
ihdp,0.8,192,raw,0.3000000000000005,0.17085508456487086,0.48618961727992466,0.3153345327150538,True,0.9148415876910934,0.9148415876910934,0.9148415876910934,,,,,,0.22407135115369783,0.01194528420926592,0.6390563624774258,0,0,0,0
ihdp,0.8,192,balanced,0.3000000000000005,0.1727749581163401,0.5043943462606745,0.33161938814433434,True,0.9526436395590027,0.9526436395590027,0.9526436395590027,0.01333628105989297,0.0034163643248003766,,,,0.2249195760081492,0.012604329954456739,0.6408376161009903,0,0,0,0
ihdp,0.8,192,ldm,0.3000000000000005,0.17393863775957694,0.5002764577739754,0.3263378200143985,True,0.774337283992515,0.774337283992515,0.774337283992515,0.013282093206623142,0.003348091411558354,,,,0.22580069895770938,0.010759026806039528,0.6426689002921233,0,0,0,0
ihdp,0.8,192,sprl,0.3000000000000005,0.14137921933266226,0.49000701480075715,0.34862779546809486,True,0.5586584997846837,0.5586584997846837,0.5586584997846837,0.022389214328602206,0.012409355101062076,,,,0.22795184588942102,0.02948650500651708,0.6481909670975557,0,0,0,0
ihdp,0.8,193,raw,0.30000000000000004,0.16777025546246974,0.4853447057784317,0.317574450315962,True,0.5688567702112596,0.5688567702112596,0.5688567702112596,,,,,,0.22281863541501867,0.010562450902208817,0.6359841897784445,0,0,0,0
ihdp,0.8,193,balanced,0.30000000000000004,0.16679132772559124,0.4916572161291144,0.32486588840352315,True,0.5579330605957871,0.5579330605957871,0.5579330605957871,0.012466192834893653,0.002421700034618373,,,,0.22647957925611992,0.013392487016989467,0.6440165451359353,0,0,0,0
ihdp,0.8,193,ldm,0.30000000000000004,0.17345765682049027,0.48926212732410884,0.3158044705036186,True,0.5956163206729127,0.5956163206729127,0.5956163206729127,0.012615002833820334,0.0024042862196608696,,,,0.22649467978455814,0.011161434036931681,0.6440671106865075,0,0,0,0
ihdp,0.8,193,sprl,0.30000000000000004,0.17136050429194274,0.4871397594359871,0.31577925514404437,True,0.4520105569252216,0.4520105569252216,0.4520105569252216,0.014565622193363091,0.004700000298043951,,,,0.22561046056670675,0.014085609007260707,0.642096885512709,0,0,0,0
ihdp,0.8,194,raw,0.29999999999999943,0.20018858594272834,0.46209973481585204,0.2619111488731237,True,1.1448694275710918,1.1448694275710918,1.1448694275710918,,,,,,0.1637215270001986,0.012908689857044891,0.4941665784002371,0,0,0,0
ihdp,0.8,194,balanced,0.29999999999999943,0.19123482953318502,0.45461534157065814,0.26338051203747315,True,3.614421617414121,3.614421617414121,3.614421617414121,0.012846500603036742,0.0030637640340869373,,,,0.1664165795983215,0.01013250492667424,0.5013195784561749,0,0,0,0
ihdp,0.8,194,ldm,0.29999999999999943,0.19258879871088116,0.4567949390202403,0.2642061403093592,True,3.673714732401611,3.673714732401611,3.673714732401611,0.013139416959188377,0.0029264005600226897,,,,0.16666501493628672,0.0092699358763904,0.5020822338081395,0,0,0,0
ihdp,0.8,194,sprl,0.29999999999999943,0.19379384974350292,0.45392268029452687,0.260128830551024,True,0.9745990186526282,0.9745990186526282,0.9745990186526282,0.02746185573711995,0.02257804665845528,,,,0.1659204990173243,0.0330908016083052,0.5007339472671781,0,0,0,0
ihdp,0.8,195,raw,0.30000000000000043,0.1470669192250357,0.48914708858763467,0.342080169362599,True,2.1585522872517315,2.1585522872517315,2.1585522872517315,,,,,,0.22486737882098615,0.016247570124141537,0.6406662434565363,0,0,0,0
ihdp,0.8,195,balanced,0.30000000000000043,0.15336752234484946,0.5074768426797049,0.3541093203348555,True,0.9689081797486468,0.9689081797486468,0.9689081797486468,0.013040309316091918,0.0028263782068407386,,,,0.22740940514115437,0.011369505379605637,0.6463848609269711,0,0,0,0
ihdp,0.8,195,ldm,0.30000000000000043,0.15884935105886297,0.5060203224012119,0.34717097134234887,True,0.8571391616490981,0.8571391616490981,0.8571391616490981,0.013317682228545768,0.0032672197276116537,,,,0.22698286221346217,0.010142210946387096,0.6453389304740105,0,0,0,0
ihdp,0.8,195,sprl,0.30000000000000043,0.11173829330731391,0.5095960437627723,0.39785775045545846,True,0.4568958991736907,0.4568958991736907,0.4568958991736907,0.02361684089169964,0.008602959242371505,,,,0.22850166140038608,0.0428107711459519,0.6493692097424301,0,0,0,0
ihdp,0.8,196,raw,0.30000000000000004,0.13999672382511302,0.4576085824501355,0.3176118586250225,True,0.889924967031298,0.889924967031298,0.889924967031298,,,,,,0.1936001231335612,0.01836727090952784,0.5704810603462981,0,0,0,0
ihdp,0.8,196,balanced,0.30000000000000004,0.15339427017887525,0.46795027894557123,0.314556008766696,True,1.5295843180019923,1.5295843180019923,1.5295843180019923,0.013403849020345584,0.0033466689479505064,,,,0.2058694183282063,0.01816628003867868,0.598956969517187,0,0,0,0
ihdp,0.8,196,ldm,0.30000000000000004,0.133945005362442,0.45415991484484874,0.3202149094824067,True,1.4970489446778787,1.4970489446778787,1.4970489446778787,0.014044131695795027,0.0035791228747392096,,,,0.20540675356394886,0.015649141872404692,0.597795899961502,0,0,0,0
ihdp,0.8,196,sprl,0.30000000000000004,0.13011068575459786,0.4412455300564688,0.311134844301871,True,0.4494607290082754,0.4494607290082754,0.4494607290082754,0.02954099181116638,0.0157770581684473,,,,0.19616482772972418,0.025474255147955743,0.5763974088361681,0,0,0,0
ihdp,0.8,197,raw,0.2999999999999997,0.1750929157473566,0.4673044319547055,0.29221151620734886,True,0.6375640358807594,0.6375640358807594,0.6375640358807594,,,,,,0.1908416157064508,0.013225825022000077,0.5632400133089839,0,0,0,0
ihdp,0.8,197,balanced,0.2999999999999997,0.18346261283817394,0.4773493868505483,0.29388677401237434,True,1.890129819850426,1.890129819850426,1.890129819850426,0.01416943832207225,0.0040503361815744385,,,,0.19614058166779264,0.015616795178767346,0.5760592303562613,0,0,0,0
ihdp,0.8,197,ldm,0.2999999999999997,0.17927335856014007,0.4624424880804889,0.2831691295203488,True,1.7299139927930365,1.7299139927930365,1.7299139927930365,0.013211342637448963,0.003521700209695861,,,,0.19547905872689286,0.009957664028716678,0.5744148403318501,0,0,0,0
ihdp,0.8,197,sprl,0.2999999999999997,0.15581863251955064,0.4572346916989166,0.301416059179366,True,0.7074176947448463,0.7074176947448463,0.7074176947448463,0.01510512387390643,0.00260615709438196,,,,0.19378718495801045,0.03256342901852275,0.5710168142105604,0,0,0,0
ihdp,0.8,198,raw,0.29999999999999943,0.1661055368236106,0.4936020334299692,0.3274964966063586,True,1.0787184003920176,1.0787184003920176,1.0787184003920176,,,,,,0.2220732188563322,0.018477644654426247,0.6346538113309221,0,0,0,0
ihdp,0.8,198,balanced,0.29999999999999943,0.17532485669090928,0.4991646543167666,0.32383979762585735,True,0.7208160919595262,0.7208160919595262,0.7208160919595262,0.01278925971337782,0.00265398248055317,,,,0.232996914633509,0.01721216965126739,0.6578617938392436,0,0,0,0
ihdp,0.8,198,ldm,0.29999999999999943,0.1618311264695265,0.489649071827578,0.32781794535805153,True,0.5756674332522358,0.5756674332522358,0.5756674332522358,0.01388830478194089,0.0033720997488760544,,,,0.23332699705204632,0.015219674055745865,0.6586366365502961,0,0,0,0
ihdp,0.8,198,sprl,0.29999999999999943,0.1441290209183598,0.48753807866179394,0.3434090577434341,True,0.4660694877891635,0.4660694877891635,0.4660694877891635,0.01825291837492021,0.005357173233918871,,,,0.22630946134589144,0.030232237024810753,0.6440949967295356,0,0,0,0
ihdp,0.8,199,raw,0.30000000000000016,0.1994329204145197,0.45243920791060155,0.25300628749608184,True,0.8175399582428499,0.8175399582428499,0.8175399582428499,,,,,,0.2100303489411067,0.011520098412227585,0.6066478419520545,0,0,0,0
ihdp,0.8,199,balanced,0.30000000000000016,0.20424891340204326,0.44875796505038634,0.24450905164834308,True,1.1805294020014012,1.1805294020014012,1.1805294020014012,0.014184947869638791,0.004220737352805092,,,,0.21501354395444677,0.010758529473611571,0.6181502081584587,0,0,0,0
ihdp,0.8,199,ldm,0.30000000000000016,0.20403242984887726,0.4424459328021472,0.23841350295326996,True,1.1187551341566702,1.1187551341566702,1.1187551341566702,0.013711338804697751,0.0034267044474775815,,,,0.21456205128100378,0.014032391518736042,0.6171091836403301,0,0,0,0
ihdp,0.8,199,sprl,0.30000000000000016,0.17316540091193847,0.44353188204328736,0.27036648113134887,True,0.5845362822176131,0.5845362822176131,0.5845362822176131,0.02617166184440267,0.016469504322982356,,,,0.21243878876572722,0.0312861565452891,0.6132390137617961,0,0,0,0
ihdp,0.8,200,raw,0.30000000000000027,0.2062842709151132,0.4515816458367675,0.24529737492165432,True,1.1031844227637704,1.1031844227637704,1.1031844227637704,,,,,,0.20191093597077953,0.004151235434066228,0.5884403785044832,0,0,0,0
ihdp,0.8,200,balanced,0.30000000000000027,0.20572141719449077,0.4461314110112253,0.2404099938167345,True,1.5112783765999223,1.5112783765999223,1.5112783765999223,0.012746084772124158,0.002671389355786699,,,,0.202880773943497,0.007714092145860108,0.5907019484838952,0,0,0,0
ihdp,0.8,200,ldm,0.30000000000000027,0.20627845429149624,0.44475730536257896,0.23847885107108271,True,1.409969234536516,1.409969234536516,1.409969234536516,0.013732264355197086,0.00354806619840937,,,,0.20296120389745248,0.008987566907167642,0.5910187862064891,0,0,0,0
ihdp,0.8,200,sprl,0.30000000000000027,0.19804192274264207,0.4427082056332088,0.24466628289056672,True,0.6455518410502307,0.6455518410502307,0.6455518410502307,0.018243883433218526,0.010331992252978687,,,,0.20298689588240337,0.017195060131348035,0.5912060584226174,0,0,0,0
halfcheetah,0.5,101,raw,,,,,,0.7408304214006297,1.1664690049796187,1.035076427255207,,,,,,0.09897294175472104,0.014871396619290624,0.32155505932096223,0,,4081,4067
halfcheetah,0.5,101,balanced,,,,,,3.2892691824067626,1177.0091889031285,29.937596566618076,0.07024876773357391,,,,,0.1868013172128747,0.07089727961809772,0.6008585060842612,0,,8,702
halfcheetah,0.5,101,ldm,,,,,,1.0465011705227454,3.686650570983174,6.788179757284603,0.07530365884304047,,0.05347120389342308,2.4999685287475586,1.727656364440918,0.15082658688973966,0.04253703166057142,0.4549257387765756,0,,24,7
halfcheetah,0.5,101,sprl,,,,,,1.3070718377167108,15.286726525826586,8.646475920310907,0.19277644157409668,,1.3734097480773926,122.54740142822266,115.71502685546875,0.1480536659359845,0.06825234433457238,0.44743718452420017,0,,109,138
halfcheetah,0.5,102,raw,,,,,,0.814541161414912,1.2709314478287634,1.3247953992249004,,,,,,0.0982612939270502,0.008951703106014333,0.31186452709882123,0,,2568,2488
halfcheetah,0.5,102,balanced,,,,,,0.7185219735311302,1.2008974511551302,1.1601353791814708,0.04754981771111488,,,,,0.16700035616240697,0.020985773037182777,0.5094448781426154,0,,0,0
halfcheetah,0.5,102,ldm,,,,,,0.7991895259938254,1.5854559490834468,2.0127088571410843,0.050423119217157364,,0.022722281515598297,1.9269613027572632,1.3111097812652588,0.14391227639576004,0.01603086895038617,0.4344581445474332,0,,349,409
halfcheetah,0.5,102,sprl,,,,,,1.2481370063728345,4.29855109804572,4.059098588455173,0.10453572124242783,,1.3610891103744507,106.15188598632812,104.49600219726562,0.1376587210930652,0.026285783181983168,0.42206628946679586,0,,0,0
halfcheetah,0.5,103,raw,,,,,,0.7176295142982745,1.1721488095492365,1.1031766168402253,,,,,,0.09594314869713413,0.008364614543222846,0.30489205068478165,0,,3157,3187
halfcheetah,0.5,103,balanced,,,,,,1.4048644766617087,3.6190543204601227,3.819192523090876,0.03493521735072136,,,,,0.16148623341555746,0.012566810419616907,0.4978604988174864,0,,0,0
halfcheetah,0.5,103,ldm,,,,,,1.7366558861203034,25.243763912381713,29.999320461580005,0.04183962568640709,,0.0616440623998642,1.826843500137329,1.3039252758026123,0.14047232203528864,0.0277129041246786,0.4246450439915621,0,,942,783
halfcheetah,0.5,103,sprl,,,,,,1.0470494908477537,1.5336046040955928,1.5188588435375434,0.07289554178714752,,1.6448123455047607,73.71320343017578,68.69977569580078,0.120173141636639,0.03889413144588385,0.3784455047042031,0,,0,0
halfcheetah,0.5,104,raw,,,,,,0.778910302223923,29.664829959361057,1.1454381595104515,,,,,,0.11064500277519441,0.038510886111644875,0.5069979726547729,0,,4057,4347
halfcheetah,0.5,104,balanced,,,,,,0.7747977099120085,2.557459332418514,1.7296913744487525,0.09507275372743607,,,,,0.18493751011560813,0.060512876673004645,0.5464694197305654,0,,0,0
halfcheetah,0.5,104,ldm,,,,,,0.9989918100941193,2.2063466149910482,2.589136672765185,0.08911718428134918,,0.023216867819428444,2.375661611557007,1.4272979497909546,0.16279499186429033,0.08035321280497316,0.47396507653534253,0,,0,0
halfcheetah,0.5,104,sprl,,,,,,0.9971582396875333,8.913656730362295,6.299880913151295,0.10551758110523224,,0.9771404266357422,148.50143432617188,139.19949340820312,0.1404703155062187,0.0503215044566374,0.46852864682256384,0,,0,0
halfcheetah,0.5,105,raw,,,,,,0.8965406950433555,1.4734445675076728,1.3616925391165973,,,,,,0.10454642955544668,0.00782219706055764,0.3300359284877533,0,,2909,2569
halfcheetah,0.5,105,balanced,,,,,,0.863951370008408,2.134459564479873,1.5188589481687598,0.11534485965967178,,,,,0.17558961701749398,0.0392159660419969,0.5290303514875498,0,,0,0
halfcheetah,0.5,105,ldm,,,,,,0.7239342099419291,0.8348198257136603,0.8067205334220429,0.1487075239419937,,0.03932756185531616,2.1871776580810547,1.6767027378082275,0.1575653920086623,0.03919956300976414,0.4703626055269733,0,,0,0
halfcheetah,0.5,105,sprl,,,,,,0.8612962869271206,1.1167922084356425,1.2002265577105273,0.2070249319076538,,1.9585109949111938,129.79647827148438,121.52894592285156,0.13630541964720763,0.033670800179144686,0.42035441474484997,0,,0,0
halfcheetah,0.5,106,raw,,,,,,0.9098568554851063,2.8381927597147394,2.0847197782749762,,,,,,0.10498904918056981,0.011686716912963774,0.3320199728029298,0,,2678,2279
halfcheetah,0.5,106,balanced,,,,,,1.3478696363181681,1.9358778545297883,1.7914510127820367,0.07068060338497162,,,,,0.17516998204892142,0.03106913588680138,0.5266661797373168,0,,0,0
halfcheetah,0.5,106,ldm,,,,,,1.690262677328375,13.636597514810477,8.964448653325533,0.05600035935640335,,0.034661609679460526,2.3228023052215576,1.6838114261627197,0.15199798571416945,0.021787505946147298,0.45945828015334156,0,,0,0
halfcheetah,0.5,106,sprl,,,,,,1.1236208730570683,5.6492907109481525,4.194951131280848,0.11702797561883926,,1.7915430068969727,145.55726623535156,137.45277404785156,0.15767845356733684,0.0648207918512943,0.4698379646268426,0,,9,41
halfcheetah,0.5,107,raw,,,,,,1.12728190640423,1.620966801100181,1.6704637644762603,,,,,,0.10020083263219641,0.00956960268676155,0.31632193480501836,0,,2866,2843
halfcheetah,0.5,107,balanced,,,,,,1.0437879058407877,1.9417318560802865,2.017367745777683,0.06763392686843872,,,,,0.16734255871969547,0.0355997685946082,0.5115417578285513,0,,0,0
halfcheetah,0.5,107,ldm,,,,,,3.0721939315164644,6.382856374741933,5.346985004019309,0.06211516261100769,,0.05034602805972099,2.020030975341797,1.476029396057129,0.14895116357821894,0.022092859081711044,0.4524699033927949,0,,363,209
halfcheetah,0.5,107,sprl,,,,,,0.83976905841595,2.390112411477562,2.4357105624718476,0.12991096079349518,,1.7251640558242798,82.97391510009766,76.45953369140625,0.13847600470083876,0.04782161070594718,0.42770254768335925,0,,0,0
halfcheetah,0.5,108,raw,,,,,,1.0029247847992873,1.6180707720597376,1.7958820421380668,,,,,,0.09674046368739939,0.017104813607954548,0.3053635483816222,0,,3456,3137
halfcheetah,0.5,108,balanced,,,,,,0.8513418019259641,1.2117872157336953,1.295442049207523,0.03128623589873314,,,,,0.16215626981216552,0.024407392559883553,0.49452270466473247,0,,0,0
halfcheetah,0.5,108,ldm,,,,,,1.5812207768481163,29.90723438511233,30.40663731259452,0.048786696046590805,,0.02156783826649189,2.7035231590270996,1.3292148113250732,0.1436830905038438,0.03157287976908401,0.4301724037111635,0,,616,589
halfcheetah,0.5,108,sprl,,,,,,0.80789717248036,1.251854917778751,4.100884786467276,0.056732989847660065,,0.9380857348442078,86.34314727783203,71.46536254882812,0.12669357113650995,0.042499924708412594,0.392383512583816,0,,586,0
halfcheetah,0.5,109,raw,,,,,,1.4729216661857218,2.9523947416304828,2.6067977429479834,,,,,,0.09189231307592893,0.005251080354539743,0.2943509172308125,0,,2404,2677
halfcheetah,0.5,109,balanced,,,,,,0.948356349685003,4.669992144709337,2.808621283949691,0.045348621904850006,,,,,0.17165638257549368,0.049419569946483465,0.5175419289476465,0,,0,0
halfcheetah,0.5,109,ldm,,,,,,1.819484899376611,10.57553686174177,9.047667621415549,0.05623866617679596,,0.02661614678800106,3.1904349327087402,1.5596970319747925,0.15553967913802788,0.06867184587039278,0.4581526639859457,0,,140,379
halfcheetah,0.5,109,sprl,,,,,,1.8693242501575835,16.997218567384774,14.098272887543988,0.057448938488960266,,0.7028660178184509,87.63668823242188,83.40428924560547,0.14541558210782532,0.0442060452378696,0.43536480280096285,0,,92,248
halfcheetah,0.5,110,raw,,,,,,0.7017007162587154,1.0539924850435638,1.0979316581727205,,,,,,0.0925887953594927,0.006816218034064324,0.29358396962143424,0,,2662,3344
halfcheetah,0.5,110,balanced,,,,,,0.7493869602444255,0.9466609010084029,0.9992010636714155,0.02412893995642662,,,,,0.1590725292035549,0.01818232780149094,0.4921748159471234,0,,0,0
halfcheetah,0.5,110,ldm,,,,,,5.1007918128496215,57.12637932865396,42.113882938259984,0.03230728581547737,,0.07705209404230118,3.5583765506744385,1.3162130117416382,0.1371701733405175,0.03215270070792855,0.418395816234429,0,,21,44
halfcheetah,0.5,110,sprl,,,,,,0.7849614408975121,0.8814004799251184,0.8791718209188998,0.07450173050165176,,1.8038917779922485,106.2431411743164,71.81719207763672,0.11933158180164023,0.034678889506099944,0.3745148181971774,0,,0,0
halfcheetah,0.5,111,raw,,,,,,0.9655069703978191,1.6185268951959209,1.8864172445975187,,,,,,0.09781563000036109,0.014980635327848116,0.31277013515018554,0,,2822,3013
halfcheetah,0.5,111,balanced,,,,,,1.5767240048214306,5.346630542320483,5.037957735889484,0.03781330585479736,,,,,0.15681257266081355,0.016943297855559057,0.48300040700726765,0,,0,0
halfcheetah,0.5,111,ldm,,,,,,1.6172143290052492,25.14156232470595,19.10100130571454,0.034466452896595,,0.030038347467780113,2.9067838191986084,1.1996371746063232,0.14135608148705234,0.04372847327827639,0.4279632117476908,0,,69,63
halfcheetah,0.5,111,sprl,,,,,,1.0447807859541398,2.0749818572417125,2.543729234202368,0.04580530896782875,,0.5653563737869263,33.27667999267578,27.621414184570312,0.13571782495756177,0.03842635806004755,0.41789197231532027,0,,0,0
halfcheetah,0.5,112,raw,,,,,,0.7631876482782118,1.3847162119010554,1.333095301079274,,,,,,0.112354800611152,0.03668366243839309,0.3957615800825704,0,,3518,4483
halfcheetah,0.5,112,balanced,,,,,,1.2332941059684137,2.6117292716784366,2.5299748301470646,0.04464055597782135,,,,,0.1843156936602958,0.04948612511369687,0.5491062655614214,0,,0,0
halfcheetah,0.5,112,ldm,,,,,,1.6927551347384422,35.64743202710322,39.55473916320307,0.04497486725449562,,0.02198232151567936,2.323904037475586,1.432612419128418,0.14683015493966164,0.029326104251460244,0.4411373256377787,0,,755,746
halfcheetah,0.5,112,sprl,,,,,,1.230233595516635,5.860880400084364,5.707330997129514,0.0672055333852768,,0.3518882691860199,61.51604461669922,56.81328582763672,0.13251210725891063,0.03818644097465152,0.4119087460008089,0,,62,38
halfcheetah,0.5,113,raw,,,,,,1.074554101742829,1.9317996860963165,1.7776299817583983,,,,,,0.09900441839897255,0.011619381622586904,0.31482067417084575,0,,3077,3305
halfcheetah,0.5,113,balanced,,,,,,0.9631207039986402,2.0443788053541847,2.045477922474145,0.04305534064769745,,,,,0.1673893527467934,0.030231565688480795,0.5094156545613376,0,,0,0
halfcheetah,0.5,113,ldm,,,,,,1.7012184601447398,14.256999268096695,39.09687892725747,0.043981462717056274,,0.013879562728106976,2.028304100036621,1.118222951889038,0.1462957433290374,0.023102934437109843,0.43918567189435437,0,,1320,575
halfcheetah,0.5,113,sprl,,,,,,0.794694699431348,3.3246607652041713,2.538625596198872,0.1326858103275299,,1.3318448066711426,91.74931335449219,74.78974914550781,0.13084603932034994,0.04305401115876784,0.41768840487352354,0,,0,18
halfcheetah,0.5,114,raw,,,,,,1.041435707083328,1.9749154547731587,1.9571565638487776,,,,,,0.09165303095668216,0.008585149936669955,0.29404747190973174,0,,2950,3352
halfcheetah,0.5,114,balanced,,,,,,0.9107311681530673,43.47457564999349,2.7561760170772494,0.06976865231990814,,,,,0.21186900374359602,0.07102619516310868,0.6960894357084384,0,,0,1
halfcheetah,0.5,114,ldm,,,,,,1.244800493561045,5.053086853809657,4.0158989708459245,0.15576770901679993,,0.04101553186774254,2.461291790008545,1.6256988048553467,0.13547914179971896,0.03965762848353928,0.41285291074169217,0,,323,496
halfcheetah,0.5,114,sprl,,,,,,1.0512277957237401,2.038698315040033,2.0231639982435965,0.14734938740730286,,2.397251844406128,491.56060791015625,460.0783996582031,0.11468072746632184,0.023647429132633267,0.36422562054813445,0,,6,12
halfcheetah,0.5,115,raw,,,,,,0.7283744142118056,3.0779916153586426,1.286054804850139,,,,,,0.1011656129488131,0.01567972657107341,0.3227367302590007,0,,3444,3402
halfcheetah,0.5,115,balanced,,,,,,1.025795292127468,7.737871011160933,2.4013188133014918,0.08156593143939972,,,,,0.18711645000636393,0.06640369371432629,0.5528767494217798,0,,0,0
halfcheetah,0.5,115,ldm,,,,,,0.9751712790722625,1.6512852434845358,1.6450823626802518,0.08154740929603577,,0.02903757616877556,2.6563336849212646,1.6113271713256836,0.1462073455363021,0.03352488061958034,0.4413661157706127,0,,182,216
halfcheetah,0.5,115,sprl,,,,,,1.5329546160017644,58.77411569462692,16.616048692800817,0.15729831159114838,,1.7912206649780273,127.9569091796875,122.91168975830078,0.14963068744803756,0.057771693173348834,0.4845498598703648,0,,13,119
halfcheetah,0.5,116,raw,,,,,,0.9298983367632537,1.8249069199876131,1.7426893261941385,,,,,,0.09409406538348213,0.008663345020047735,0.30214244494033327,0,,3375,3378
halfcheetah,0.5,116,balanced,,,,,,1.456784204709422,10.736869667902031,7.098012843395773,0.03884481266140938,,,,,0.158746301310813,0.023489097600908223,0.4844207322512117,0,,272,344
halfcheetah,0.5,116,ldm,,,,,,1.829150751162501,57.439841309627866,99.69366256674876,0.053510528057813644,,0.020828668028116226,2.094536781311035,1.2219412326812744,0.13868786677132788,0.02929286839447874,0.41939240698940367,0,,2092,1321
halfcheetah,0.5,116,sprl,,,,,,1.3927785492855964,4.4808563540035395,4.861139060053862,0.06322229653596878,,0.8208407163619995,90.47463989257812,81.31707763671875,0.12681270837390501,0.03239241415358984,0.3959199335548245,0,,1,0
halfcheetah,0.5,117,raw,,,,,,0.910373205849335,1.6790064863784226,1.6513116499893965,,,,,,0.10547565847753226,0.0090820087234875,0.33168117458612917,0,,2582,2556
halfcheetah,0.5,117,balanced,,,,,,0.7843712581667363,1.4465723855471664,1.7795017821700154,0.05982578173279762,,,,,0.1775285044999056,0.018825728580626463,0.5346446680049699,0,,0,0
halfcheetah,0.5,117,ldm,,,,,,0.9270648532470013,2.4133758931438134,3.1375734728190747,0.06374344229698181,,0.01977192610502243,2.4180655479431152,1.4878123998641968,0.15918050541860912,0.030396927278728163,0.47449261999081466,0,,0,0
halfcheetah,0.5,117,sprl,,,,,,1.2925662296855627,12.734739293645077,17.669249663295826,0.17740686237812042,,0.8103696703910828,74.36381530761719,70.22836303710938,0.15105589149206317,0.033431510836189976,0.45547102238440856,0,,429,188
halfcheetah,0.5,118,raw,,,,,,0.9510334268613697,1.9532698126666874,1.7846981632598822,,,,,,0.09869026204670533,0.006563000764836277,0.3133144814534967,0,,2170,2455
halfcheetah,0.5,118,balanced,,,,,,1.2472068896769448,1.5879639217162669,1.7536184049035657,0.04680301994085312,,,,,0.16674775900896419,0.014518078521579719,0.5087353657397897,0,,0,0
halfcheetah,0.5,118,ldm,,,,,,1.8511683625364752,42.16966128788574,26.833900065730518,0.05383847653865814,,0.027239395305514336,2.73587965965271,1.7831422090530396,0.14637584160673617,0.025990543530319276,0.44143716096443314,0,,125,249
halfcheetah,0.5,118,sprl,,,,,,1.004898065801987,3.2218095125918014,2.586320002504365,0.05009753257036209,,0.7114306688308716,111.9198989868164,109.83273315429688,0.1391586681183873,0.021621533068610047,0.4253845759137905,0,,0,0
halfcheetah,0.5,119,raw,,,,,,0.7830937881134812,1.7121659728537433,2.074981560085235,,,,,,0.09175311235967451,0.007874090061822967,0.2925120360711427,0,,3285,3298
halfcheetah,0.5,119,balanced,,,,,,0.9201367575750627,1.3808830075345,1.405631016877347,0.02457774616777897,,,,,0.15670511265838255,0.014951903048020685,0.4871468430206491,0,,0,0
halfcheetah,0.5,119,ldm,,,,,,2.154151696223373,16.278995417577125,11.934846179204484,0.03422341123223305,,0.029688473790884018,2.485691785812378,1.3449194431304932,0.13144001890301873,0.019167255581565477,0.4058201802710449,0,,488,755
halfcheetah,0.5,119,sprl,,,,,,0.8096245099097872,1.2908404928276926,2.4051220337307613,0.053648125380277634,,1.7999300956726074,90.32245635986328,71.37165069580078,0.11398903465659571,0.03496344451687763,0.3647830960479032,0,,229,0
halfcheetah,0.5,120,raw,,,,,,0.7841547427575969,1.2697891197794253,1.1937592506559325,,,,,,0.09177597678632576,0.010977378559017072,0.2934366950928752,0,,2796,2974
halfcheetah,0.5,120,balanced,,,,,,1.0132010768531758,1.9289970771140332,2.1699439485307543,0.04148602858185768,,,,,0.1576370570157624,0.030469778205192755,0.48756426850198803,0,,0,0
halfcheetah,0.5,120,ldm,,,,,,1.99662619385958,79.94594325699984,66.6746281422528,0.0448584146797657,,0.03019097074866295,2.1151676177978516,1.5188984870910645,0.13678811832360863,0.03253157159871595,0.41574766365842053,0,,1212,1922
halfcheetah,0.5,120,sprl,,,,,,0.7514814507390569,0.8575794504693239,0.863160216410011,0.05292754992842674,,3.0991032123565674,131.60104370117188,126.00719451904297,0.11723235138828582,0.033001238564117095,0.3720610100615659,0,,0,0
halfcheetah,0.5,121,raw,,,,,,0.784102452686343,1.1682835209203386,1.1424701686422492,,,,,,0.09514680718870473,0.009018672087034827,0.30306338608339195,0,,2770,3134
halfcheetah,0.5,121,balanced,,,,,,0.8904516905930375,2.3151724532090436,2.0627584999010264,0.026917345821857452,,,,,0.15934979823847362,0.01543897439403114,0.49431301508962533,0,,0,0
halfcheetah,0.5,121,ldm,,,,,,0.9862576397180277,2.0233033003629566,1.6784171291054693,0.03623020648956299,,0.01695609651505947,3.2132022380828857,1.2074581384658813,0.13500775997196698,0.016248331750268595,0.41126651760920496,0,,338,606
halfcheetah,0.5,121,sprl,,,,,,1.1012189791093445,1.8947468703769115,1.88297949791114,0.05981216952204704,,1.483062744140625,94.38611602783203,71.66796875,0.11802747232675606,0.0359375804250801,0.3728459918299349,0,,0,0
halfcheetah,0.5,122,raw,,,,,,0.8857197506526282,1.294051650205392,1.288699048769503,,,,,,0.09475458468207675,0.009528064707510109,0.3031443121025258,0,,2401,2650
halfcheetah,0.5,122,balanced,,,,,,1.0773750611706772,1.956291268682117,1.7541565606638483,0.1537078320980072,,,,,0.166726079746842,0.04202669160024917,0.5103560458898554,0,,0,0
halfcheetah,0.5,122,ldm,,,,,,1.1191502414849155,2.125899823661234,1.6479042273055644,0.14553798735141754,,0.056220509111881256,1.4883416891098022,1.342743158340454,0.13695804358360228,0.023389704309771588,0.4269014016305492,0,,112,848
halfcheetah,0.5,122,sprl,,,,,,0.7715537097151581,1.5880294171769647,1.6414619712983243,0.22484731674194336,,1.6197497844696045,143.0279998779297,134.42481994628906,0.1198756310986225,0.041374282119381635,0.38846557704707413,0,,0,0
halfcheetah,0.5,123,raw,,,,,,0.9424414868872791,1.2259696787862329,1.190179926649996,,,,,,0.09969466679502213,0.01300050095841929,0.3173434448410513,0,,2752,2923
halfcheetah,0.5,123,balanced,,,,,,1.1786964502532766,3.0474230128406896,2.9733556913809527,0.1387515664100647,,,,,0.16935163503772088,0.0699318692668515,0.512811128309918,0,,0,0
halfcheetah,0.5,123,ldm,,,,,,1.5938632944926672,6.204309623164987,11.461938511739461,0.17076852917671204,,0.037400487810373306,1.9715070724487305,1.1144331693649292,0.15212736843186192,0.05153757871420725,0.45238852822829906,0,,585,275
halfcheetah,0.5,123,sprl,,,,,,0.8490904261811896,1.9154773934064806,2.127451722847343,0.15041962265968323,,3.746116876602173,93.27265167236328,79.43531036376953,0.13239732900734685,0.03585520532455262,0.4077666767119281,0,,0,0
halfcheetah,0.5,124,raw,,,,,,0.9020002982571433,1.766609632276969,1.548084119641096,,,,,,0.09379415353978376,0.015431091322601311,0.29874001011511137,0,,3122,2976
halfcheetah,0.5,124,balanced,,,,,,1.3775979108989975,5.43355962511564,6.832834897369927,0.16945767402648926,,,,,0.1814711648471947,0.06328839315544402,0.5420339116120643,0,,0,0
halfcheetah,0.5,124,ldm,,,,,,1.1278622478872167,12.960689329792894,15.37896287626033,0.17761068046092987,,0.024309061467647552,1.963092565536499,1.1413850784301758,0.16641126537748804,0.06677012497024411,0.48306230074807543,0,,886,587
halfcheetah,0.5,124,sprl,,,,,,1.5751294592026208,24.57945529879218,19.40550170830397,0.23340171575546265,,0.8246767520904541,199.73255920410156,188.0858917236328,0.1338980334433745,0.04314443883504291,0.43729723095514555,0,,27,414
halfcheetah,0.5,125,raw,,,,,,0.7477613496579623,1.3272752983146865,1.40143008968638,,,,,,0.09521373540971684,0.007659660457758934,0.30360525477206546,0,,3124,3191
halfcheetah,0.5,125,balanced,,,,,,1.4470651254288738,2.3015856976924973,2.1733676652819547,0.34637588262557983,,,,,0.1571982658266651,0.02467699901039016,0.48526327969931554,0,,0,0
halfcheetah,0.5,125,ldm,,,,,,0.8556416572432246,1.9186744139577356,2.1820759085555617,0.09524750709533691,,0.065101258456707,2.6010384559631348,1.9575402736663818,0.13806610610028633,0.027856355536246193,0.4216857942589969,0,,0,0
halfcheetah,0.5,125,sprl,,,,,,1.165887882731424,7.201217386926257,6.498414364350026,0.4060647487640381,,2.3305234909057617,280.40423583984375,270.5673828125,0.12451620690230075,0.033845297522397774,0.4014643703370971,0,,1,806
halfcheetah,0.5,126,raw,,,,,,0.9474310516837905,2.848292035412869,2.336276171099385,,,,,,0.09798260282513341,0.009509173456450483,0.3104373949397947,0,,2661,2476
halfcheetah,0.5,126,balanced,,,,,,1.492122541116589,10.408476726475369,8.623972869542321,0.04984230920672417,,,,,0.16151997885646652,0.02138427571253079,0.4979282205271986,0,,0,0
halfcheetah,0.5,126,ldm,,,,,,1.2154745554857052,4.763829993956268,4.786431481924325,0.06153662130236626,,0.020145880058407784,1.9918769598007202,1.335073471069336,0.1412906130585781,0.040757322842448776,0.4291613838707953,0,,0,0
halfcheetah,0.5,126,sprl,,,,,,0.8255649913742067,4.752150078657645,1.595851827214969,0.08005914092063904,,1.6111375093460083,81.18817138671875,75.72283172607422,0.1257206430586591,0.06313282580369363,0.40881400627294034,0,,0,1
halfcheetah,0.5,127,raw,,,,,,0.8018535421831813,1.282185529072955,1.3870756762824172,,,,,,0.09976285295235243,0.009205883861886664,0.3171365704340473,0,,2504,3050
halfcheetah,0.5,127,balanced,,,,,,0.7852149321257447,1.19981493755645,2.7999156831524514,0.05369480699300766,,,,,0.16540866174580016,0.0263690084433913,0.5047665147928085,0,,0,0
halfcheetah,0.5,127,ldm,,,,,,2.248056108405762,47.431371396438564,42.81078546070517,0.05833995342254639,,0.02024051733314991,2.306507110595703,1.5508888959884644,0.14641479973112406,0.026217075053279828,0.4398741590912676,0,,1025,1311
halfcheetah,0.5,127,sprl,,,,,,0.7262432980429756,1.2064194590244206,1.4102268205615,0.11039923131465912,,1.595951795578003,189.97645568847656,186.39981079101562,0.1314418509942239,0.0353883493542405,0.40610576671222215,0,,0,0
halfcheetah,0.5,128,raw,,,,,,0.8323645371273534,1.3217745179425398,1.3240233199489946,,,,,,0.09585957560725751,0.0072748528517899095,0.3052373958420702,0,,2806,2875
halfcheetah,0.5,128,balanced,,,,,,0.8824898478142571,1.4354113964887065,1.3133372580088596,0.056741759181022644,,,,,0.16442355517113755,0.018778645665937153,0.5034939552927046,0,,0,0
halfcheetah,0.5,128,ldm,,,,,,1.8479212993276082,38.00221656964437,36.46481713116065,0.05633135512471199,,0.01800084300339222,1.8198918104171753,1.1411646604537964,0.14102136216478497,0.033650683795820514,0.42709853126918407,0,,1010,1070
halfcheetah,0.5,128,sprl,,,,,,1.0225755960426914,7.704211219508204,7.4529485301094995,0.0876053124666214,,1.3497769832611084,92.68807220458984,86.01384735107422,0.12788824099594884,0.017661646920665543,0.39684874994617986,0,,0,0
halfcheetah,0.5,129,raw,,,,,,1.0120238627478624,16.574818432971618,1.5519016715893148,,,,,,0.10377861846133414,0.019927171177114997,0.3327312653158357,0,,3480,3299
halfcheetah,0.5,129,balanced,,,,,,2.957090162642316,28.0569860691725,27.46018142035768,0.06101544201374054,,,,,0.15930695246132995,0.025574118951897047,0.49033892966526893,0,,104,52
halfcheetah,0.5,129,ldm,,,,,,2.5314159947215225,4.883978697255493,4.968184455688025,0.09701187908649445,,0.08278384059667587,2.7840046882629395,1.9359875917434692,0.1438410826066539,0.024800926830142483,0.433318483032888,0,,2,0
halfcheetah,0.5,129,sprl,,,,,,1.052816285027284,1.5150645611518627,1.2430719720373389,0.11859804391860962,,1.7915234565734863,80.18226623535156,79.41816711425781,0.12233490626629841,0.03982291996862815,0.38505285373883585,0,,0,0
halfcheetah,0.5,130,raw,,,,,,0.8106185969483544,1.6693138225363018,1.6865786934373508,,,,,,0.09712236385084684,0.013208699934131414,0.30543145531884003,0,,3470,3419
halfcheetah,0.5,130,balanced,,,,,,1.4513491373632694,4.253792677879215,4.253587883654781,0.03937514126300812,,,,,0.16406295954180575,0.024603659256745368,0.5057576256934806,0,,0,0
halfcheetah,0.5,130,ldm,,,,,,1.0735594314756804,1.782869864091314,1.7400528252811398,0.046523839235305786,,0.025620492175221443,2.717135429382324,1.2380379438400269,0.1464781224225012,0.04264983740502505,0.44143350813007454,0,,148,192
halfcheetah,0.5,130,sprl,,,,,,1.4510830299480433,13.211090103899307,11.73847377145963,0.14062902331352234,,0.5324347019195557,41.51759338378906,38.93421173095703,0.13651371941180096,0.03548722107836151,0.42868736933407947,0,,355,431
halfcheetah,0.5,131,raw,,,,,,0.8944607386886944,1.7415518664643033,1.675343429404621,,,,,,0.09661542170615739,0.009719573692922045,0.3061161438824915,0,,3713,3992
halfcheetah,0.5,131,balanced,,,,,,1.3345742259534141,3.6586638066386263,11.405533715054998,0.026001397520303726,,,,,0.1638387524062029,0.013473469267293224,0.5036588830153729,0,,38,0
halfcheetah,0.5,131,ldm,,,,,,1.7474091820281255,18.792416323379033,41.14200408879694,0.027764050289988518,,0.019287822768092155,2.3208491802215576,0.9425919651985168,0.13751197666791362,0.019975719150289686,0.41803408567119643,0,,757,401
halfcheetah,0.5,131,sprl,,,,,,1.2654142833557411,4.214959377842738,38.6410839376029,0.07018260657787323,,0.826589822769165,44.63536071777344,34.62462615966797,0.11824986437127145,0.015730157166487672,0.3734604678607615,0,,1017,234
halfcheetah,0.5,132,raw,,,,,,0.8013051538577052,10.330607358285377,1.3965238355323042,,,,,,0.09560149833773067,0.018558553594005545,0.3043519457295367,0,,2946,3454
halfcheetah,0.5,132,balanced,,,,,,1.6145936422303542,3.83182364780387,2.6454830322173137,0.06612224131822586,,,,,0.1568363440562647,0.02234776417541502,0.4890806645616064,0,,0,2
halfcheetah,0.5,132,ldm,,,,,,1.900273112083066,19.14371177601459,12.787264117808583,0.056495558470487595,,0.0289508905261755,2.2634024620056152,1.4509704113006592,0.13594483304334268,0.02256039219102709,0.41440580540538974,0,,396,864
halfcheetah,0.5,132,sprl,,,,,,0.8443481606729764,2.016490090017903,1.8826094966698468,0.0973004698753357,,1.8259249925613403,95.44197845458984,93.1140365600586,0.12087873652411164,0.045459422915736514,0.3845440577563707,0,,0,2
halfcheetah,0.5,133,raw,,,,,,0.8298338342725873,1.2894759068595734,1.299222653123961,,,,,,0.10116955880078783,0.009980573507658842,0.3204462754761187,0,,2436,2711
halfcheetah,0.5,133,balanced,,,,,,1.0348276708617816,2.627373186495329,2.800492485749207,0.0566377267241478,,,,,0.17176050393003683,0.03394727743347617,0.51600750902012,0,,0,0
halfcheetah,0.5,133,ldm,,,,,,1.7064579910563915,26.66150382524924,31.92649381421449,0.056959472596645355,,0.035909801721572876,2.1668899059295654,1.4685602188110352,0.149114290985036,0.020894244541223746,0.44869036791033706,0,,426,287
halfcheetah,0.5,133,sprl,,,,,,1.4127960660980818,29.4232568613049,67.23513336917894,0.1634460836648941,,1.517275333404541,117.26858520507812,111.02963256835938,0.1396310052827702,0.04873503220284081,0.45854918944142836,0,,1466,319
halfcheetah,0.5,134,raw,,,,,,1.0791114636218753,2.1218798614021828,2.1263807786698643,,,,,,0.09551811718465045,0.00854871004493195,0.30622489778322814,0,,3156,3131
halfcheetah,0.5,134,balanced,,,,,,1.2847427144914774,3.844458895038561,3.4106840138939436,0.04447655752301216,,,,,0.15977292691331604,0.027205988430045167,0.4926903348232781,0,,0,32
halfcheetah,0.5,134,ldm,,,,,,2.015859975955077,9.765466118730581,9.609626385488124,0.05567532777786255,,0.023745061829686165,3.1795284748077393,1.4830060005187988,0.14898685877912574,0.03194650551466105,0.44867972868842054,0,,324,328
halfcheetah,0.5,134,sprl,,,,,,0.9737218372672152,4.810511704988199,4.827701866643032,0.06724462658166885,,1.1071269512176514,97.00968170166016,85.13306427001953,0.1260989258355741,0.018792892106082554,0.39435301335409756,0,,0,0
halfcheetah,0.5,135,raw,,,,,,0.7916297476286174,1.3666834689740803,1.258972251723436,,,,,,0.09288615895202536,0.009793088470897727,0.29691853462874396,0,,3490,3427
halfcheetah,0.5,135,balanced,,,,,,0.9417931182661285,1.7230056249722696,1.5900428352224112,0.042078837752342224,,,,,0.1605543291269668,0.012374575749899967,0.49498980497563855,0,,0,0
halfcheetah,0.5,135,ldm,,,,,,1.6136279841536356,16.27799042936956,11.451378516214696,0.04878438264131546,,0.03267568349838257,1.9594933986663818,1.061278223991394,0.13881638277978953,0.02280072633172231,0.42243646413146396,0,,980,1348
halfcheetah,0.5,135,sprl,,,,,,0.9411828044394306,2.9012893106382096,2.6360449230789933,0.1453322321176529,,1.6168115139007568,97.28449249267578,85.73365783691406,0.12347571429220548,0.03980907027556091,0.3935383088214345,0,,0,0
halfcheetah,0.5,136,raw,,,,,,0.8718729734961312,1.8282925804561914,1.634837481242008,,,,,,0.10311254671245601,0.013813196452710905,0.32706192303416093,0,,3466,2995
halfcheetah,0.5,136,balanced,,,,,,0.9149424107134843,1.8105354883049318,1.795458453160305,0.054371509701013565,,,,,0.17496964498833945,0.02204685621454052,0.5269582687000824,0,,0,0
halfcheetah,0.5,136,ldm,,,,,,2.133957292456271,9.57113217266693,8.52159947611039,0.05771572142839432,,0.04053555428981781,2.437175750732422,1.7480292320251465,0.15198293389555267,0.027188685526238328,0.45528688521982696,0,,263,502
halfcheetah,0.5,136,sprl,,,,,,2.01716827331596,10.823656854338145,12.950973364889025,0.1339757740497589,,0.9463866353034973,102.31831359863281,101.80133056640625,0.15220131766525669,0.06290624508225144,0.4518651959613424,0,,1001,524
halfcheetah,0.5,137,raw,,,,,,0.8563274552379474,1.9431541133771981,1.6807904029499707,,,,,,0.10605431964951613,0.02035529330347488,0.33191744719357286,0,,3626,3558
halfcheetah,0.5,137,balanced,,,,,,0.8575439547702869,2.4669372940633663,2.5225185674767383,0.03969793766736984,,,,,0.15957803507570356,0.020660483950624607,0.49079678093132134,0,,0,0
halfcheetah,0.5,137,ldm,,,,,,1.9404819532620374,75.34483383691773,100.18440856122882,0.03160644695162773,,0.02462245710194111,2.5160105228424072,1.261461615562439,0.14022126701333312,0.018870046000302624,0.4238364073968074,0,,1764,1281
halfcheetah,0.5,137,sprl,,,,,,0.8897479909997053,10.276836639139775,2.7205486109495505,0.07949504256248474,,1.7213948965072632,94.15875244140625,83.17671966552734,0.12871481802776616,0.05331785413596442,0.42553592186442657,0,,0,31
halfcheetah,0.5,138,raw,,,,,,0.8630815728103252,1.2974578450982985,1.4187718160169087,,,,,,0.09448228236092147,0.006854382595325325,0.30001623948736605,0,,2968,3644
halfcheetah,0.5,138,balanced,,,,,,1.112652304821105,2.0013823891502507,1.9334720348726202,0.03290219232439995,,,,,0.15819676715610786,0.01811933356067796,0.4889729835706363,0,,0,0
halfcheetah,0.5,138,ldm,,,,,,1.32481627690557,4.564622664265808,4.406722660782327,0.04726593568921089,,0.02277102880179882,2.4475886821746826,1.2577593326568604,0.13820868664034175,0.03346333674172462,0.41774450728678164,0,,4,1
halfcheetah,0.5,138,sprl,,,,,,0.8355202532192254,1.4411654199927906,1.4790675769176482,0.07947389036417007,,1.2639204263687134,92.8452377319336,61.23077392578125,0.12795033432344183,0.04286435894853732,0.39609204388515795,0,,0,0
halfcheetah,0.5,139,raw,,,,,,0.925827100451294,1.6705421428913985,2.285612942056266,,,,,,0.09506922870582173,0.0083612191763873,0.30177176002583445,0,,3436,3417
halfcheetah,0.5,139,balanced,,,,,,0.8989634376994465,2.7463461319060714,2.80649652133677,0.030644243583083153,,,,,0.15802222240229494,0.01749204978409803,0.48857835868657223,0,,0,0
halfcheetah,0.5,139,ldm,,,,,,0.932671322666388,1.9621406946886104,2.2511530297099887,0.03198333829641342,,0.02127492055296898,2.6913256645202637,1.2392034530639648,0.14091731421358974,0.027763083270946384,0.4276269202010383,0,,0,0
halfcheetah,0.5,139,sprl,,,,,,0.9118456143993801,2.436431448479694,2.808178828809351,0.1586204320192337,,1.6089143753051758,103.64707946777344,92.4415054321289,0.12048831490134136,0.025282813130535375,0.3773215449483563,0,,0,0
halfcheetah,0.5,140,raw,,,,,,0.9006156980928106,3.6993416875763363,1.635768045067389,,,,,,0.0968332397262023,0.013345390279700936,0.3137873730341377,0,,3367,4191
halfcheetah,0.5,140,balanced,,,,,,1.1910731298293453,4.064509888898306,4.479316037118241,0.059541571885347366,,,,,0.20970052053638633,0.08441082857865786,0.6124636106384587,0,,0,4
halfcheetah,0.5,140,ldm,,,,,,1.2784251734686713,5.827426344109643,10.18510294845445,0.06244651973247528,,0.02184136025607586,2.1889870166778564,1.476444959640503,0.14532755969953556,0.05499883432450514,0.44066190676597744,0,,468,204
halfcheetah,0.5,140,sprl,,,,,,0.8620619090513033,2.07429078776839,1.128799993513497,0.11726987361907959,,1.8630781173706055,215.1006317138672,194.22398376464844,0.12053029318707253,0.03305897674008998,0.3812221596339275,0,,0,0
halfcheetah,0.5,141,raw,,,,,,0.791000160538125,4.4919397116112485,1.3570262888201374,,,,,,0.10310329658625937,0.01945602093191573,0.3232849980079512,0,,3204,3136
halfcheetah,0.5,141,balanced,,,,,,1.7088496995650846,3.2001823590203866,3.5313851292298826,0.0387883298099041,,,,,0.16034009615412786,0.020883925749693444,0.49301580248974697,0,,0,0
halfcheetah,0.5,141,ldm,,,,,,0.8864735983430154,1.3883950943331664,1.4456477755785773,0.035374004393815994,,0.015781471505761147,1.7983613014221191,0.9349547624588013,0.1452868901413667,0.042698983593080844,0.43903374529850225,0,,0,0
halfcheetah,0.5,141,sprl,,,,,,0.8700498583032544,2.088306399614548,1.7958754973961457,0.0614524781703949,,2.0415496826171875,100.73431396484375,87.2134780883789,0.11776017786028674,0.030047884296998444,0.37458386391050585,0,,0,3
halfcheetah,0.5,142,raw,,,,,,0.8660896104106227,1.8644160238332323,1.6505534879662689,,,,,,0.09388591477379131,0.010082706276161712,0.3006872401730572,0,,3535,3878
halfcheetah,0.5,142,balanced,,,,,,1.3258443449923385,2.4756388737025934,2.6517280037470905,0.028073595836758614,,,,,0.15538198020488342,0.011713517432928892,0.48356805034361094,0,,0,0
halfcheetah,0.5,142,ldm,,,,,,1.7260347426178142,15.91029953104118,16.612249292786778,0.045434169471263885,,0.08181706815958023,2.6764965057373047,1.6349893808364868,0.1353192741103761,0.030555339339322314,0.4124184180669748,0,,1011,901
halfcheetah,0.5,142,sprl,,,,,,1.2379727488977352,1.8512110724348956,26.043210357761904,0.04633762314915657,,1.7786409854888916,94.8607406616211,76.05024719238281,0.11809203899521854,0.014364147896429223,0.37182164510725413,0,,247,0
halfcheetah,0.5,143,raw,,,,,,0.9580080340837367,1.7826535056792363,1.7416529152328564,,,,,,0.0983765703267428,0.008744421357803657,0.31123411532887296,0,,3416,3075
halfcheetah,0.5,143,balanced,,,,,,1.0118157633061502,1.31548518129121,1.3010657415153735,0.05480453372001648,,,,,0.16270081266727285,0.032764129937055596,0.5020363988402551,0,,0,0
halfcheetah,0.5,143,ldm,,,,,,1.7307668079058638,11.514443625859997,10.391599524534213,0.06367022544145584,,0.038208141922950745,2.2949697971343994,1.4595773220062256,0.14355742967408916,0.030238998442732416,0.43429017057452074,0,,499,537
halfcheetah,0.5,143,sprl,,,,,,0.9474790103942353,2.164622973754676,1.9261723346710282,0.09709039330482483,,1.1700211763381958,101.37812805175781,97.40154266357422,0.127071887239438,0.043316294312340575,0.4006837171345723,0,,0,0
halfcheetah,0.5,144,raw,,,,,,0.8018964834682825,1.398819060449189,1.4117933049400775,,,,,,0.09774859669487682,0.007075936721561114,0.3094809344957156,0,,2570,2944
halfcheetah,0.5,144,balanced,,,,,,0.7389622624575157,2.302738532717733,1.7426033530669711,0.050738342106342316,,,,,0.16687123422108407,0.019720010220771536,0.5113771572022726,0,,0,0
halfcheetah,0.5,144,ldm,,,,,,1.4126275434111348,7.993355673923065,12.575793104889518,0.0564604252576828,,0.03159761428833008,3.1229469776153564,2.106905460357666,0.14412715920857236,0.02969886209179653,0.4371967366858171,0,,378,301
halfcheetah,0.5,144,sprl,,,,,,1.0454450263749424,1.1624014507965021,1.1684885611951865,0.14626990258693695,,2.316361427307129,299.7870178222656,285.0023498535156,0.12516476844453622,0.022691884527343314,0.3933704612254923,0,,0,0
halfcheetah,0.5,145,raw,,,,,,0.6933164135801518,1.0801472339845513,1.1371390190759088,,,,,,0.09627267507825996,0.012199158436064067,0.30395866770887353,0,,3170,3413
halfcheetah,0.5,145,balanced,,,,,,1.2303141476556652,1.8263536502226183,1.6814600818232075,0.056052424013614655,,,,,0.1591411136652212,0.023792772092509584,0.4935255094072154,0,,0,0
halfcheetah,0.5,145,ldm,,,,,,2.061255053045147,72.28264409606597,55.03886852659416,0.04920247942209244,,0.02426600642502308,3.08785080909729,1.5913949012756348,0.138073282531771,0.03268680390063168,0.417479662255107,0,,1047,1758
halfcheetah,0.5,145,sprl,,,,,,0.9585969127002958,3.5260312009524646,2.881633052492593,0.09317054599523544,,1.3903443813323975,91.08840942382812,84.10162353515625,0.12349091549925231,0.04899191265290191,0.39223785486734125,0,,0,0
halfcheetah,0.5,146,raw,,,,,,0.7928669474708595,1.4170334625503502,1.1254469511405323,,,,,,0.10276633907790719,0.019033365617170436,0.3248348826369253,0,,2637,2678
halfcheetah,0.5,146,balanced,,,,,,1.2794972246902712,1.5663475939250775,1.5341355281607625,0.05198247730731964,,,,,0.156443227265172,0.02403919499055036,0.48185878480485883,0,,0,0
halfcheetah,0.5,146,ldm,,,,,,0.8005805541025334,1.0943975755661928,1.1025931759895962,0.04911429062485695,,0.025422142818570137,1.9323828220367432,1.2125937938690186,0.13741252039956275,0.04529542079095542,0.41759846065841183,0,,0,0
halfcheetah,0.5,146,sprl,,,,,,0.8538124315848641,1.1512559936891846,1.1286291905514774,0.16900362074375153,,1.6855933666229248,114.1518783569336,87.07049560546875,0.1173645958604313,0.04129181798043451,0.37461588344581576,0,,0,0
halfcheetah,0.5,147,raw,,,,,,0.8902715986336577,2.2359935611266044,2.673023446166386,,,,,,0.10514898950701204,0.021390497260219587,0.33159628783282913,0,,2643,2424
halfcheetah,0.5,147,balanced,,,,,,0.8796030813925882,7.2595816533862925,4.1501552933213475,0.10865552723407745,,,,,0.17628096946558858,0.032097935621888056,0.5319430694620425,0,,0,0
halfcheetah,0.5,147,ldm,,,,,,1.0438426405784789,1.595626239834671,1.5569675011506998,0.10869066417217255,,0.02610017918050289,1.811357021331787,1.4007867574691772,0.1560136537823715,0.025194119285159546,0.46539398068504406,0,,115,48
halfcheetah,0.5,147,sprl,,,,,,1.025580853214541,1.147204840496407,1.1546657650500753,0.11919748783111572,,2.6339540481567383,136.7808380126953,122.20186614990234,0.1335762672787337,0.039496063634111823,0.4135928270929714,0,,0,0
halfcheetah,0.5,148,raw,,,,,,0.8151880366287235,1.2474346193715025,1.4358090939747103,,,,,,0.09436310534015908,0.006073013500720963,0.29892272109812934,0,,2800,3442
halfcheetah,0.5,148,balanced,,,,,,0.9289442470696105,1.7888446359945132,1.731897903210725,0.04328164830803871,,,,,0.1561900391013381,0.011562861858152192,0.48328961096923834,0,,0,0
halfcheetah,0.5,148,ldm,,,,,,6.061308822175552,171.5577083364223,151.06724302470457,0.04842665418982506,,0.041291505098342896,2.4261250495910645,1.2582358121871948,0.13918034236290167,0.03300487058131349,0.4202908256987353,0,,0,0
halfcheetah,0.5,148,sprl,,,,,,1.0901559552757503,2.8244847293402953,2.7846390667527756,0.0776379182934761,,1.9876354932785034,90.28253936767578,78.49117279052734,0.11734067701037008,0.022885033019050684,0.36901227789898683,0,,1,0
halfcheetah,0.5,149,raw,,,,,,0.9325477772268402,1.453729813374728,1.6455648633166367,,,,,,0.09555206368344758,0.010009181936555662,0.30350971353708317,0,,3250,3095
halfcheetah,0.5,149,balanced,,,,,,1.3011244737371697,2.6733173297154136,2.5218553675404114,0.04046709090471268,,,,,0.15538461198878536,0.02139948074552235,0.48206487023962047,0,,0,0
halfcheetah,0.5,149,ldm,,,,,,3.179462306905082,18.28040226394745,17.354402718829427,0.03849627822637558,,0.055051062256097794,4.388760566711426,1.7329751253128052,0.1333148737604648,0.015103686567418059,0.40604776776894513,0,,397,293
halfcheetah,0.5,149,sprl,,,,,,1.3406323897261916,10.537370026020556,8.905155292702583,0.1469484269618988,,0.8847232460975647,58.65298843383789,53.37275695800781,0.12273516700883552,0.027877204037577,0.38603792812089505,0,,35,71
halfcheetah,0.5,150,raw,,,,,,0.7841523449804867,1.3084928560061975,1.3515205736449818,,,,,,0.09186730581017626,0.010644914499473237,0.2932493299907268,0,,3196,3446
halfcheetah,0.5,150,balanced,,,,,,1.1761209304248936,2.2236235968987628,3.2148227644522698,0.036620356142520905,,,,,0.15747935246445857,0.01987478653124075,0.48748433926542484,0,,0,0
halfcheetah,0.5,150,ldm,,,,,,0.7890618098359754,1.0570188452772116,1.0695245890156073,0.03696448728442192,,0.03447740525007248,3.5773863792419434,1.260956048965454,0.1361035908003815,0.02865263068436739,0.413167042101878,0,,0,0
halfcheetah,0.5,150,sprl,,,,,,1.0151631147470264,39.01195319498399,26.691358754091674,0.11368191242218018,,2.2824840545654297,133.1734619140625,117.81983947753906,0.12549000289691345,0.02838560366655925,0.3905630692371363,0,,1,0
halfcheetah,0.5,151,raw,,,,,,1.1025517400096134,2.0108821079420567,1.9132699882161546,,,,,,0.09672924970206886,0.00784770302598939,0.30870842313696895,0,,3151,3123
halfcheetah,0.5,151,balanced,,,,,,1.0229985098881882,8.0742347947888,7.608645049525782,0.08097618073225021,,,,,0.19460471962816647,0.058449864151735746,0.5851686775325308,0,,0,0
halfcheetah,0.5,151,ldm,,,,,,0.7620790301240302,1.0505404895428965,1.2499794374060218,0.06423148512840271,,0.02679165080189705,2.2037057876586914,1.2901456356048584,0.14515842651801542,0.028989512603957844,0.43606128376080017,0,,653,226
halfcheetah,0.5,151,sprl,,,,,,1.3653462221354449,4.859762532054187,6.660484055791202,0.08674139529466629,,1.2824320793151855,98.21893310546875,88.71895599365234,0.1308978014239601,0.03110726621475449,0.40594463353243526,0,,0,1
halfcheetah,0.5,152,raw,,,,,,1.1362673880322476,2.1933429123685824,2.610230678373244,,,,,,0.09689980111180939,0.01032396726553803,0.30738205577488065,0,,2298,2074
halfcheetah,0.5,152,balanced,,,,,,1.5547109875512142,3.9351106429559306,3.5671915283147104,0.08372455090284348,,,,,0.1635032929530478,0.023592479270334872,0.5024123265059915,0,,0,0
halfcheetah,0.5,152,ldm,,,,,,0.9883771649957681,1.5882019970294088,1.633970238929401,0.05889621749520302,,0.017939278855919838,2.2639784812927246,1.4018839597702026,0.14540889432962437,0.03471858489883301,0.4378330656397171,0,,0,0
halfcheetah,0.5,152,sprl,,,,,,1.0422669219871121,2.765092691841798,2.50495576260182,0.20728930830955505,,1.4730777740478516,133.19566345214844,110.07889556884766,0.13047816615279367,0.04560393462519371,0.4035785624160979,0,,0,0
halfcheetah,0.5,153,raw,,,,,,1.2781262201518153,18.43883747003069,2.4183308453413392,,,,,,0.14085468340406637,0.0739908652980974,0.4404648429084972,0,,3662,3185
halfcheetah,0.5,153,balanced,,,,,,1.5732745406431468,2.372238424976794,2.425397849216539,0.06099254637956619,,,,,0.17346258928467437,0.027374078833103607,0.5248024162470826,0,,0,0
halfcheetah,0.5,153,ldm,,,,,,1.266972954835576,14.326613544567659,17.424307160633386,0.053162720054388046,,0.023812582716345787,2.342538356781006,1.5862730741500854,0.1530488227470094,0.021609636111628718,0.4584907694181794,0,,1041,818
halfcheetah,0.5,153,sprl,,,,,,1.6342845947206204,8.908516977348055,8.918910205584455,0.1289973109960556,,1.0558478832244873,137.2073516845703,133.65313720703125,0.1742468417953613,0.07871964386465388,0.5122347915980652,0,,0,0
halfcheetah,0.5,154,raw,,,,,,0.9761653426833427,1.7674914479425408,1.416583292380794,,,,,,0.10030004780139555,0.008810738580387858,0.3187609968670849,0,,3624,3178
halfcheetah,0.5,154,balanced,,,,,,1.5773303707360176,6.510777480249823,9.860674846347774,0.0696539655327797,,,,,0.17690149496909896,0.04841785807755032,0.5568985229844405,0,,225,0
halfcheetah,0.5,154,ldm,,,,,,1.0068390476891491,2.50597312625032,2.835169815534007,0.05299173668026924,,0.02904069609940052,2.4847819805145264,1.6347999572753906,0.15073468164176143,0.031832479876280184,0.45232659990861257,0,,0,0
halfcheetah,0.5,154,sprl,,,,,,1.1425187263304282,10.44345044930431,12.090639237938532,0.17694658041000366,,1.044454574584961,76.2706069946289,71.58003997802734,0.14094261287415924,0.05921039774602302,0.4724423626238448,0,,228,12
halfcheetah,0.5,155,raw,,,,,,1.0871861081290715,1.6017440719417047,1.6830838580929293,,,,,,0.09743369365398737,0.007200058713190604,0.3093708754811928,0,,2538,2660
halfcheetah,0.5,155,balanced,,,,,,0.7984665601515861,1.1368264985744265,1.1550260237888281,0.0452784039080143,,,,,0.16492299919025186,0.014315910247589868,0.5066658513676908,0,,0,0
halfcheetah,0.5,155,ldm,,,,,,0.8851405036241266,2.4094376886653284,2.3836752662766085,0.045273177325725555,,0.044440947473049164,2.1333909034729004,1.4699821472167969,0.1472778563913046,0.030873323381878218,0.4449767401650046,0,,264,273
halfcheetah,0.5,155,sprl,,,,,,0.9017816469835955,1.4026491259339464,1.4403958979381328,0.09119409322738647,,1.5789580345153809,95.45159912109375,88.77096557617188,0.12302402984906087,0.039672941545953695,0.38758936673842914,0,,0,0
halfcheetah,0.5,156,raw,,,,,,1.1036038238106385,1.6771515513922144,1.7682617813188617,,,,,,0.10260022340435285,0.008166749397130506,0.32384268818723955,0,,2815,2889
halfcheetah,0.5,156,balanced,,,,,,0.8017755899118955,1.2084914885321894,1.1701194789819267,0.07647087424993515,,,,,0.17297193290110263,0.030711155558221043,0.5205076430224526,0,,0,0
halfcheetah,0.5,156,ldm,,,,,,1.6453549251960584,10.833551272531473,18.706140300977715,0.06899648159742355,,0.02906009554862976,3.1077346801757812,1.988389253616333,0.15744402275936878,0.046695883792738,0.4681120677271721,0,,115,19
halfcheetah,0.5,156,sprl,,,,,,1.5344416394555147,9.803361544296608,11.870636746909954,0.08005309849977493,,0.6564775109291077,106.20537567138672,98.76145935058594,0.14792726864210268,0.04060521732459698,0.4480597460097444,0,,163,48
halfcheetah,0.5,157,raw,,,,,,0.9108049968270548,1.4451629639819459,1.450934705814269,,,,,,0.09685445461483752,0.009950313385575336,0.3081190949865062,0,,2965,3084
halfcheetah,0.5,157,balanced,,,,,,0.9787610761628607,1.8317938378653515,2.7039455250721813,0.03424525633454323,,,,,0.16255098446221017,0.038715659939971156,0.4966532084879027,0,,0,0
halfcheetah,0.5,157,ldm,,,,,,1.995001130690468,44.09971187768393,50.772442129536415,0.03243158385157585,,0.019705144688487053,2.491593360900879,1.3030139207839966,0.1384890553874188,0.011769278614431392,0.42092075476955143,0,,928,819
halfcheetah,0.5,157,sprl,,,,,,0.9124710083245043,3.0803116877546715,10.280216723280265,0.0679522231221199,,0.8514384627342224,41.992958068847656,39.145111083984375,0.1413919653510586,0.04365537727624035,0.43211461500756204,0,,15,11
halfcheetah,0.5,158,raw,,,,,,0.7889084624866168,1.6201919939610385,1.6298699183909988,,,,,,0.09196277760479814,0.00937372351567053,0.29311861650805665,0,,3086,3233
halfcheetah,0.5,158,balanced,,,,,,0.8643372694692582,4.235457888558902,2.5455692048005214,0.041622769087553024,,,,,0.15293962130344185,0.0286105550347533,0.47404870171895847,0,,0,121
halfcheetah,0.5,158,ldm,,,,,,1.4683303429869188,4.4286194989751,4.0812499737985535,0.05072177201509476,,0.029955431818962097,2.6254613399505615,1.2315239906311035,0.1338054903843592,0.026648158738402084,0.4075020073968775,0,,596,982
halfcheetah,0.5,158,sprl,,,,,,1.3373982431332436,7.838818974709984,5.32193321292251,0.10129621624946594,,0.7692500352859497,65.89990997314453,49.52092742919922,0.11241934795727321,0.023240721757059622,0.35752270900363736,0,,178,335
halfcheetah,0.5,159,raw,,,,,,1.1965740113571557,2.0133946454358083,2.050301725709486,,,,,,0.09106293638728077,0.004302449662901229,0.2918265079603513,0,,2921,2812
halfcheetah,0.5,159,balanced,,,,,,0.9918203525517179,2.7900787944031302,3.0726183529621287,0.05952497571706772,,,,,0.15706728806285813,0.023762384062538583,0.48323953422658805,0,,0,0
halfcheetah,0.5,159,ldm,,,,,,0.9041264039136989,1.4438011800508197,1.3906953778939504,0.03450360894203186,,0.03558081388473511,2.5293262004852295,1.2981863021850586,0.13804754967697053,0.04281438692559862,0.41910505746679444,0,,0,0
halfcheetah,0.5,159,sprl,,,,,,1.6361797822752755,3.80432134557102,3.9495020215126506,0.10174128413200378,,1.1696962118148804,75.52400207519531,43.538944244384766,0.11843698863391135,0.019973843703169406,0.37144103161014697,0,,0,0
halfcheetah,0.5,160,raw,,,,,,0.8761023765572983,3.0507174470135183,2.194990591775956,,,,,,0.10112107935435669,0.01570672737433087,0.3190448130710711,0,,3297,3382
halfcheetah,0.5,160,balanced,,,,,,0.9960379965066088,1.7757616833782472,1.2697979322009385,0.16238947212696075,,,,,0.18181021505724665,0.04688352700274753,0.5452184732286997,0,,0,0
halfcheetah,0.5,160,ldm,,,,,,0.9750521358620939,1.865364003008013,1.8436265617054968,0.11323612928390503,,0.03997374325990677,2.232121706008911,1.8638899326324463,0.15155940349156544,0.04278876297551364,0.45145690918004683,0,,129,206
halfcheetah,0.5,160,sprl,,,,,,1.0992881107352432,1.315151282703562,1.3133968021509015,0.14423149824142456,,1.861907958984375,130.75881958007812,124.96369934082031,0.12703339523569265,0.03311016414389082,0.39553844587146975,0,,0,0
halfcheetah,0.5,161,raw,,,,,,0.7773750928604839,1.4228485995200912,1.4858112089903903,,,,,,0.09474765934766399,0.008635283168258973,0.3010862318829671,0,,2681,2648
halfcheetah,0.5,161,balanced,,,,,,1.4788314956628619,2.783436349790777,2.9825060264043475,0.03430745378136635,,,,,0.1532649487968619,0.04128666222702275,0.47329932648531464,0,,0,4
halfcheetah,0.5,161,ldm,,,,,,1.3278023720855932,4.486836146492561,5.532383052607055,0.0372474305331707,,0.01764957793056965,2.1896345615386963,0.9743627309799194,0.1332503978694609,0.01922711998511381,0.40377952495379693,0,,720,509
halfcheetah,0.5,161,sprl,,,,,,0.8182505507142207,2.740663703893196,4.631167247659528,0.05223848298192024,,2.0241613388061523,102.5842514038086,88.51986694335938,0.11482145461022897,0.035682987912976354,0.36432770618469906,0,,17,0
halfcheetah,0.5,162,raw,,,,,,0.744782988579085,1.3592840130419201,1.3512939028282644,,,,,,0.09844654978304708,0.007778930575528156,0.3129406878429896,0,,3139,3013
halfcheetah,0.5,162,balanced,,,,,,1.6340825267295525,16.961179666390784,20.850830609703756,0.05967269465327263,,,,,0.16179716856196547,0.020986583001830324,0.4934126526452541,0,,4,9
halfcheetah,0.5,162,ldm,,,,,,1.2690616935413639,6.88456716752599,8.253452815212531,0.0781555324792862,,0.03080066852271557,3.7598133087158203,2.229952812194824,0.14593306823675087,0.030174324494398302,0.43715462351723655,0,,0,0
halfcheetah,0.5,162,sprl,,,,,,0.7504507493586109,3.692919962561637,3.2991744141951953,0.18133272230625153,,1.3436037302017212,101.814208984375,97.54936218261719,0.12927453758090496,0.04146312098121337,0.4044930767256205,0,,0,0
halfcheetah,0.5,163,raw,,,,,,0.7194941205097193,1.0435007021634064,1.0401502146336752,,,,,,0.09362877608274676,0.008403492025536481,0.2995455049267405,0,,3453,3017
halfcheetah,0.5,163,balanced,,,,,,0.8233209462058692,3.1160652935112743,1.7723909349872877,0.08041899651288986,,,,,0.16453836451272208,0.01870139347180196,0.5069376631890072,0,,0,0
halfcheetah,0.5,163,ldm,,,,,,2.2723634565306035,12.017099125997097,40.02243304922226,0.0831448957324028,,0.021550286561250687,2.202500343322754,1.4109158515930176,0.13847764238793722,0.026165812769838655,0.42352560478004286,0,,1172,718
halfcheetah,0.5,163,sprl,,,,,,1.1197636918419587,2.8629075129485875,2.7538299086919444,0.13102707266807556,,1.1743887662887573,138.4232940673828,137.12652587890625,0.12426312791515645,0.026758086705302164,0.3906569533484132,0,,2,1
halfcheetah,0.5,164,raw,,,,,,0.9598074342508818,1.5700260736596543,1.4432013459714355,,,,,,0.09812038613672035,0.00847055599904892,0.3097299679342295,0,,2347,2450
halfcheetah,0.5,164,balanced,,,,,,1.1815724091075577,1.8390424570023822,1.8353276221472703,0.124408058822155,,,,,0.16567955602654824,0.03227688525123503,0.5056957911152734,0,,0,0
halfcheetah,0.5,164,ldm,,,,,,0.9150323485780967,1.4293551942636213,1.4871449895877404,0.13818581402301788,,0.04044222831726074,1.8091374635696411,1.3991714715957642,0.14676419137613633,0.03425493588504936,0.4412558293947281,0,,0,0
halfcheetah,0.5,164,sprl,,,,,,1.1680937951829033,1.763890125502408,1.7804907967325858,0.1956186145544052,,1.367125391960144,109.12693786621094,104.09750366210938,0.127073064650786,0.032445057571784154,0.39588441391659707,0,,0,0
halfcheetah,0.5,165,raw,,,,,,0.7864813821518748,1.4093930781031434,1.4952593280186137,,,,,,0.09868676278166127,0.01159675660321977,0.31173127071996976,0,,3149,2807
halfcheetah,0.5,165,balanced,,,,,,0.9371287625575622,1.6760782380365395,1.6799808822934248,0.06045781821012497,,,,,0.16283563478806887,0.009821154306756773,0.501254853629344,0,,0,0
halfcheetah,0.5,165,ldm,,,,,,1.4454594418951183,11.760639450508979,11.103771404893921,0.05856943875551224,,0.0627780482172966,2.795116662979126,1.8679639101028442,0.14365954537365097,0.027394850328507296,0.43481838863355277,0,,0,0
halfcheetah,0.5,165,sprl,,,,,,1.715743997796104,8.309159035897416,8.945047123621844,0.1386934518814087,,0.6231561303138733,47.75669860839844,44.44452667236328,0.1374229249842585,0.012049712891006538,0.41977906871244897,0,,342,297
halfcheetah,0.5,166,raw,,,,,,0.7053404167817519,1.7541018187731046,1.2142620095223793,,,,,,0.09390822383203874,0.01562343121757126,0.2984011338961765,0,,4254,4066
halfcheetah,0.5,166,balanced,,,,,,0.9949824159660554,1.2715896632563801,1.2868197870326032,0.05291900038719177,,,,,0.15055965964330004,0.018640057675164343,0.47328514611986255,0,,0,0
halfcheetah,0.5,166,ldm,,,,,,2.1262920515414643,4.471006165982413,4.436149538899963,0.051617901772260666,,0.022949038073420525,2.448585033416748,1.3352527618408203,0.14875958512219772,0.05206297377298882,0.44090374004707156,0,,27,8
halfcheetah,0.5,166,sprl,,,,,,0.6687420395656267,3.871745132809225,1.1058212724277565,0.1637580692768097,,1.4329490661621094,111.92647552490234,96.56166076660156,0.12107826245272804,0.04724948121410768,0.38755255441679776,0,,0,0
halfcheetah,0.5,167,raw,,,,,,0.8128943767584246,1.11361643446923,1.1342095491971882,,,,,,0.09553285566606488,0.009309598598571047,0.30403613198217194,0,,2430,2714
halfcheetah,0.5,167,balanced,,,,,,1.028272160539066,1.6909280816501524,1.7937384559095697,0.05143784359097481,,,,,0.1621742421657495,0.03320465010583913,0.4994322501167947,0,,0,0
halfcheetah,0.5,167,ldm,,,,,,1.8326684604216426,83.93705396470992,98.93496041603434,0.04806311056017876,,0.028889086097478867,1.8326483964920044,1.1292235851287842,0.1344117370125515,0.01289937508306962,0.41026465011904645,0,,1800,1405
halfcheetah,0.5,167,sprl,,,,,,0.7855226950835607,1.218961394179109,1.1963247343712107,0.08912003040313721,,1.043509840965271,56.554813385009766,52.62370681762695,0.12875163916710286,0.03592113248445066,0.4011396529732434,0,,0,0
halfcheetah,0.5,168,raw,,,,,,0.7686958232311671,6.041846917436391,1.584082381786224,,,,,,0.09613074114772065,0.008087550519603645,0.30395926850160276,0,,3558,3424
halfcheetah,0.5,168,balanced,,,,,,1.030847768380969,1.968220448350078,1.7390303777457625,0.08720061182975769,,,,,0.16467338852448862,0.01748117883278449,0.5041158111890843,0,,0,0
halfcheetah,0.5,168,ldm,,,,,,0.7700440445453175,1.0473019615667163,1.1704214154679173,0.06842692196369171,,0.07502112537622452,1.854934811592102,1.2368483543395996,0.14302718872462414,0.024181802798445874,0.43004340938514285,0,,232,90
halfcheetah,0.5,168,sprl,,,,,,1.6021623935686464,5.224286634879251,3.5485713023966476,0.10338173806667328,,1.374967098236084,82.53404998779297,75.18597412109375,0.12679804320149016,0.025611351113308693,0.39513585339494917,0,,1,2
halfcheetah,0.5,169,raw,,,,,,0.790477157587501,1.4030189935178652,1.223657827984075,,,,,,0.09897909188552032,0.009720042537143946,0.31399923456632384,0,,2532,2626
halfcheetah,0.5,169,balanced,,,,,,1.272070601293377,3.7352051153397836,2.4286018120292527,0.07549125701189041,,,,,0.18700175340718528,0.04340854163788099,0.5667295702146413,0,,0,0
halfcheetah,0.5,169,ldm,,,,,,0.9878167420880843,2.0024065115659235,1.752338937682706,0.06638890504837036,,0.029072295874357224,2.191387891769409,1.6698310375213623,0.14955479024553878,0.026654912759088847,0.4501922608564573,0,,0,1
halfcheetah,0.5,169,sprl,,,,,,0.8990763760310716,6.444013830793922,23.68890641272387,0.14177747070789337,,1.4222079515457153,139.22653198242188,131.06375122070312,0.13892706496260815,0.02877163564794887,0.43006714522870854,0,,0,1
halfcheetah,0.5,170,raw,,,,,,0.8401592305259129,1.442469440220208,1.4154055644943944,,,,,,0.09718720517456322,0.008071854773780533,0.3105236518833025,0,,3138,3131
halfcheetah,0.5,170,balanced,,,,,,1.050395964803431,2.3729283161098538,5.2769271837937355,0.04947997257113457,,,,,0.1689593576008133,0.02561160987164495,0.51245922316882,0,,0,0
halfcheetah,0.5,170,ldm,,,,,,1.631093110493307,17.23775727767163,20.437083879941554,0.049133267253637314,,0.025203241035342216,2.562040328979492,1.5060036182403564,0.14647274154564255,0.012291209745345455,0.44068514112691154,0,,365,323
halfcheetah,0.5,170,sprl,,,,,,1.0674521182286003,4.698741000065125,11.348500848670925,0.11545595526695251,,0.8443699479103088,51.203556060791016,44.08104705810547,0.1385382154203651,0.05024726509724861,0.42083613318012797,0,,41,0
halfcheetah,0.5,171,raw,,,,,,0.7248261242797024,1.1856220782071891,1.3852065525179857,,,,,,0.09510425374790951,0.010749417359919673,0.3029422325482479,0,,2051,2301
halfcheetah,0.5,171,balanced,,,,,,0.8773319332856602,1.3661842331122314,1.3540484019843066,0.04112621024250984,,,,,0.16444234029261248,0.01643633241444169,0.503614462081102,0,,0,0
halfcheetah,0.5,171,ldm,,,,,,1.5291293644677653,14.800085829814433,14.588366749347076,0.03487148508429527,,0.01852593384683132,2.0682015419006348,1.0483654737472534,0.1403983310487112,0.018695584347639,0.42490141157804767,0,,794,809
halfcheetah,0.5,171,sprl,,,,,,0.7998763727112388,1.3752354404145584,1.4969963602288427,0.16537357866764069,,1.650304913520813,85.68832397460938,71.76211547851562,0.1203477579813627,0.0346098839845898,0.37713801438936134,0,,0,0
halfcheetah,0.5,172,raw,,,,,,0.9658589978930171,5.260112868714963,1.4928598706434422,,,,,,0.09818170151860872,0.01206577944785397,0.31337351691888626,0,,2947,3028
halfcheetah,0.5,172,balanced,,,,,,1.129614198014751,2.3597052115842794,1.6229320611716576,0.05149572715163231,,,,,0.17471532478117574,0.041692986077261,0.5290132014123116,0,,11,0
halfcheetah,0.5,172,ldm,,,,,,2.2072750582394356,75.72851628852194,69.42772915429566,0.06282917410135269,,0.02817312628030777,2.302600383758545,1.2333958148956299,0.1430414873789819,0.02446750897501143,0.42968242922632016,0,,1527,1659
halfcheetah,0.5,172,sprl,,,,,,0.7231384823840107,3.729434248976766,2.239967350444528,0.13648632168769836,,1.4597351551055908,181.75645446777344,167.11788940429688,0.1316577956655699,0.04755933397930064,0.4114489707524506,0,,45,0
halfcheetah,0.5,173,raw,,,,,,0.7776964966816478,1.2630644661681099,1.1883859012200588,,,,,,0.09621582707131468,0.009607180615760972,0.3085492587263318,0,,2514,2579
halfcheetah,0.5,173,balanced,,,,,,0.949665430358053,1.6180478998701917,1.4434811100488034,0.060876477509737015,,,,,0.16110054307353538,0.013951689142419363,0.4977420591655156,0,,0,0
halfcheetah,0.5,173,ldm,,,,,,0.8826128821073652,1.6301569940205773,1.4892445550082063,0.06299332529306412,,0.025452380999922752,2.2512683868408203,1.3447420597076416,0.14263667724801354,0.028071285992026147,0.4341267183339527,0,,27,49
halfcheetah,0.5,173,sprl,,,,,,1.2310288479501383,12.101641324328229,9.282859732959544,0.13916181027889252,,1.3819527626037598,166.112548828125,161.50320434570312,0.12960292712938057,0.03512591130948962,0.4053933225847483,0,,3,6
halfcheetah,0.5,174,raw,,,,,,1.1080341925861776,1.7164005816613006,1.5515629743961952,,,,,,0.11267113862140149,0.027130462917595393,0.38594030734016294,0,,3577,3742
halfcheetah,0.5,174,balanced,,,,,,1.2117097825051877,1.4621530329830312,1.4550176406105921,0.028725627809762955,,,,,0.16230674864644892,0.020534472519135573,0.4928037024230942,0,,0,0
halfcheetah,0.5,174,ldm,,,,,,1.9580579441769914,52.736860839790175,82.40018524840146,0.038019414991140366,,0.047784823924303055,2.256920576095581,1.0911625623703003,0.1406238910084302,0.015154361523764029,0.42458982794588535,0,,2262,1031
halfcheetah,0.5,174,sprl,,,,,,1.1651034944722176,8.764857170291636,13.051686777026003,0.07146800309419632,,1.0569912195205688,98.62753295898438,69.75404357910156,0.12554667661999047,0.019107939459427275,0.4051608319659791,0,,582,273
halfcheetah,0.5,175,raw,,,,,,0.8664385182588755,1.4774666952349031,1.7032828988387698,,,,,,0.09931782114130712,0.011791982229146862,0.3158513396280447,0,,2572,2731
halfcheetah,0.5,175,balanced,,,,,,0.9306406563570835,1.6099250236782614,1.6000414228543125,0.08200078457593918,,,,,0.16230889942326376,0.02286121556438821,0.49674464782956756,0,,0,0
halfcheetah,0.5,175,ldm,,,,,,2.0482367477344043,5.365369262228145,5.123445857763495,0.07100891321897507,,0.02679680846631527,2.440610647201538,1.2128796577453613,0.14197654300764517,0.024785146795447074,0.42754506509974,0,,0,0
halfcheetah,0.5,175,sprl,,,,,,1.7088172813412856,9.066241393642748,8.233670621567901,0.1446486860513687,,0.9914021492004395,64.74192810058594,50.90007400512695,0.12786752495960674,0.016781730334001706,0.39548376261498797,0,,160,248
halfcheetah,0.5,176,raw,,,,,,0.6910060555370543,0.9468504370437854,0.9313359950997145,,,,,,0.1004838356898723,0.008684128945374146,0.3186391147497458,0,,2596,2993
halfcheetah,0.5,176,balanced,,,,,,0.8793288465624316,1.9007085442165448,2.88947577423656,0.03656259551644325,,,,,0.1689739720566967,0.0276520366240584,0.5176006267569828,0,,0,0
halfcheetah,0.5,176,ldm,,,,,,1.3420248535445432,7.976978270687666,11.029122336725736,0.034283384680747986,,0.016858432441949844,1.856164813041687,0.8803272247314453,0.14845627292568456,0.022284465016159622,0.44741570098940847,0,,0,10
halfcheetah,0.5,176,sprl,,,,,,1.2204283967575202,32.80429255718977,55.93984211455998,0.05031546205282211,,1.0264892578125,84.2879409790039,70.54280090332031,0.13072446427223577,0.05291216027553194,0.4400638135633431,0,,665,36
halfcheetah,0.5,177,raw,,,,,,0.8017005251887941,1.4913332520850904,1.1543215522375925,,,,,,0.0948246245259567,0.009890859481734484,0.3014364528960073,0,,3726,3475
halfcheetah,0.5,177,balanced,,,,,,0.76296687253432,1.6897904847578789,1.6806279642672635,0.03560270741581917,,,,,0.1621002301186895,0.01955464064687563,0.49392094764023786,0,,0,0
halfcheetah,0.5,177,ldm,,,,,,1.2570195534076651,2.6557094601261797,2.915292123183011,0.03721577301621437,,0.041539158672094345,2.1910526752471924,1.3003501892089844,0.13981793889772975,0.027497905864786353,0.42148129767946657,0,,422,334
halfcheetah,0.5,177,sprl,,,,,,1.2999814168786956,14.451522982435357,16.831475845107846,0.08822523802518845,,0.9778762459754944,74.47917938232422,47.03559875488281,0.12873509067905106,0.038422366820059686,0.39572106003146473,0,,387,320
halfcheetah,0.5,178,raw,,,,,,0.89149888825028,1.4604650034951225,1.432454450593794,,,,,,0.09766275256501424,0.007149655249326402,0.31051743281346866,0,,3274,3074
halfcheetah,0.5,178,balanced,,,,,,1.3290304064159197,2.4852461140544895,2.869183188684275,0.05445205047726631,,,,,0.16439666873651945,0.028490049764141257,0.5033625164265928,0,,0,0
halfcheetah,0.5,178,ldm,,,,,,1.6879886264942823,13.423149754150979,19.162292393211537,0.03931238129734993,,0.028981341049075127,2.1452958583831787,1.3865158557891846,0.13940767023865228,0.026177598331674396,0.424709968368917,0,,154,103
halfcheetah,0.5,178,sprl,,,,,,0.8899223992956263,1.0416334390345614,1.080702456239693,0.0749000757932663,,1.6241642236709595,98.23194122314453,60.89691162109375,0.12567561032170269,0.037848646681922116,0.3927972001150856,0,,0,0
halfcheetah,0.5,179,raw,,,,,,0.7520560865637632,1.4513823772382002,1.5943687344388162,,,,,,0.09816434443174425,0.012684153113248471,0.31081979021393075,0,,2947,2979
halfcheetah,0.5,179,balanced,,,,,,2.547438035948351,4.390495404147278,4.246470529199514,0.09831494092941284,,,,,0.1656806384779431,0.02052877420165119,0.5081052029631604,0,,0,1
halfcheetah,0.5,179,ldm,,,,,,1.870182136020049,16.763441924303176,15.239136258774693,0.11022857576608658,,0.05400633066892624,2.6743433475494385,1.994612693786621,0.14358505097907953,0.03438206911991948,0.43219466613544627,0,,762,946
halfcheetah,0.5,179,sprl,,,,,,1.030944798624906,4.281602732521319,4.170514262029501,0.17635056376457214,,1.3858922719955444,109.87145233154297,104.29238891601562,0.13259638109218277,0.0357291483697545,0.40948314674114017,0,,20,39
halfcheetah,0.5,180,raw,,,,,,0.9610181950552832,1.3547548967456238,1.3721347773351151,,,,,,0.09541020462730122,0.01091910334733524,0.3029919469485963,0,,2995,3009
halfcheetah,0.5,180,balanced,,,,,,1.6029204871964204,3.2644674683785198,3.0807559745157826,0.046336326748132706,,,,,0.15225303442647148,0.012173879438961636,0.47777859894381774,0,,0,0
halfcheetah,0.5,180,ldm,,,,,,1.1688179807280363,1.9240416756967276,1.9328199153181815,0.0379510298371315,,0.035131681710481644,2.335268259048462,1.4503610134124756,0.13365131291291266,0.02753916392760358,0.4060435013715119,0,,0,0
halfcheetah,0.5,180,sprl,,,,,,0.9399795119896278,4.631886403698327,13.034755683264866,0.08150031417608261,,1.7277753353118896,132.1360626220703,109.19657897949219,0.11919171462476079,0.039779727000130154,0.3779743550640382,0,,0,0
halfcheetah,0.5,181,raw,,,,,,0.7710233092756537,1.5246433653435163,1.540320172676238,,,,,,0.09872271575495277,0.014117469696898314,0.3105824748636581,0,,3189,2828
halfcheetah,0.5,181,balanced,,,,,,1.8241970306488728,3.954464611304002,3.5216910504712087,0.0810599997639656,,,,,0.16314366586600015,0.029613141883979028,0.5081969801978871,0,,128,264
halfcheetah,0.5,181,ldm,,,,,,1.6734266118525942,17.76953071118071,17.643652705014077,0.06167430430650711,,0.10769550502300262,2.812530040740967,2.3583085536956787,0.14213147641722723,0.02728820994234561,0.42960059718387766,0,,804,835
halfcheetah,0.5,181,sprl,,,,,,1.2543954976333553,8.870921812202548,3.1813689334623465,0.1343264877796173,,1.5820261240005493,143.58563232421875,139.3092041015625,0.13439467714566314,0.041833625574840466,0.4295188396385561,0,,299,288
halfcheetah,0.5,182,raw,,,,,,0.9055541922053083,2.177906088022253,1.913716006756418,,,,,,0.09661510512296825,0.013143459140814615,0.3073689731922482,0,,3733,3911
halfcheetah,0.5,182,balanced,,,,,,0.7808780016001746,1.3923579373807677,1.4542765539860276,0.08084322512149811,,,,,0.1669513100384608,0.02497742063677875,0.5101464386461804,0,,0,0
halfcheetah,0.5,182,ldm,,,,,,1.4438962012272019,7.650105375266993,9.163251093316823,0.06017138808965683,,0.03328606113791466,2.112130880355835,1.2452490329742432,0.14035964279141308,0.020385277227858028,0.4268524767929068,0,,1491,894
halfcheetah,0.5,182,sprl,,,,,,0.8068400268445051,1.3079262735430743,1.3927654852461668,0.07805884629487991,,2.2874090671539307,240.17965698242188,220.07421875,0.12131945638535226,0.03592389344711922,0.38234579234368465,0,,0,0
halfcheetah,0.5,183,raw,,,,,,1.0156203304827438,4.189069111499457,2.2813876992158404,,,,,,0.10201718847013375,0.014876071605243952,0.3207702610801126,0,,3167,2671
halfcheetah,0.5,183,balanced,,,,,,2.5138007884194837,12.389764057499475,7.228550067760757,0.075660839676857,,,,,0.20189227579055863,0.07397029097663574,0.599031925516235,0,,357,633
halfcheetah,0.5,183,ldm,,,,,,2.429029077271719,21.18124505336676,21.91350939679329,0.05872795358300209,,0.04456173628568649,2.387998580932617,1.7404303550720215,0.15333206880478667,0.03730619520871468,0.45828707994197804,0,,346,322
halfcheetah,0.5,183,sprl,,,,,,1.0217489356507017,3.893844912986625,2.8191440163500223,0.1345652937889099,,1.585846185684204,178.80055236816406,172.2971649169922,0.14011036728186801,0.04277600311113484,0.44721766225320525,0,,0,1
halfcheetah,0.5,184,raw,,,,,,0.8301089805561864,1.3647052587023367,1.5883126911828436,,,,,,0.09314942082925251,0.007555873610916302,0.2965305949920241,0,,2791,2764
halfcheetah,0.5,184,balanced,,,,,,0.8315956412190421,1.3977831397533504,1.4095955661056456,0.04023817554116249,,,,,0.1608085428665028,0.022342090489382047,0.4946463071491532,0,,0,0
halfcheetah,0.5,184,ldm,,,,,,1.9986278446589643,11.626783451837547,8.324865137933225,0.029660318046808243,,0.021677417680621147,2.1796562671661377,1.220687747001648,0.1332776803692917,0.010258446416065102,0.4050957465874266,0,,803,801
halfcheetah,0.5,184,sprl,,,,,,1.37233366859113,8.889333327532814,6.6943536042271194,0.07277010381221771,,0.9537386894226074,115.08932495117188,78.68125915527344,0.1218805122902514,0.027319131778097538,0.37983553216755644,0,,31,60
halfcheetah,0.5,185,raw,,,,,,0.7492258535400105,2.7958860708522417,1.417173506185423,,,,,,0.09663727350305293,0.014629831086497853,0.3053238545360344,0,,3055,2885
halfcheetah,0.5,185,balanced,,,,,,1.3413109254535678,4.227750809235553,3.337048456005075,0.03785695880651474,,,,,0.15611615423580316,0.02434762933696627,0.4781570515127763,0,,0,0
halfcheetah,0.5,185,ldm,,,,,,1.882154690143997,8.68798736911195,7.517139270184152,0.03658432886004448,,0.03563868999481201,4.145981788635254,2.2556586265563965,0.13616789084830289,0.017071603189963553,0.41302908856787907,0,,599,1225
halfcheetah,0.5,185,sprl,,,,,,1.7179680841765541,12.854406176628002,8.433210077928472,0.051595527678728104,,0.9547743201255798,91.49057006835938,82.73374938964844,0.129452711898212,0.03433665565451333,0.4027011079993899,0,,16,41
halfcheetah,0.5,186,raw,,,,,,0.7882767883514599,11.133266077839316,1.1829278682997695,,,,,,0.11314955061830255,0.022123528607598565,0.3524213673558561,0,,2769,2490
halfcheetah,0.5,186,balanced,,,,,,0.83978674903718,1.245029351630887,1.2435848617469842,0.049274854362010956,,,,,0.16914032223734174,0.022972510532361275,0.5138952409879755,0,,0,0
halfcheetah,0.5,186,ldm,,,,,,1.2324870880624965,7.359229050416676,7.734196184113584,0.047632355242967606,,0.02532828040421009,2.6645240783691406,1.6545406579971313,0.14832171313699782,0.030275279620381457,0.44339351289308343,0,,480,453
halfcheetah,0.5,186,sprl,,,,,,1.683964366167956,26.45625386251037,7.813629730961919,0.08318997174501419,,0.7996431589126587,52.21226119995117,45.67021942138672,0.15910569577231612,0.06872690406182068,0.48027504558679956,0,,2,3
halfcheetah,0.5,187,raw,,,,,,0.9658173030667587,1.4550764263871283,1.4520605017801866,,,,,,0.09802764458502634,0.007646257492243141,0.31018819707311407,0,,2924,2899
halfcheetah,0.5,187,balanced,,,,,,0.9957602207021077,1.436316854057663,1.4328895678052784,0.04478022828698158,,,,,0.1622773608666876,0.013565920229175025,0.499110605339607,0,,0,0
halfcheetah,0.5,187,ldm,,,,,,1.6618342761982268,3.0598705875383843,2.9846283923046584,0.04264438524842262,,0.02913353592157364,3.0719780921936035,1.638425588607788,0.14537181733246657,0.022366470626748708,0.43796319300141995,0,,210,161
halfcheetah,0.5,187,sprl,,,,,,1.8472628689741586,95.72684107400242,107.76082199092029,0.11925244331359863,,0.8504435420036316,75.9017562866211,72.83186340332031,0.13733946921036388,0.019820463442532583,0.420525633665743,0,,31,29
halfcheetah,0.5,188,raw,,,,,,1.0264073767526596,1.6768404209929877,1.8261381193422557,,,,,,0.09563424290165226,0.009606461926235812,0.30286910412679047,0,,2360,2742
halfcheetah,0.5,188,balanced,,,,,,1.3755824339678089,1.9848290157719888,6.3620582293265935,0.042000047862529755,,,,,0.15914663892449277,0.018835497190012415,0.4904395708690344,0,,14,0
halfcheetah,0.5,188,ldm,,,,,,2.1290260753970918,62.705238785019645,42.62825356757096,0.02817142941057682,,0.025866791605949402,1.9767298698425293,1.147786259651184,0.13748472312936882,0.02679976297590117,0.4180787643937829,0,,712,947
halfcheetah,0.5,188,sprl,,,,,,1.0182170109688402,2.790972852148071,2.6052035080248546,0.06114644929766655,,1.9775105714797974,72.6856460571289,65.01593017578125,0.11673823369228271,0.03442755218446953,0.3689455343365599,0,,0,0
halfcheetah,0.5,189,raw,,,,,,0.9521633282463736,13.147288794528459,3.4827013851720334,,,,,,0.10160772406250804,0.015733872594756036,0.3323153207269419,0,,3303,3636
halfcheetah,0.5,189,balanced,,,,,,1.3959482196218647,2.4616236056260226,2.4508607918046446,0.08288922160863876,,,,,0.17277878717021541,0.03722555135533342,0.5207357240543179,0,,0,0
halfcheetah,0.5,189,ldm,,,,,,1.704140574466981,15.489359168952582,35.989218613404134,0.06262945383787155,,0.02422172762453556,3.227184295654297,1.8202556371688843,0.14255466630783248,0.026290506976373064,0.43431668144506147,0,,849,724
halfcheetah,0.5,189,sprl,,,,,,0.798449553558566,1.803719534099489,1.738015041991191,0.24966047704219818,,1.3369258642196655,132.28305053710938,85.91586303710938,0.1303486003585612,0.017879255697367948,0.4062382402162865,0,,0,0
halfcheetah,0.5,190,raw,,,,,,0.7798059908048129,1.2801464825874558,1.221522833571566,,,,,,0.10115106314547338,0.012744308156937315,0.32095739368573484,0,,2483,2506
halfcheetah,0.5,190,balanced,,,,,,0.9557104248535918,1.2489604661667666,1.2695649989546178,0.08408897370100021,,,,,0.170109831777304,0.02302009990434562,0.518239102808285,0,,0,0
halfcheetah,0.5,190,ldm,,,,,,1.3678511564747404,10.791931399094896,8.865449685915172,0.07275199145078659,,0.023741720244288445,2.079221487045288,1.815977692604065,0.15046378721351064,0.021567924425329968,0.45368506142741116,0,,55,53
halfcheetah,0.5,190,sprl,,,,,,1.1044061199119946,2.8135394465327486,2.599450508913538,0.09345799684524536,,1.905316948890686,177.33062744140625,158.93408203125,0.1365174723370673,0.020626781705653463,0.42078151964767513,0,,0,0
halfcheetah,0.5,191,raw,,,,,,0.95585323076064,1.3429615934331143,1.3365375576369425,,,,,,0.09503302690860739,0.01008150447528006,0.3015831267852138,0,,3040,3189
halfcheetah,0.5,191,balanced,,,,,,1.4369397518054792,2.902606457189513,2.8818413854138756,0.023101281374692917,,,,,0.15761218643087646,0.019217688044688163,0.48840456599873416,0,,0,0
halfcheetah,0.5,191,ldm,,,,,,1.607426925812057,4.565577003517012,4.376603859531491,0.026609594002366066,,0.039128564298152924,2.2689037322998047,0.9592397212982178,0.13866985840686544,0.04871715228277729,0.4224921449360107,0,,0,0
halfcheetah,0.5,191,sprl,,,,,,1.2117767732093288,6.4293577368424595,5.921735073255942,0.05867529287934303,,1.3425402641296387,78.3581771850586,62.3022575378418,0.1192012008303856,0.028150590009395307,0.3744157685650227,0,,10,16
halfcheetah,0.5,192,raw,,,,,,0.8028204222163372,1.62248801891235,1.4580423125963875,,,,,,0.10600632224214246,0.01719244453177098,0.3340348473395725,0,,2006,1887
halfcheetah,0.5,192,balanced,,,,,,0.9049546962641641,2.8139054929050613,2.2516889507812534,0.07512442767620087,,,,,0.18469300862975832,0.047105974801063225,0.5469897551543497,0,,0,0
halfcheetah,0.5,192,ldm,,,,,,1.6499529996941869,30.85994188171882,4.922948217002199,0.12171396613121033,,0.03403506800532341,2.107645273208618,1.7512638568878174,0.15632185472835272,0.0264368765162933,0.46735209128622074,0,,262,1076
halfcheetah,0.5,192,sprl,,,,,,1.4896999082621851,16.654093417663873,4.0090837420331615,0.07693430781364441,,1.6933269500732422,271.4367980957031,244.97238159179688,0.1527280885429057,0.05039525044638216,0.46009999732099843,0,,20,130
halfcheetah,0.5,193,raw,,,,,,0.8527969221469591,1.1562294944367928,1.1960917242051237,,,,,,0.10102051375464076,0.010614393216764566,0.31754015445927064,0,,2908,2819
halfcheetah,0.5,193,balanced,,,,,,0.9459354596458527,1.3901781805407083,1.6201045272280508,0.04013560339808464,,,,,0.16581863275709943,0.025970545170072735,0.5081120691459224,0,,0,0
halfcheetah,0.5,193,ldm,,,,,,0.9444216094430061,1.5990498370694828,1.6354736165889068,0.04074587672948837,,0.027242345735430717,2.027928590774536,1.1704485416412354,0.1447776964671511,0.029998440407547892,0.43638214735256986,0,,156,137
halfcheetah,0.5,193,sprl,,,,,,0.838779926038671,1.4114270874421797,1.4241222203013342,0.14413206279277802,,1.4544063806533813,124.38369750976562,112.93000793457031,0.13039482666238755,0.04089321801101414,0.4055176133544623,0,,0,0
halfcheetah,0.5,194,raw,,,,,,0.9278745130855922,4.609798794860834,1.8915700035047396,,,,,,0.10661222106437837,0.013308294515615984,0.3363426026387494,0,,3996,3230
halfcheetah,0.5,194,balanced,,,,,,1.1099814877083922,3.0212326119688813,1.5386137888114577,0.08584564179182053,,,,,0.19447636311113162,0.053723982708298194,0.5742546688223269,0,,0,0
halfcheetah,0.5,194,ldm,,,,,,2.224414095262854,23.246606014170546,40.16957321373307,0.15951389074325562,,0.0696573331952095,2.2576377391815186,1.9953244924545288,0.1651395552486967,0.04614527095948305,0.48327035345856273,0,,3089,1401
halfcheetah,0.5,194,sprl,,,,,,1.0105325837927097,6.495181573820641,1.8178344189123625,0.11577021330595016,,2.6228489875793457,127.55017852783203,119.2453842163086,0.1447737470913326,0.06494354829245133,0.4523218527879765,0,,4,431
halfcheetah,0.5,195,raw,,,,,,0.7896167720434393,1.2336107174322652,1.2308490828592311,,,,,,0.09821902259107004,0.013181061833683444,0.30944430143411283,0,,2858,2788
halfcheetah,0.5,195,balanced,,,,,,1.8143020483833847,5.258101825155551,4.748222653056449,0.051188647747039795,,,,,0.17012415208288206,0.03351996102851044,0.5171363387466817,0,,0,0
halfcheetah,0.5,195,ldm,,,,,,2.667043083557912,41.49260799115761,34.05938197075805,0.04671943932771683,,0.05190271511673927,2.995144844055176,2.378413677215576,0.14857584956039122,0.04060594160612087,0.44575017860192373,0,,1683,2182
halfcheetah,0.5,195,sprl,,,,,,1.2145077508824083,16.964286842668702,28.177304535751826,0.09536917507648468,,2.328254222869873,148.1103057861328,136.44232177734375,0.14110077945993438,0.06509126091865636,0.46154072779441657,0,,943,2
halfcheetah,0.5,196,raw,,,,,,0.7763425967422827,1.0708085710401356,1.0238632179069165,,,,,,0.0993714204125805,0.008702879777631562,0.3153031564908791,0,,2986,2783
halfcheetah,0.5,196,balanced,,,,,,1.557489902872968,20.47715075830021,12.506505228096394,0.06672414392232895,,,,,0.17362172723148364,0.033513968757229416,0.5234899137087392,0,,0,0
halfcheetah,0.5,196,ldm,,,,,,1.798208002931269,17.231531741300298,12.556554793685967,0.07360929250717163,,0.0382750928401947,2.6280035972595215,1.7695037126541138,0.14677395846735966,0.030966575248750794,0.4428502645929242,0,,101,250
halfcheetah,0.5,196,sprl,,,,,,0.7982177701124893,2.3993421642622623,2.2961051333938483,0.12075798213481903,,0.9546361565589905,89.61881256103516,84.77242279052734,0.13596789927338077,0.02904469632487715,0.419827013763834,0,,0,0
halfcheetah,0.5,197,raw,,,,,,1.0457940159698629,1.782667747050827,1.6728071369101147,,,,,,0.0947501294028625,0.008440865857313642,0.3013027374425663,0,,2937,2532
halfcheetah,0.5,197,balanced,,,,,,0.9224026747072207,1.3114293391019558,1.2433193338918642,0.053345099091529846,,,,,0.1671609586074317,0.02241706445912808,0.5083983973221495,0,,0,0
halfcheetah,0.5,197,ldm,,,,,,2.1351012052545633,43.658386818641155,36.184740358458946,0.05985872820019722,,0.045680247247219086,3.1933276653289795,1.9846546649932861,0.14225894437098988,0.017052412716244414,0.42796912130065773,0,,1570,1885
halfcheetah,0.5,197,sprl,,,,,,0.6432281873668115,0.6961544008862726,0.6890839389777618,0.15959511697292328,,0.7227271199226379,73.91715240478516,67.52603912353516,0.144325006051946,0.04352752091775156,0.44386870568292586,0,,0,0
halfcheetah,0.5,198,raw,,,,,,1.0109955634292584,1.7497179022689064,1.6705158098083295,,,,,,0.10014031002997402,0.008657055422007905,0.3187131432054599,0,,2582,2585
halfcheetah,0.5,198,balanced,,,,,,0.8333212612762969,29.218928793474273,48.930360176062834,0.05921860411763191,,,,,0.16876347836008876,0.041476722546698014,0.5139365792270243,0,,328,6
halfcheetah,0.5,198,ldm,,,,,,1.2580512760042457,5.936805017097692,8.82218026714647,0.05523651838302612,,0.018786409869790077,2.0897462368011475,1.1134241819381714,0.15161946264221204,0.025445679881247334,0.45715673422943726,0,,0,0
halfcheetah,0.5,198,sprl,,,,,,0.9559077814006274,1.422339926540398,1.4394615780218891,0.07276908308267593,,1.3567320108413696,103.71713256835938,96.63162231445312,0.13053185617712057,0.034482683493128455,0.40701800494579954,0,,0,0
halfcheetah,0.5,199,raw,,,,,,0.712016658613875,1.2260061791214334,1.3406285691164053,,,,,,0.09019415827059322,0.00960667819413448,0.286036939443462,0,,3091,3672
halfcheetah,0.5,199,balanced,,,,,,2.5066830888954885,14.305141593302505,13.896551036883922,0.023436229676008224,,,,,0.1567955064043736,0.020251171705547487,0.4866837655859474,0,,0,0
halfcheetah,0.5,199,ldm,,,,,,0.87209544991978,1.4360595586857925,2.2347933192326295,0.022087814286351204,,0.04309442639350891,1.9592037200927734,1.2382800579071045,0.1353835729266653,0.03132241228963119,0.4106347724534455,0,,323,491
halfcheetah,0.5,199,sprl,,,,,,0.8593451861106521,1.9066634646395275,25.29845332438851,0.12188770622015,,1.3091474771499634,88.27804565429688,58.05655288696289,0.12075696950508065,0.02990679298686016,0.37780789750737814,0,,852,0
halfcheetah,0.5,200,raw,,,,,,0.9535956911927711,1.5274934120205947,1.6103619086483547,,,,,,0.09174438703409481,0.005935792795577566,0.2927077262856259,0,,3119,3259
halfcheetah,0.5,200,balanced,,,,,,1.2686455939924197,1.5707449792360912,1.5080250018272674,0.04478289932012558,,,,,0.16267079243673593,0.03253136247171801,0.496350277360197,0,,0,0
halfcheetah,0.5,200,ldm,,,,,,1.516900564958062,19.350849840379187,10.921510060434132,0.0431327149271965,,0.027469806373119354,2.5724637508392334,1.3365751504898071,0.13682122224119714,0.03702469841874371,0.41502352206557763,0,,327,626
halfcheetah,0.5,200,sprl,,,,,,0.8184865248853241,1.169842865574501,1.256723203558072,0.253053218126297,,1.2305158376693726,104.2003173828125,82.78103637695312,0.11509768459474176,0.025799931530530725,0.3631490257268261,0,,0,0
