w_u,seed,method,interval_lower,interval_upper,interval_width,includes_target
0.3,1,raw,0.4924815195339119,0.900267042996179,0.4077855234622671,True
0.3,1,ae,0.7922099981074,1.319036244287763,0.526826246180363,False
0.3,1,vae,0.8211471427282122,1.2884350191613116,0.46728787643309944,False
0.3,1,contrastive,0.8659218661314957,1.386138739092978,0.5202168729614823,False
0.3,1,balanced,0.5208011532348185,0.9324661912643498,0.41166503802953136,True
0.3,1,ldm,0.5234017585943257,0.9242571931306788,0.4008554345363531,True
0.3,1,sprl,0.5445800287972714,0.9286710873116121,0.38409105851434067,True
0.3,2,raw,0.5387083241013725,0.9578585345072431,0.41915021040587064,True
0.3,2,ae,0.7481354296480242,1.2542503070961164,0.5061148774480922,False
0.3,2,vae,0.8635911940406084,1.351506014671074,0.48791482063046565,False
0.3,2,contrastive,0.8544968957866856,1.3580427390967322,0.5035458433100466,False
0.3,2,balanced,0.5684450493600223,1.0018253090168028,0.4333802596567805,True
0.3,2,ldm,0.6245364562594105,1.0049166394720197,0.38038018321260925,True
0.3,2,sprl,0.5111600509748758,0.9540981081314476,0.44293805715657175,True
0.3,3,raw,0.5434682993516837,0.9940359442744421,0.45056764492275836,True
0.3,3,ae,0.7319436480045084,1.2041183163176026,0.4721746683130942,False
0.3,3,vae,0.8772277730513706,1.36517754241523,0.48794976936385936,False
0.3,3,contrastive,0.8103838229893476,1.279435031846449,0.4690512088571013,False
0.3,3,balanced,0.5466608432310007,0.9547558282753864,0.4080949850443857,True
0.3,3,ldm,0.5339858451715797,0.9460931278792841,0.41210728270770447,True
0.3,3,sprl,0.556537611330217,0.9439025183686838,0.3873649070384668,True
0.3,4,raw,0.5136980873992674,0.920531128164697,0.4068330407654296,True
0.3,4,ae,0.5849134454677537,1.188521443911838,0.6036079984440842,True
0.3,4,vae,0.8543068002086384,1.3448551332720755,0.49054833306343715,False
0.3,4,contrastive,0.6912802979858035,1.1425770484141624,0.45129675042835893,True
0.3,4,balanced,0.48247396528977377,0.8990561314284685,0.41658216613869475,True
0.3,4,ldm,0.4984696968249926,0.9181792132605054,0.41970951643551285,True
0.3,4,sprl,0.4987541973315456,0.9040851904005857,0.4053309930690401,True
0.3,5,raw,0.47075730435857405,0.887257509100194,0.4165002047416199,True
0.3,5,ae,1.23259726253205,2.0507432197452022,0.8181459572131522,False
0.3,5,vae,0.8216353851102273,1.3084237747938212,0.48678838968359395,False
0.3,5,contrastive,0.9144026171966266,1.4701979552828122,0.5557953380861855,False
0.3,5,balanced,0.49682708070376363,0.9147471405965274,0.41792005989276376,True
0.3,5,ldm,0.4955650163496379,0.915585632693681,0.4200206163440431,True
0.3,5,sprl,0.418911612915675,0.8794142885811769,0.46050267566550185,True
0.3,6,raw,0.5388818521029021,0.9587687398174316,0.41988688771452953,True
0.3,6,ae,0.6528692888219817,1.2319911530389713,0.5791218642169896,True
0.3,6,vae,0.8670225818536135,1.3529676416539251,0.48594505980031166,False
0.3,6,contrastive,0.9787426063571606,1.5441832598417742,0.5654406534846136,False
0.3,6,balanced,0.5133984998062768,0.9179476862932463,0.40454918648696947,True
0.3,6,ldm,0.4892519507076,0.8977833689476434,0.4085314182400434,True
0.3,6,sprl,0.5379299509933445,0.9261456252050991,0.3882156742117546,True
0.3,7,raw,0.4149044584345018,0.8381937489535463,0.42328929051904446,True
0.3,7,ae,0.9639104323084634,1.67010180143986,0.7061913691313967,False
0.3,7,vae,0.7696422211620847,1.2457413184853832,0.47609909732329847,False
0.3,7,contrastive,0.895167686358897,1.5047043401507647,0.6095366537918677,False
0.3,7,balanced,0.45903698226049383,0.8704096153009199,0.41137263304042604,True
0.3,7,ldm,0.47594743064763323,0.862680462098897,0.3867330314512638,True
0.3,7,sprl,0.4718500101720356,0.8697705242568623,0.3979205140848267,True
0.3,8,raw,0.49672740312798086,0.8843002394604169,0.38757283633243605,True
0.3,8,ae,0.8459740648776547,1.4183903777618982,0.5724163128842435,False
0.3,8,vae,0.8353313279929322,1.3260822250657769,0.4907508970728447,False
0.3,8,contrastive,0.7708040109031874,1.251356599029448,0.48055258812626056,False
0.3,8,balanced,0.4447093147145636,0.8665690750583457,0.4218597603437821,True
0.3,8,ldm,0.42919897195417306,0.8532743212599606,0.42407534930578755,True
0.3,8,sprl,0.4572816323217685,0.856363858432967,0.39908222611119853,True
0.3,9,raw,0.507876088635339,0.9230220617441628,0.41514597310882384,True
0.3,9,ae,0.54821673879646,1.0688690794212412,0.5206523406247812,True
0.3,9,vae,0.8507033447479709,1.3369386769669744,0.4862353322190035,False
0.3,9,contrastive,0.8327348345208689,1.3119638895020707,0.4792290549812017,False
0.3,9,balanced,0.47289129015436876,0.8941825123654551,0.42129122221108634,True
0.3,9,ldm,0.47807419846896954,0.8980114026833628,0.41993720421439323,True
0.3,9,sprl,0.44279742878093836,0.8932081881627946,0.4504107593818562,True
0.3,10,raw,0.5282140565747758,0.955326796074565,0.42711273949978923,True
0.3,10,ae,0.9676307482339566,1.5365740431867854,0.5689432949528288,False
0.3,10,vae,0.8402680819123678,1.3059761029512753,0.4657080210389075,False
0.3,10,contrastive,0.8655048684536761,1.3709407439450434,0.5054358754913673,False
0.3,10,balanced,0.5239926342544479,0.9380539958292214,0.4140613615747736,True
0.3,10,ldm,0.5190613367407992,0.9391206207945124,0.4200592840537132,True
0.3,10,sprl,0.4921558953528182,0.9293303197473369,0.43717442439451876,True
0.3,11,raw,0.45694193087559953,0.8789538990041157,0.42201196812851616,True
0.3,11,ae,1.7792606546400955,3.105469279805728,1.3262086251656326,False
0.3,11,vae,0.834511599008831,1.336775616357122,0.5022640173482911,False
0.3,11,contrastive,0.7155856464103938,1.182489727314956,0.46690408090456215,False
0.3,11,balanced,0.5400879428182455,0.9653087067723812,0.42522076395413577,True
0.3,11,ldm,0.5389061410874296,0.9631668291853739,0.42426068809794426,True
0.3,11,sprl,0.42225512312330454,0.9142496917226179,0.4919945685993134,True
0.3,12,raw,0.6200193213389733,0.9983685041269967,0.37834918278802343,True
0.3,12,ae,0.883480507035872,1.3951529369120836,0.5116724298762116,False
0.3,12,vae,0.9121928801562702,1.3850691475115053,0.47287626735523514,False
0.3,12,contrastive,0.9577010345594168,1.4587920886593244,0.5010910540999076,False
0.3,12,balanced,0.5283903985897146,0.9260204711079159,0.39763007251820126,True
0.3,12,ldm,0.544753737706466,0.9173948969606532,0.3726411592541873,True
0.3,12,sprl,0.5451542831868096,0.9465628000014683,0.4014085168146587,True
0.3,13,raw,0.534147001694352,0.9644485219555406,0.4303015202611886,True
0.3,13,ae,1.1404311580541773,1.8422578659007494,0.7018267078465721,False
0.3,13,vae,0.8588616016215681,1.3458863272449257,0.48702472562335763,False
0.3,13,contrastive,0.8252192646031188,1.3116294935354036,0.4864102289322848,False
0.3,13,balanced,0.5315626053560693,0.9367812765718696,0.40521867121580035,True
0.3,13,ldm,0.4833815225015549,0.9093486164639369,0.425967093962382,True
0.3,13,sprl,0.5432960226368503,0.9434862700285861,0.4001902473917358,True
0.3,14,raw,0.48084880471806735,0.8988894943462267,0.4180406896281593,True
0.3,14,ae,0.9820888461775347,1.57935141714232,0.5972625709647853,False
0.3,14,vae,0.8314660554953193,1.3330170884423205,0.5015510329470012,False
0.3,14,contrastive,0.7142070558981624,1.184964973634827,0.47075791773666453,False
0.3,14,balanced,0.5022035460234291,0.9255531891308537,0.4233496431074246,True
0.3,14,ldm,0.5148935657901395,0.9132530525206727,0.39835948673053323,True
0.3,14,sprl,0.4621179095062491,0.9287554973587492,0.4666375878525001,True
0.3,15,raw,0.5206796703881337,0.9443488501464282,0.42366917975829455,True
0.3,15,ae,1.7603153050779379,2.978546591774811,1.2182312866968732,False
0.3,15,vae,0.8592156709030296,1.35929994739667,0.5000842764936404,False
0.3,15,contrastive,0.9124109172940529,1.4458446875045812,0.5334337702105283,False
0.3,15,balanced,0.5235266900240348,0.942822015343426,0.4192953253193912,True
0.3,15,ldm,0.5359454533455033,0.9559654056114189,0.4200199522659156,True
0.3,15,sprl,0.54484473114183,0.9441985584414692,0.3993538272996392,True
0.3,16,raw,0.5073358077740495,0.9116450752897819,0.4043092675157324,True
0.3,16,ae,0.8282435076785983,1.321491619814696,0.49324811213609765,False
0.3,16,vae,0.8213284991815235,1.2900712261468166,0.46874272696529307,False
0.3,16,contrastive,0.7838040384424617,1.2588248215993385,0.4750207831568768,False
0.3,16,balanced,0.5208426017501735,0.9346239537712215,0.41378135202104804,True
0.3,16,ldm,0.49182581297740635,0.9409419825525496,0.4491161695751432,True
0.3,16,sprl,0.543543520807128,0.9390204636005088,0.39547694279338086,True
0.3,17,raw,0.45788915102178096,0.8748419051433891,0.41695275412160815,True
0.3,17,ae,0.5867685021857061,1.122818258592735,0.536049756407029,True
0.3,17,vae,0.802270753143381,1.2935628901052714,0.49129213696189034,False
0.3,17,contrastive,0.7599714437377256,1.2423740292122756,0.48240258547454995,False
0.3,17,balanced,0.4505789436512772,0.8771167792411266,0.4265378355898494,True
0.3,17,ldm,0.46390440549514644,0.8846829270311857,0.42077852153603923,True
0.3,17,sprl,0.4691112368890588,0.8847011336300122,0.4155898967409534,True
0.3,18,raw,0.5072738524088997,0.9129666267457258,0.40569277433682616,True
0.3,18,ae,0.7364411733779836,1.208463688659523,0.4720225152815394,False
0.3,18,vae,0.8464619121418615,1.3408777577427657,0.49441584560090424,False
0.3,18,contrastive,0.8132090705435385,1.2953671444814416,0.4821580739379031,False
0.3,18,balanced,0.5212431113741525,0.9462424073328625,0.42499929595871,True
0.3,18,ldm,0.49999945565726905,0.9226459712927972,0.4226465156355282,True
0.3,18,sprl,0.4764114781996261,0.9335065364542902,0.45709505825466407,True
0.3,19,raw,0.4469773474244046,0.8357182830413763,0.3887409356169717,True
0.3,19,ae,0.8664254700933482,1.4470490796226951,0.5806236095293469,False
0.3,19,vae,0.7899091176572898,1.2745296482723552,0.4846205306150654,False
0.3,19,contrastive,0.9595554533686547,1.5883109989271167,0.628755545558462,False
0.3,19,balanced,0.48814204596790106,0.9086508846595153,0.4205088386916142,True
0.3,19,ldm,0.4186227819607966,0.8298025009388024,0.41117971897800576,True
0.3,19,sprl,0.49355069337782226,0.9025733227230623,0.4090226293452401,True
0.3,20,raw,0.5518107172609514,0.9855274972905183,0.4337167800295668,True
0.3,20,ae,1.197958091893509,1.9530549520753164,0.7550968601818073,False
0.3,20,vae,0.8868266806953187,1.377673359894604,0.4908466791992854,False
0.3,20,contrastive,0.862304850332426,1.3729491759118917,0.5106443255794657,False
0.3,20,balanced,0.5234448594126536,0.9263461301773422,0.4029012707646886,True
0.3,20,ldm,0.5173092805181941,0.9074033664369672,0.39009408591877304,True
0.3,20,sprl,0.5299118496178515,0.9333404678120975,0.4034286181942459,True
0.3,21,raw,0.46117434778465816,0.8855477773610546,0.42437342957639645,True
0.3,21,ae,0.5630993977082254,1.2497574100789466,0.6866580123707212,True
0.3,21,vae,0.7963713893333012,1.2830451832614478,0.4866737939281466,False
0.3,21,contrastive,0.82284579139677,1.3456283391492376,0.5227825477524676,False
0.3,21,balanced,0.46194123860092895,0.8892396997858217,0.4272984611848928,True
0.3,21,ldm,0.46633235859915895,0.8917694975016756,0.4254371389025166,True
0.3,21,sprl,0.49164501622768847,0.8912831288406887,0.39963811261300025,True
0.3,22,raw,0.5721588744241884,0.9952532634330863,0.42309438900889784,True
0.3,22,ae,1.0713045637968661,1.7152363447927357,0.6439317809958696,False
0.3,22,vae,0.9125185878732551,1.4179569599395911,0.505438372066336,False
0.3,22,contrastive,0.9490724528695839,1.5054008179581382,0.5563283650885543,False
0.3,22,balanced,0.5449441331625512,0.9539190659299469,0.4089749327673957,True
0.3,22,ldm,0.5663417749431882,0.9622501133428631,0.395908338399675,True
0.3,22,sprl,0.571430304865167,0.9630395964331144,0.39160929156794744,True
0.3,23,raw,0.4939199049704701,0.910288342994376,0.4163684380239059,True
0.3,23,ae,1.145086248533029,1.9814351825856595,0.8363489340526304,False
0.3,23,vae,0.8460955747033271,1.3571630848142744,0.5110675101109473,False
0.3,23,contrastive,0.6800223979051058,1.1412034193299332,0.4611810214248274,True
0.3,23,balanced,0.45985782815341264,0.8892756536373703,0.4294178254839576,True
0.3,23,ldm,0.46389764476080525,0.8904609719705473,0.42656332720974205,True
0.3,23,sprl,0.4758922078720458,0.900033259367097,0.4241410514950512,True
0.3,24,raw,0.42105811261192083,0.8681326211027767,0.44707450849085584,True
0.3,24,ae,0.986422938484902,1.7293820854012687,0.7429591469163667,False
0.3,24,vae,0.8023264964706787,1.3027176526863276,0.5003911562156489,False
0.3,24,contrastive,0.9731068610154605,1.603275148111067,0.6301682870956065,False
0.3,24,balanced,0.4899503933552933,0.9216736312048908,0.4317232378495975,True
0.3,24,ldm,0.5345263507335954,0.9306973602684914,0.3961710095348959,True
0.3,24,sprl,0.5093632018922416,0.9227673266628275,0.41340412477058586,True
0.3,25,raw,0.4804198614972361,0.9068598031819812,0.42643994168474514,True
0.3,25,ae,1.0578497561961304,1.7216291723740274,0.6637794161778969,False
0.3,25,vae,0.8232598566174217,1.3005172921242227,0.477257435506801,False
0.3,25,contrastive,0.828240983081717,1.325059048894352,0.4968180658126351,False
0.3,25,balanced,0.5025142959306556,0.9144096920361675,0.41189539610551196,True
0.3,25,ldm,0.5473984093759661,0.9402811417435464,0.3928827323675803,True
0.3,25,sprl,0.5196544984944099,0.9277815928509161,0.4081270943565062,True
0.3,26,raw,0.52112779968979,0.9288817716083093,0.40775397191851936,True
0.3,26,ae,0.6751760355766155,1.1811683791309315,0.505992343554316,True
0.3,26,vae,0.8541793618265449,1.3467353840115268,0.49255602218498196,False
0.3,26,contrastive,0.7811527026170522,1.258945021584848,0.4777923189677957,False
0.3,26,balanced,0.519023073970457,0.9200192071397536,0.4009961331692966,True
0.3,26,ldm,0.5368815736541044,0.9275440509288645,0.3906624772747601,True
0.3,26,sprl,0.5557353875905273,0.9503841357436568,0.39464874815312945,True
0.3,27,raw,0.5278781485323947,0.9173436551057234,0.3894655065733287,True
0.3,27,ae,0.9983007400977778,1.6244512862336673,0.6261505461358895,False
0.3,27,vae,0.8554142088859122,1.3491086044742757,0.4936943955883635,False
0.3,27,contrastive,0.7755029839996652,1.258859639233991,0.4833566552343258,False
0.3,27,balanced,0.5130329961947958,0.9370977606912962,0.42406476449650043,True
0.3,27,ldm,0.5028893356828247,0.944487728620195,0.44159839293737035,True
0.3,27,sprl,0.5566182173831351,0.964051503691445,0.4074332863083099,True
0.3,28,raw,0.4754415832957825,0.8908228724144052,0.41538128911862265,True
0.3,28,ae,0.7340309146066375,1.2740441306458001,0.5400132160391626,False
0.3,28,vae,0.810994618209736,1.284311795680485,0.4733171774707491,False
0.3,28,contrastive,0.7981090745221987,1.2897575464006072,0.49164847187840854,False
0.3,28,balanced,0.4905458923583668,0.9026361555959269,0.4120902632375601,True
0.3,28,ldm,0.48404189314586377,0.8976648665614503,0.4136229734155865,True
0.3,28,sprl,0.5419069691171909,0.9341699624357354,0.3922629933185444,True
0.3,29,raw,0.46657546371322867,0.9008619283334971,0.43428646462026843,True
0.3,29,ae,0.918936136205791,1.5075691311318646,0.5886329949260737,False
0.3,29,vae,0.8526209896284112,1.351591860383201,0.49897087075478974,False
0.3,29,contrastive,0.7921167009769521,1.3030132313074296,0.5108965303304775,False
0.3,29,balanced,0.5206230508279963,0.9402388512292899,0.41961580040129354,True
0.3,29,ldm,0.46513508895299127,0.9280911159901066,0.46295602703711536,True
0.3,29,sprl,0.4926310303082838,0.9258828587173743,0.4332518284090905,True
0.3,30,raw,0.45064217644952526,0.8833179775351931,0.4326758010856679,True
0.3,30,ae,0.7904281614666424,1.295229806491491,0.5048016450248487,False
0.3,30,vae,0.8243756232898366,1.3083799517321244,0.4840043284422878,False
0.3,30,contrastive,0.7631422572612196,1.2603580974732522,0.4972158402120326,False
0.3,30,balanced,0.5225366095617333,0.9328964133992171,0.4103598038374838,True
0.3,30,ldm,0.5135460128892477,0.9104812009967229,0.3969351881074752,True
0.3,30,sprl,0.42691229662609304,0.8936638392632819,0.4667515426371888,True
0.3,31,raw,0.47954189304935807,0.923660626810061,0.44411873376070293,True
0.3,31,ae,1.1142206689918226,1.8016815733201292,0.6874609043283066,False
0.3,31,vae,0.8471023709716484,1.3375956986833837,0.49049332771173526,False
0.3,31,contrastive,0.901332307180509,1.421988620019998,0.520656312839489,False
0.3,31,balanced,0.5168696996675121,0.9335310836445253,0.41666138397701324,True
0.3,31,ldm,0.5315262087366425,0.9407923120137117,0.40926610327706925,True
0.3,31,sprl,0.507620474241894,0.9438679982210091,0.43624752397911504,True
0.3,32,raw,0.5224532081333703,0.932860697145357,0.41040748901198676,True
0.3,32,ae,1.3149870952187521,2.172621623072261,0.8576345278535087,False
0.3,32,vae,0.8782754902290312,1.381773231679251,0.5034977414502199,False
0.3,32,contrastive,0.9375319162501888,1.4984685238567814,0.5609366076065926,False
0.3,32,balanced,0.5494418384657312,0.9657993566752986,0.41635751820956735,True
0.3,32,ldm,0.5118812808157898,0.948733128339291,0.43685184752350126,True
0.3,32,sprl,0.3770354909011778,0.8730690193517959,0.4960335284506181,True
0.3,33,raw,0.5287029317423315,0.9315892893899549,0.40288635764762337,True
0.3,33,ae,0.5956382386974713,1.2075442345453864,0.611905995847915,True
0.3,33,vae,0.8587499325543111,1.3386586247569265,0.47990869220261545,False
0.3,33,contrastive,0.7631273120416787,1.2315467717274855,0.4684194596858068,False
0.3,33,balanced,0.5317124697283909,0.9484458003633724,0.4167333306349815,True
0.3,33,ldm,0.5485117489994241,0.9412237616226147,0.39271201262319055,True
0.3,33,sprl,0.574148629662639,0.9638230846125593,0.38967445494992026,True
0.3,34,raw,0.509276066244827,0.9421235097496221,0.4328474435047951,True
0.3,34,ae,0.7847886413886219,1.362265187849424,0.5774765464608022,False
0.3,34,vae,0.8957421971507905,1.4278365739589982,0.5320943768082077,False
0.3,34,contrastive,0.8430178718562256,1.3927774660903047,0.5497595942340792,False
0.3,34,balanced,0.5217954029425936,0.9485956487429655,0.4268002458003719,True
0.3,34,ldm,0.46768770101856133,0.9404726323070074,0.47278493128844606,True
0.3,34,sprl,0.5492146459050982,0.9677483621783205,0.41853371627322233,True
0.3,35,raw,0.4474563626641236,0.8795947901920433,0.43213842752791976,True
0.3,35,ae,1.6373633465066308,2.7649497273640127,1.1275863808573818,False
0.3,35,vae,0.7913045481663905,1.2677680912112665,0.47646354304487604,False
0.3,35,contrastive,0.7057551991384212,1.1973602727282266,0.49160507358980543,False
0.3,35,balanced,0.49012236350016636,0.8932761101794704,0.40315374667930404,True
0.3,35,ldm,0.5150507238477258,0.904865647241167,0.38981492339344126,True
0.3,35,sprl,0.49483474659096127,0.8860284734160581,0.3911937268250968,True
0.3,36,raw,0.5533518118506277,0.9614984782457439,0.4081466663951162,True
0.3,36,ae,0.5731591586742664,1.0740724743347787,0.5009133156605123,True
0.3,36,vae,0.8757488429881876,1.3599197058107448,0.4841708628225573,False
0.3,36,contrastive,0.7363521691953291,1.196033088823302,0.45968091962797286,False
0.3,36,balanced,0.5121072851362072,0.9365892080305868,0.4244819228943796,True
0.3,36,ldm,0.5395760300765069,0.9466784043154024,0.4071023742388955,True
0.3,36,sprl,0.5721015257280353,0.9582158604863834,0.3861143347583481,True
0.3,37,raw,0.5771689814065988,0.9645048224656619,0.38733584105906316,True
0.3,37,ae,0.9484703822936965,1.594112038347335,0.6456416560536385,False
0.3,37,vae,0.9174097047348103,1.4353000656287935,0.5178903608939832,False
0.3,37,contrastive,1.0149922408036827,1.6173419291652376,0.6023496883615549,False
0.3,37,balanced,0.5047676072974359,0.9257360182548837,0.42096841095744786,True
0.3,37,ldm,0.4945898504502924,0.9112958984442685,0.4167060479939761,True
0.3,37,sprl,0.5212766191163241,0.9237874930558595,0.40251087393953544,True
0.3,38,raw,0.5209604077138817,0.9457521090319042,0.42479170131802246,True
0.3,38,ae,0.8627029696461895,1.3945737979197252,0.5318708282735357,False
0.3,38,vae,0.8652145866147676,1.3618347015066645,0.49662011489189695,False
0.3,38,contrastive,0.9162754363995815,1.450769011858642,0.5344935754590605,False
0.3,38,balanced,0.47910080709320557,0.8935264159482358,0.4144256088550302,True
0.3,38,ldm,0.4941649246620602,0.8868860381038312,0.39272111344177096,True
0.3,38,sprl,0.49414610318414326,0.8922637267112855,0.39811762352714225,True
0.3,39,raw,0.4690598250896721,0.8990393677160299,0.4299795426263578,True
0.3,39,ae,1.2627692888923094,2.185124672811215,0.9223553839189054,False
0.3,39,vae,0.8128267625255458,1.282456523418968,0.46962976089342223,False
0.3,39,contrastive,0.8150606191222667,1.2831857319016793,0.4681251127794126,False
0.3,39,balanced,0.5086488070580856,0.9130334757858949,0.4043846687278093,True
0.3,39,ldm,0.507600406523283,0.9182935958169797,0.4106931892936967,True
0.3,39,sprl,0.5206493475514103,0.9058748582207959,0.3852255106693856,True
0.3,40,raw,0.5360116186365608,0.9401440566966681,0.40413243806010735,True
0.3,40,ae,0.8490827215561799,1.4547786546038766,0.6056959330476966,False
0.3,40,vae,0.8568540310130242,1.339287103526307,0.4824330725132828,False
0.3,40,contrastive,0.8312761386195674,1.3236585192175863,0.49238238059801887,False
0.3,40,balanced,0.5186261199314246,0.9322990671657219,0.41367294723429726,True
0.3,40,ldm,0.516140784999913,0.9299816340221925,0.41384084902227947,True
0.3,40,sprl,0.5258368304102081,0.9209092352386746,0.3950724048284665,True
0.3,41,raw,0.3907546625974439,0.8405429566255121,0.44978829402806825,True
0.3,41,ae,1.016831273017039,1.6943596338533098,0.6775283608362708,False
0.3,41,vae,0.7937212351016214,1.3013344644646816,0.5076132293630602,False
0.3,41,contrastive,0.8312958876013625,1.3751108003298096,0.5438149127284471,False
0.3,41,balanced,0.4712760150175609,0.891186270350427,0.4199102553328661,True
0.3,41,ldm,0.4589603236512481,0.8906692251457278,0.43170890149447966,True
0.3,41,sprl,0.3748704459022537,0.8754500913920769,0.5005796454898231,True
0.3,42,raw,0.46330940989096864,0.8752168801689518,0.4119074702779832,True
0.3,42,ae,0.7635923986452547,1.2670680584121918,0.5034756597669371,False
0.3,42,vae,0.8043035130592121,1.2926199423397167,0.48831642928050456,False
0.3,42,contrastive,0.7592182206021676,1.2344651188123843,0.4752468982102167,False
0.3,42,balanced,0.49936635613412783,0.9222096878962986,0.4228433317621708,True
0.3,42,ldm,0.507201397474873,0.9305826646900252,0.4233812672151521,True
0.3,42,sprl,0.5219656222231577,0.9241612231925003,0.4021956009693426,True
0.3,43,raw,0.46765707147717656,0.8978321928424546,0.4301751213652781,True
0.3,43,ae,1.2040508743482587,1.9896401107212038,0.7855892363729451,False
0.3,43,vae,0.841044784881976,1.3307254694125394,0.48968068453056346,False
0.3,43,contrastive,0.8853450707352994,1.3945652566053781,0.5092201858700787,False
0.3,43,balanced,0.5078230878501605,0.9286585117035356,0.42083542385337513,True
0.3,43,ldm,0.5035827443608935,0.9113930642324148,0.4078103198715214,True
0.3,43,sprl,0.4718169627972452,0.9120637974766218,0.4402468346793766,True
0.3,44,raw,0.49491417323339465,0.9157784508156108,0.4208642775822162,True
0.3,44,ae,0.7949165501902408,1.3250699771355379,0.5301534269452971,False
0.3,44,vae,0.834719456331601,1.3258013469062768,0.4910818905746758,False
0.3,44,contrastive,0.8609694422499978,1.3585312006785681,0.4975617584285703,False
0.3,44,balanced,0.5363018405125817,0.950084961566141,0.4137831210535593,True
0.3,44,ldm,0.547128467484007,0.9400337518201688,0.3929052843361618,True
0.3,44,sprl,0.4795017730584873,0.9249290656472946,0.4454272925888073,True
0.3,45,raw,0.582083599771653,0.9941088356749033,0.41202523590325024,True
0.3,45,ae,0.6916817540720441,1.2870503635849202,0.5953686095128761,True
0.3,45,vae,0.8953543193202653,1.3887370203112772,0.4933827009910119,False
0.3,45,contrastive,0.8558562868309239,1.3350604093133789,0.47920412248245503,False
0.3,45,balanced,0.5478018313001143,0.9608999379636071,0.4130981066634928,True
0.3,45,ldm,0.5465840621652779,0.96214337371053,0.41555931154525216,True
0.3,45,sprl,0.5795131627888337,0.9790225962854265,0.39950943349659285,True
0.3,46,raw,0.5739051988122578,0.9768900228671591,0.4029848240549013,True
0.3,46,ae,1.1044739901968765,1.7851455676697865,0.68067157747291,False
0.3,46,vae,0.9252570968285645,1.4474214769094562,0.5221643800808917,False
0.3,46,contrastive,1.0020382194219213,1.588262449845805,0.5862242304238836,False
0.3,46,balanced,0.5034119441832978,0.9265925506641676,0.42318060648086975,True
0.3,46,ldm,0.5398497989167891,0.9334129537766139,0.39356315485982485,True
0.3,46,sprl,0.5220195085590019,0.9657870418719604,0.4437675333129585,True
0.3,47,raw,0.5817479835783993,0.9888205857394708,0.40707260216107155,True
0.3,47,ae,1.026652797089731,1.619288798125237,0.5926360010355061,False
0.3,47,vae,0.916522998452574,1.423730701341182,0.507207702888608,False
0.3,47,contrastive,0.9829630831167478,1.5348166519679387,0.5518535688511909,False
0.3,47,balanced,0.5418807631221051,0.9624479411001674,0.4205671779780623,True
0.3,47,ldm,0.5651510127131937,0.9709473724853196,0.4057963597721259,True
0.3,47,sprl,0.5308944681057804,0.9411891518068627,0.41029468370108224,True
0.3,48,raw,0.46800009275448445,0.8838086240224801,0.4158085312679956,True
0.3,48,ae,0.818520840527968,1.4331223717947266,0.6146015312667585,False
0.3,48,vae,0.8158358586680002,1.3117919719429563,0.49595611327495603,False
0.3,48,contrastive,0.8608148249888964,1.4278648627750112,0.5670500377861148,False
0.3,48,balanced,0.467631724669384,0.8857779220576747,0.4181461973882907,True
0.3,48,ldm,0.4499159386064482,0.8653768632230385,0.41546092461659034,True
0.3,48,sprl,0.4817208552190967,0.8868751212178482,0.4051542659987515,True
0.3,49,raw,0.5128995531042276,0.9083359750705222,0.3954364219662946,True
0.3,49,ae,0.8087077718528004,1.297176899395449,0.4884691275426485,False
0.3,49,vae,0.7973510889460113,1.2448442785939164,0.4474931896479052,False
0.3,49,contrastive,0.8379733234721091,1.3095282103741268,0.47155488690201774,False
0.3,49,balanced,0.49894547819604496,0.9035108375805346,0.4045653593844897,True
0.3,49,ldm,0.4911447060451041,0.9013537329118615,0.4102090268667574,True
0.3,49,sprl,0.5092034167481954,0.8859640319320744,0.37676061518387904,True
0.3,50,raw,0.4998833858117313,0.9490634079943233,0.449180022182592,True
0.3,50,ae,0.6123267214662114,1.1787912650546943,0.566464543588483,True
0.3,50,vae,0.8659975389075131,1.3616967503936868,0.4956992114861737,False
0.3,50,contrastive,0.8584655221126551,1.3583575453185648,0.49989202320590964,False
0.3,50,balanced,0.5530206313925473,0.9657631907836185,0.4127425593910712,True
0.3,50,ldm,0.5580391405669302,0.9603074814509928,0.4022683408840626,True
0.3,50,sprl,0.5551097600425446,0.9688976624505234,0.4137879024079788,True
0.3,51,raw,0.5190190036102178,0.9373151041707887,0.41829610056057087,True
0.3,51,ae,0.7620917453973416,1.2608571993503248,0.4987654539529832,False
0.3,51,vae,0.8724978712356986,1.3738069941875315,0.5013091229518329,False
0.3,51,contrastive,0.7637996401659086,1.2573039327826223,0.4935042926167137,False
0.3,51,balanced,0.5355378015484326,0.9586145202243788,0.4230767186759462,True
0.3,51,ldm,0.5499255662440864,0.9437868528232197,0.39386128657913333,True
0.3,51,sprl,0.5687054947427364,0.968269755058999,0.3995642603162627,True
0.3,52,raw,0.4417236908771869,0.8382733791952116,0.39654968831802473,True
0.3,52,ae,0.9335707870148426,1.5604650929439343,0.6268943059290917,False
0.3,52,vae,0.7827023975850773,1.2447985558932413,0.462096158308164,False
0.3,52,contrastive,0.815139461491927,1.3002251125658,0.485085651073873,False
0.3,52,balanced,0.4920092280323156,0.9065866280605928,0.41457740002827714,True
0.3,52,ldm,0.49376104981403635,0.8880516966251529,0.3942906468111166,True
0.3,52,sprl,0.47190313887420016,0.8568322151453125,0.38492907627111234,True
0.3,53,raw,0.5000912537853728,0.9417820185034663,0.44169076471809354,True
0.3,53,ae,0.9046996163426003,1.5295035186387753,0.624803902296175,False
0.3,53,vae,0.8493595888347216,1.3258505520124426,0.476490963177721,False
0.3,53,contrastive,0.8629829726923727,1.355507243944555,0.49252427125218234,False
0.3,53,balanced,0.545774533247428,0.9601341129198452,0.4143595796724172,True
0.3,53,ldm,0.5666337421666895,0.9707438068669839,0.4041100647002944,True
0.3,53,sprl,0.498090036626158,0.9403857205091474,0.4422956838829894,True
0.3,54,raw,0.50077524932088,0.9462683099608176,0.44549306063993754,True
0.3,54,ae,1.2285529223281,2.0457719548694957,0.8172190325413957,False
0.3,54,vae,0.8655980362178085,1.369613783950343,0.5040157477325345,False
0.3,54,contrastive,0.9401200525706636,1.5075656296058375,0.567445577035174,False
0.3,54,balanced,0.5098939054587658,0.9158223480438006,0.4059284425850348,True
0.3,54,ldm,0.5185819809759964,0.9400703090524146,0.42148832807641823,True
0.3,54,sprl,0.4684595122575975,0.8869886597677232,0.4185291475101257,True
0.3,55,raw,0.46015146557137104,0.8923112053230394,0.4321597397516684,True
0.3,55,ae,0.5126439304935584,1.0394193444980278,0.5267754140044694,True
0.3,55,vae,0.789358035550561,1.2448670819812917,0.45550904643073065,False
0.3,55,contrastive,0.5836094470791756,1.0473582343071983,0.4637487872280227,True
0.3,55,balanced,0.49565106747104926,0.8982359670051597,0.4025848995341105,True
0.3,55,ldm,0.49585037509697566,0.8904494820781913,0.39459910698121564,True
0.3,55,sprl,0.504411856701943,0.8925461140453858,0.38813425734344276,True
0.3,56,raw,0.579250401485995,1.0048547174860365,0.42560431600004145,True
0.3,56,ae,1.4580822050375033,2.4072458806925154,0.9491636756550121,False
0.3,56,vae,0.9082575102287342,1.402773870136952,0.49451635990821785,False
0.3,56,contrastive,0.9511957969079754,1.4964747774025375,0.5452789804945621,False
0.3,56,balanced,0.5389207945738502,0.947100837803413,0.4081800432295628,True
0.3,56,ldm,0.5274818874353893,0.9350987885628576,0.4076169011274683,True
0.3,56,sprl,0.5604613628282588,0.9641157064201005,0.4036543435918417,True
0.3,57,raw,0.551675254140698,0.9714933121283408,0.4198180579876428,True
0.3,57,ae,0.860585362682665,1.4159684225586324,0.5553830598759675,False
0.3,57,vae,0.8570710192593911,1.3244822327744499,0.46741121351505877,False
0.3,57,contrastive,0.8633337026294771,1.3452509687717618,0.4819172661422847,False
0.3,57,balanced,0.5305261203194462,0.9293790914100922,0.398852971090646,True
0.3,57,ldm,0.5434276329165184,0.9378191730713119,0.3943915401547935,True
0.3,57,sprl,0.5425464313151334,0.9230699915569578,0.38052356024182443,True
0.3,58,raw,0.44525843873414506,0.867218445493917,0.42196000675977197,True
0.3,58,ae,1.0560917216911474,1.7450575437247604,0.688965822033613,False
0.3,58,vae,0.817729979214884,1.318391785193231,0.500661805978347,False
0.3,58,contrastive,0.8536101988765183,1.3936869953088389,0.5400767964323205,False
0.3,58,balanced,0.4934258396788786,0.9181866299715362,0.4247607902926576,True
0.3,58,ldm,0.47945090489250314,0.9056568032163083,0.4262058983238051,True
0.3,58,sprl,0.47108787603735863,0.8979756126351752,0.4268877365978166,True
0.3,59,raw,0.48835826105224567,0.8842374670099138,0.3958792059576681,True
0.3,59,ae,0.6816381434545434,1.15426846245779,0.4726303190032465,True
0.3,59,vae,0.8318669392694852,1.3142036256099638,0.48233668634047866,False
0.3,59,contrastive,0.8045530301345782,1.3039100170809608,0.49935698694638253,False
0.3,59,balanced,0.5377563988648236,0.95244866977497,0.4146922709101464,True
0.3,59,ldm,0.5649938586272601,0.9559358338178372,0.39094197519057705,True
0.3,59,sprl,0.46297983031464207,0.9160895258997954,0.45310969558515335,True
0.3,60,raw,0.4136898963355247,0.8371595891419457,0.42346969280642094,True
0.3,60,ae,0.5388838276630579,1.0823084791760085,0.5434246515129506,True
0.3,60,vae,0.7475790811062483,1.2186148988786618,0.47103581777241355,False
0.3,60,contrastive,0.6757189012840483,1.1716744181546939,0.49595551687064554,True
0.3,60,balanced,0.43597071155602035,0.8459375640157341,0.4099668524597137,True
0.3,60,ldm,0.46780231590877613,0.8347779953418376,0.3669756794330615,True
0.3,60,sprl,0.43059787078097306,0.833012933136999,0.4024150623560259,True
0.3,61,raw,0.5820057807095745,0.9697417265363647,0.38773594582679016,True
0.3,61,ae,1.1447280192934894,1.855693344569355,0.7109653252758656,False
0.3,61,vae,0.8994986609615953,1.3988399832283844,0.4993413222667892,False
0.3,61,contrastive,0.9666479702480832,1.5232205720616094,0.5565726018135262,False
0.3,61,balanced,0.5560795152063936,0.9738817467334693,0.41780223152707563,True
0.3,61,ldm,0.5166041422031862,0.9549242207425461,0.43832007853935995,True
0.3,61,sprl,0.5832835032903114,0.9735882672786552,0.3903047639883438,True
0.3,62,raw,0.5164513279067774,0.9100128842735112,0.39356155636673384,True
0.3,62,ae,1.0643098125746566,1.7171869845554866,0.65287717198083,False
0.3,62,vae,0.8709744245810122,1.3749598734617294,0.5039854488807173,False
0.3,62,contrastive,0.8979633921142038,1.425589888257722,0.5276264961435182,False
0.3,62,balanced,0.508185644730119,0.9382660488860783,0.4300804041559594,True
0.3,62,ldm,0.5253917554951485,0.9126702443194923,0.3872784888243438,True
0.3,62,sprl,0.48133975915055033,0.9037512334162411,0.42241147426569076,True
0.3,63,raw,0.4446856108118227,0.8467080017457469,0.4020223909339242,True
0.3,63,ae,0.863614789808754,1.4119271977336165,0.5483124079248626,False
0.3,63,vae,0.8081015330047134,1.3131739331535501,0.5050724001488367,False
0.3,63,contrastive,0.8448986824016876,1.3923702569698406,0.547471574568153,False
0.3,63,balanced,0.4840141855439213,0.9089061085171605,0.4248919229732392,True
0.3,63,ldm,0.5005919928818969,0.8874290975987509,0.38683710471685395,True
0.3,63,sprl,0.4934868033729058,0.9062838072774917,0.4127970039045859,True
0.3,64,raw,0.48353621498726634,0.9059955759020366,0.42245936091477027,True
0.3,64,ae,1.1818634599971267,1.932962809742222,0.7510993497450953,False
0.3,64,vae,0.8589950360266019,1.3791702612880106,0.5201752252614087,False
0.3,64,contrastive,0.9295556159013326,1.5054534721185728,0.5758978562172402,False
0.3,64,balanced,0.4960499834960412,0.9310888527357521,0.43503886923971097,True
0.3,64,ldm,0.544047865018154,0.9537630878485476,0.4097152228303935,True
0.3,64,sprl,0.5189809379576148,0.9361660467607604,0.41718510880314563,True
0.3,65,raw,0.41550287407067354,0.8419682002431542,0.4264653261724807,True
0.3,65,ae,0.6798499798220398,1.1937428065120503,0.5138928266900106,True
0.3,65,vae,0.7754366798269322,1.2634522442030123,0.48801556437608007,False
0.3,65,contrastive,0.749252915175496,1.2502662257045514,0.5010133105290554,False
0.3,65,balanced,0.4604274162450888,0.8899054238353936,0.4294780075903048,True
0.3,65,ldm,0.45061043454962074,0.8817215599245075,0.43111112537488677,True
0.3,65,sprl,0.47812541608925,0.885126763901921,0.407001347812671,True
0.3,66,raw,0.5155160303806581,0.9325057005667877,0.41698967018612965,True
0.3,66,ae,0.779238123772503,1.2726333610231169,0.49339523725061385,False
0.3,66,vae,0.8462433405556123,1.344958810580433,0.49871547002482075,False
0.3,66,contrastive,0.8053124737040159,1.30294367599217,0.49763120228815405,False
0.3,66,balanced,0.4914179532407481,0.905710529029998,0.41429257578924994,True
0.3,66,ldm,0.4833036532940483,0.898793680183839,0.4154900268897907,True
0.3,66,sprl,0.493716112326449,0.9341177145266821,0.4404016022002331,True
0.3,67,raw,0.5529659067942574,0.9578640693061512,0.4048981625118938,True
0.3,67,ae,0.8816196744096438,1.3767173709136828,0.495097696504039,False
0.3,67,vae,0.8639224993182277,1.3341023906541398,0.4701798913359121,False
0.3,67,contrastive,0.8774954882963255,1.3729354278782118,0.49543993958188626,False
0.3,67,balanced,0.5466170275690397,0.9536199956907702,0.4070029681217304,True
0.3,67,ldm,0.5090602347633701,0.9643823033003347,0.45532206853696455,True
0.3,67,sprl,0.5813457412320757,0.9589405396259255,0.3775947983938498,True
0.3,68,raw,0.4903099657383805,0.9278834887066503,0.4375735229682698,True
0.3,68,ae,0.78025058664112,1.2853970857091521,0.5051464990680321,False
0.3,68,vae,0.8421163498523397,1.3383265368601294,0.4962101870077896,False
0.3,68,contrastive,0.8692727731711988,1.3911634217317834,0.5218906485605846,False
0.3,68,balanced,0.49592471200424026,0.9163277494645227,0.4204030374602824,True
0.3,68,ldm,0.5218784661383298,0.9215079057896004,0.3996294396512706,True
0.3,68,sprl,0.4103021374877191,0.8650424306436897,0.4547402931559706,True
0.3,69,raw,0.45898895387069233,0.8803384347068465,0.42134948083615414,True
0.3,69,ae,0.8781403950074695,1.4524821128973042,0.5743417178898347,False
0.3,69,vae,0.8194836184959026,1.320435678721561,0.5009520602256584,False
0.3,69,contrastive,0.8816341793873016,1.4207377805170474,0.5391036011297458,False
0.3,69,balanced,0.4592044230762957,0.8840854183103307,0.424880995234035,True
0.3,69,ldm,0.46293586054807384,0.8903074264384664,0.42737156589039255,True
0.3,69,sprl,0.48597782643900045,0.8954473205275346,0.40946949408853417,True
0.3,70,raw,0.5371593500881024,0.963052844219337,0.42589349413123456,True
0.3,70,ae,0.7479983158998906,1.2573120117893326,0.509313695889442,False
0.3,70,vae,0.8888564994795494,1.3977139464083557,0.5088574469288063,False
0.3,70,contrastive,0.8175201599915226,1.3082885315059447,0.4907683715144221,False
0.3,70,balanced,0.5091502520688387,0.9381532774304698,0.42900302536163115,True
0.3,70,ldm,0.48180119030498547,0.9283946494510344,0.446593459146049,True
0.3,70,sprl,0.5464918857898596,0.9562278469382473,0.4097359611483876,True
0.3,71,raw,0.4825528668950738,0.8883703441537427,0.4058174772586689,True
0.3,71,ae,0.9629792154445839,1.5921173777340638,0.6291381622894799,False
0.3,71,vae,0.8139681943178759,1.2861044049078083,0.4721362105899324,False
0.3,71,contrastive,0.763487004945195,1.2293207090190943,0.46583370407389935,False
0.3,71,balanced,0.5028543558017631,0.906435926456738,0.4035815706549749,True
0.3,71,ldm,0.5324939638038457,0.8836151012642877,0.35112113746044193,True
0.3,71,sprl,0.4768722782855296,0.9079146203414604,0.43104234205593084,True
0.3,72,raw,0.5593696755945041,0.9903486410202711,0.43097896542576697,True
0.3,72,ae,1.0281423765683555,1.688661416709045,0.6605190401406895,False
0.3,72,vae,0.8956691255151913,1.3903834312233783,0.494714305708187,False
0.3,72,contrastive,0.8375685222767599,1.306144470040646,0.468575947763886,False
0.3,72,balanced,0.5147600172806317,0.9347181847022803,0.4199581674216486,True
0.3,72,ldm,0.5024051422609666,0.9406318323324689,0.4382266900715024,True
0.3,72,sprl,0.5089540812529914,0.9393070554376509,0.43035297418465956,True
0.3,73,raw,0.4860554556953788,0.8765838111606892,0.3905283554653104,True
0.3,73,ae,0.80209969824876,1.3479916251191735,0.5458919268704134,False
0.3,73,vae,0.8176800320426387,1.303846475802164,0.4861664437595252,False
0.3,73,contrastive,0.7951449126589055,1.2715330213580853,0.4763881086991798,False
0.3,73,balanced,0.5082114472506344,0.9258854395801956,0.41767399232956126,True
0.3,73,ldm,0.5211157769828478,0.9582828910621907,0.43716711407934283,True
0.3,73,sprl,0.5299706964700658,0.9357115261426414,0.40574082967257563,True
0.3,74,raw,0.5654485079711917,0.9730168393691191,0.40756833139792736,True
0.3,74,ae,0.9058563688448951,1.4364306240420353,0.5305742551971402,False
0.3,74,vae,0.914323539549899,1.418414177542014,0.5040906379921151,False
0.3,74,contrastive,0.8550919899615774,1.367239112724551,0.5121471227629735,False
0.3,74,balanced,0.5435056680856168,0.9589047606045057,0.41539909251888885,True
0.3,74,ldm,0.541560241884654,0.933846208011403,0.39228596612674893,True
0.3,74,sprl,0.5676220158323966,0.9665802378300312,0.39895822199763464,True
0.3,75,raw,0.6041920640944558,1.0245945723731837,0.42040250827872794,True
0.3,75,ae,0.8635687546291386,1.4046272206684742,0.5410584660393356,False
0.3,75,vae,0.9708135560410219,1.5072513125394869,0.5364377564984649,False
0.3,75,contrastive,0.8717496081850277,1.387192581587111,0.5154429734020832,False
0.3,75,balanced,0.5389924773021796,0.9666833691144089,0.4276908918122293,True
0.3,75,ldm,0.5641044675408518,0.9856486703074515,0.42154420276659976,True
0.3,75,sprl,0.5607910477254976,0.9752586436562,0.41446759593070237,True
0.3,76,raw,0.5532471367314578,0.9656779884525746,0.4124308517211168,True
0.3,76,ae,0.9843137184276668,1.6588575797858889,0.6745438613582221,False
0.3,76,vae,0.8780024989116427,1.370733910042863,0.4927314111312203,False
0.3,76,contrastive,0.8653378111627309,1.387106070710771,0.5217682595480401,False
0.3,76,balanced,0.5283221298682104,0.927693131951716,0.3993710020835056,True
0.3,76,ldm,0.5225603727722657,0.9175324573555969,0.3949720845833311,True
0.3,76,sprl,0.48211158239318647,0.9511822883826982,0.4690707059895118,True
0.3,77,raw,0.5349129059792225,0.9634683573978784,0.4285554514186559,True
0.3,77,ae,1.3050500280896264,2.2443086319658416,0.9392586038762152,False
0.3,77,vae,0.8480028398212005,1.3104875477127687,0.46248470789156815,False
0.3,77,contrastive,0.8935310313617331,1.4323289719472752,0.5387979405855421,False
0.3,77,balanced,0.5259067286787885,0.9157249979017086,0.38981826922292007,True
0.3,77,ldm,0.4837623833614177,0.9046737684892203,0.42091138512780263,True
0.3,77,sprl,0.5237173219379365,0.8914364931197604,0.36771917118182385,True
0.3,78,raw,0.4791071577638573,0.8987819800196645,0.41967482225580716,True
0.3,78,ae,1.1768182281654993,1.9317036681826862,0.7548854400171869,False
0.3,78,vae,0.8218993348511191,1.3081889654733925,0.48628963062227337,False
0.3,78,contrastive,0.7956454617567282,1.283289520689851,0.4876440589331227,False
0.3,78,balanced,0.5189336395533933,0.9355880440832676,0.41665440452987423,True
0.3,78,ldm,0.47059438803787695,0.9441787831201512,0.4735843950822743,True
0.3,78,sprl,0.5109621504694901,0.9357797469081488,0.4248175964386587,True
0.3,79,raw,0.4521880730379542,0.8484307481308558,0.3962426750929016,True
0.3,79,ae,1.0027909388064509,1.6479942139307964,0.6452032751243455,False
0.3,79,vae,0.8476486719129768,1.3722100705485827,0.5245613986356059,False
0.3,79,contrastive,0.8981628249556556,1.4716253390054244,0.5734625140497688,False
0.3,79,balanced,0.44998445260996306,0.8840864096463626,0.4341019570363996,True
0.3,79,ldm,0.494729402102239,0.8794317844833504,0.3847023823811114,True
0.3,79,sprl,0.45938052707581645,0.8756349576031421,0.4162544305273257,True
0.3,80,raw,0.49616204938689434,0.8796489880217978,0.38348693863490346,True
0.3,80,ae,0.9853431033815894,1.6879306832458585,0.7025875798642691,False
0.3,80,vae,0.8255009767209495,1.3217991876631858,0.49629821094223636,False
0.3,80,contrastive,0.8306600804913136,1.3355353065660431,0.5048752260747296,False
0.3,80,balanced,0.48460277677717367,0.9021426590915428,0.4175398823143691,True
0.3,80,ldm,0.4578032590764954,0.8585997004860816,0.4007964414095862,True
0.3,80,sprl,0.49994178297115177,0.9271448710946982,0.42720308812354646,True
0.3,81,raw,0.46367939448044043,0.8872826170782271,0.42360322259778665,True
0.3,81,ae,0.7964552793135242,1.321038559470348,0.5245832801568238,False
0.3,81,vae,0.8364202300576326,1.3397129882583436,0.5032927582007111,False
0.3,81,contrastive,0.8346417050869964,1.3772778873259903,0.5426361822389939,False
0.3,81,balanced,0.5101612073340218,0.9360852779233428,0.425924070589321,True
0.3,81,ldm,0.5192138818810692,0.9443937286247128,0.4251798467436436,True
0.3,81,sprl,0.5280111124503412,0.9346273586376068,0.40661624618726566,True
0.3,82,raw,0.5545968843338671,0.9507094523379331,0.396112568004066,True
0.3,82,ae,1.1379526434435119,1.8736644193270855,0.7357117758835736,False
0.3,82,vae,0.8729556484718342,1.3597579093030603,0.48680226083122613,False
0.3,82,contrastive,0.8731525236365145,1.3729705814442543,0.4998180578077398,False
0.3,82,balanced,0.4906052930050722,0.8937395865040806,0.40313429349900837,True
0.3,82,ldm,0.5103749260973457,0.8969646561713693,0.38658973007402364,True
0.3,82,sprl,0.518007752149485,0.8977683405683321,0.3797605884188471,True
0.3,83,raw,0.4824972105096349,0.9228070715817059,0.44030986107207104,True
0.3,83,ae,1.0656407796223604,1.763551832588622,0.6979110529662615,False
0.3,83,vae,0.8380528533708382,1.3255306443512223,0.487477790980384,False
0.3,83,contrastive,0.8235903980138428,1.3206035412510972,0.49701314323725443,False
0.3,83,balanced,0.4934939282168605,0.9045483993771198,0.41105447116025934,True
0.3,83,ldm,0.4844747780351505,0.9080452101472296,0.4235704321120791,True
0.3,83,sprl,0.41071883707390244,0.8797191972375189,0.46900036016361646,True
0.3,84,raw,0.5681488880947789,0.9756991177324486,0.4075502296376696,True
0.3,84,ae,1.202032964514596,2.1481971568918383,0.9461641923772424,False
0.3,84,vae,0.8750494652001762,1.3607673995456626,0.4857179343454864,False
0.3,84,contrastive,0.9796071999574982,1.5657260214895328,0.5861188215320345,False
0.3,84,balanced,0.4946217218020228,0.8978119450324037,0.4031902232303809,True
0.3,84,ldm,0.474557676087212,0.8685236797643523,0.3939660036771403,True
0.3,84,sprl,0.48233654965001876,0.9141371238402338,0.43180057419021506,True
0.3,85,raw,0.4682421173413403,0.907345814581479,0.4391036972401387,True
0.3,85,ae,0.5776127801774324,1.135511405174704,0.5578986249972715,True
0.3,85,vae,0.8328488625127451,1.3133535639111118,0.48050470139836665,False
0.3,85,contrastive,0.7910384379621815,1.2803320011357384,0.4892935631735569,False
0.3,85,balanced,0.48022380519590624,0.8911821643879757,0.41095835919206947,True
0.3,85,ldm,0.480379092906804,0.8966941555852209,0.41631506267841695,True
0.3,85,sprl,0.5069554874077447,0.903717082745441,0.3967615953376964,True
0.3,86,raw,0.44903695810554617,0.8724068685675995,0.42336991046205336,True
0.3,86,ae,0.7962727422661817,1.4341043531296505,0.6378316108634687,False
0.3,86,vae,0.7859207720956468,1.2790709421291446,0.4931501700334978,False
0.3,86,contrastive,0.8170847749206012,1.325631361484225,0.5085465865636238,False
0.3,86,balanced,0.4417065343959721,0.8654922649522525,0.42378573055628044,True
0.3,86,ldm,0.41199039839278756,0.8636582936627707,0.45166789526998313,True
0.3,86,sprl,0.4687564561928448,0.8708337888316062,0.40207733263876144,True
0.3,87,raw,0.484071489753973,0.9179972588895252,0.4339257691355522,True
0.3,87,ae,0.9360888384703135,1.547186415370468,0.6110975769001544,False
0.3,87,vae,0.8352778800891246,1.3346380230366157,0.4993601429474911,False
0.3,87,contrastive,0.667990419192343,1.1333357579114642,0.4653453387191212,True
0.3,87,balanced,0.482864123211078,0.8960845144216746,0.41322039121059656,True
0.3,87,ldm,0.4757888134746929,0.8854062387505249,0.40961742527583206,True
0.3,87,sprl,0.40491173156820953,0.8679800252225987,0.4630682936543891,True
0.3,88,raw,0.5881021703604876,0.9906829535405175,0.4025807831800299,True
0.3,88,ae,0.26682059746951425,1.014035413767186,0.7472148162976718,True
0.3,88,vae,0.91164270080514,1.3952133425379016,0.48357064173276165,False
0.3,88,contrastive,0.7768774423133649,1.229341872072368,0.45246442975900303,False
0.3,88,balanced,0.5536493819664647,0.9525436358803093,0.3988942539138446,True
0.3,88,ldm,0.5391752198982982,0.959100258309003,0.41992503841070483,True
0.3,88,sprl,0.5532419586981159,0.9385362960353945,0.3852943373372786,True
0.3,89,raw,0.4309659954599869,0.8744694990813874,0.4435035036214005,True
0.3,89,ae,0.7882432816050686,1.2786761013013959,0.49043281969632724,False
0.3,89,vae,0.7926007692435096,1.280675964857323,0.4880751956138133,False
0.3,89,contrastive,0.6836651094677838,1.1496621719482396,0.4659970624804558,True
0.3,89,balanced,0.4822466753922416,0.8973871657878418,0.41514049039560025,True
0.3,89,ldm,0.4662012590654028,0.8684419466244785,0.4022406875590757,True
0.3,89,sprl,0.42945320450335767,0.8688784618947007,0.4394252573913431,True
0.3,90,raw,0.4793265871452373,0.8942096572622746,0.41488307011703734,True
0.3,90,ae,0.8918663763843204,1.5027096004723488,0.6108432240880284,False
0.3,90,vae,0.8184669476141466,1.2953475805774886,0.47688063296334193,False
0.3,90,contrastive,0.801702832195606,1.2797434580303162,0.4780406258347102,False
0.3,90,balanced,0.5286253820569,0.9313976448724685,0.40277226281556844,True
0.3,90,ldm,0.49734699744643457,0.9119075271041743,0.41456052965773976,True
0.3,90,sprl,0.4636704429144109,0.8899771192184064,0.4263066763039955,True
0.3,91,raw,0.5626879075199358,0.9501444532029418,0.387456545683006,True
0.3,91,ae,0.5977801512687749,1.1377021096947935,0.5399219584260185,True
0.3,91,vae,0.8922920164393506,1.3976950728034623,0.5054030563641116,False
0.3,91,contrastive,0.8442085176801888,1.3389438907079039,0.4947353730277151,False
0.3,91,balanced,0.5487187018740302,0.9697991370060947,0.4210804351320645,True
0.3,91,ldm,0.5567456591620111,0.9645215339107355,0.40777587474872434,True
0.3,91,sprl,0.5468813060738301,0.9584541822452116,0.4115728761713815,True
0.3,92,raw,0.5449395315397123,0.9546870582587681,0.4097475267190558,True
0.3,92,ae,0.7400177397239375,1.229476210892953,0.4894584711690154,False
0.3,92,vae,0.8945544876933945,1.3975868580141848,0.5030323703207903,False
0.3,92,contrastive,0.7589889664077049,1.2279353918793499,0.468946425471645,False
0.3,92,balanced,0.5056632993552562,0.9214082160731889,0.4157449167179327,True
0.3,92,ldm,0.4968450843430718,0.9148394417248783,0.4179943573818065,True
0.3,92,sprl,0.48460927009835175,0.9252013295273186,0.44059205942896684,True
0.3,93,raw,0.46085488863763396,0.8817713747194299,0.42091648608179594,True
0.3,93,ae,0.7064314672154127,1.2395868115664412,0.5331553443510285,False
0.3,93,vae,0.8150683799325145,1.3188075413547657,0.5037391614222513,False
0.3,93,contrastive,0.7769493924895985,1.2622870297401543,0.4853376372505558,False
0.3,93,balanced,0.4781640187259299,0.9006999854838937,0.42253596675796384,True
0.3,93,ldm,0.5123132924619123,0.9049625984697305,0.3926493060078182,True
0.3,93,sprl,0.46382876927239575,0.9125886998452206,0.44875993057282487,True
0.3,94,raw,0.4786748919906461,0.9195967249855644,0.44092183299491833,True
0.3,94,ae,0.7926964821140479,1.29709015242707,0.5043936703130221,False
0.3,94,vae,0.8202281797010006,1.312843346701267,0.4926151670002664,False
0.3,94,contrastive,0.8277758812332302,1.3118467142443226,0.48407083301109244,False
0.3,94,balanced,0.49705770937157506,0.9114000538593762,0.4143423444878011,True
0.3,94,ldm,0.4838454047275416,0.9116417598210864,0.4277963550935448,True
0.3,94,sprl,0.4453734296929836,0.9026089213143609,0.4572354916213773,True
0.3,95,raw,0.4783588791110794,0.9130526110150698,0.43469373190399047,True
0.3,95,ae,1.1871161771301526,1.9492325896274283,0.7621164124972757,False
0.3,95,vae,0.8226784862591497,1.3127211256966607,0.4900426394375109,False
0.3,95,contrastive,0.8489101880925533,1.3731134778437644,0.5242032897512111,False
0.3,95,balanced,0.49086316486600245,0.9051823416947257,0.4143191768287232,True
0.3,95,ldm,0.4993526397735417,0.8959554422998952,0.3966028025263535,True
0.3,95,sprl,0.5010889849909557,0.9013150843184347,0.400226099327479,True
0.3,96,raw,0.407673027281093,0.8392171354185186,0.4315441081374256,True
0.3,96,ae,0.43027665815304683,0.9366130492862289,0.5063363911331821,True
0.3,96,vae,0.7816020607805391,1.2790006023732665,0.49739854159272745,False
0.3,96,contrastive,0.6104422291760362,1.0709452735999705,0.4605030444239343,True
0.3,96,balanced,0.4393884789062695,0.8708353987815713,0.43144691987530187,True
0.3,96,ldm,0.383966740783598,0.8438949101159385,0.45992816933234054,True
0.3,96,sprl,0.3643551868524049,0.8473940900296287,0.4830389031772238,True
0.3,97,raw,0.5514812955415578,0.9452546075259964,0.39377331198443866,True
0.3,97,ae,1.378900923033409,2.281228365386047,0.9023274423526377,False
0.3,97,vae,0.8687681969437792,1.355777391174261,0.48700919423048183,False
0.3,97,contrastive,0.8915435967211659,1.3953864887941017,0.5038428920729358,False
0.3,97,balanced,0.5276624601501024,0.9236609419246741,0.39599848177457164,True
0.3,97,ldm,0.5375683174278891,0.9275267102147049,0.38995839278681577,True
0.3,97,sprl,0.5220351228546759,0.9602325433531369,0.438197420498461,True
0.3,98,raw,0.5571012456764459,0.9639682581349691,0.4068670124585232,True
0.3,98,ae,0.8253139087971435,1.3241288057654734,0.4988148969683299,False
0.3,98,vae,0.8689777951494582,1.3587196178667083,0.4897418227172501,False
0.3,98,contrastive,0.8818200545311409,1.3813530597723584,0.4995330052412176,False
0.3,98,balanced,0.5302512639930443,0.945028512898838,0.4147772489057937,True
0.3,98,ldm,0.5372259121121953,0.9448136862478849,0.4075877741356896,True
0.3,98,sprl,0.5729170667278125,0.9677363243871013,0.3948192576592888,True
0.3,99,raw,0.4685460913843697,0.8827974099632756,0.4142513185789059,True
0.3,99,ae,0.5740214060511933,1.069256462705852,0.4952350566546587,True
0.3,99,vae,0.8182338542750434,1.3070576888020955,0.48882383452705214,False
0.3,99,contrastive,0.743667291257673,1.2459096819076538,0.5022423906499809,False
0.3,99,balanced,0.4689604387880531,0.8816865375148666,0.4127260987268135,True
0.3,99,ldm,0.36970110600618156,0.8055833834661871,0.4358822774600055,True
0.3,99,sprl,0.4869903090175265,0.8873490882680091,0.4003587792504826,True
0.3,100,raw,0.5040666251179725,0.905381070652522,0.40131444553454954,True
0.3,100,ae,0.9348915718115964,1.6180582421052105,0.6831666702936141,False
0.3,100,vae,0.7887772276370774,1.2410322132026974,0.45225498556562005,False
0.3,100,contrastive,0.8730922352455295,1.3813236567021199,0.5082314214565904,False
0.3,100,balanced,0.5102488909331298,0.9138773229260183,0.40362843199288856,True
0.3,100,ldm,0.5132678429573898,0.9065769723579291,0.3933091294005393,True
0.3,100,sprl,0.5306625473498456,0.912485429457648,0.38182288210780235,True
0.5,1,raw,0.38480876948169573,1.0566610542399926,0.6718522847582968,True
0.5,1,ae,0.6769804824310162,1.6448831956242729,0.9679027131932567,True
0.5,1,vae,0.7072636819630493,1.4805023516326725,0.7732386696696232,False
0.5,1,contrastive,0.7559515037088504,1.6539127158917393,0.8979612121828888,False
0.5,1,balanced,0.4099631912705443,1.0868658537291396,0.6769026624585952,True
0.5,1,ldm,0.4173717104070951,1.0723214021263192,0.6549496917192241,True
0.5,1,sprl,0.4256322992609311,1.0671657592975043,0.6415334600365732,True
0.5,2,raw,0.42052956739665026,1.1127698095590552,0.692240242162405,True
0.5,2,ae,0.5819343635430919,1.4310193481634141,0.8490849846203222,True
0.5,2,vae,0.7345369471732929,1.5418955284011142,0.8073585812278213,False
0.5,2,contrastive,0.7183957896420751,1.5579953086584146,0.8395995190163396,False
0.5,2,balanced,0.4497070352542003,1.1626311459656369,0.7129241107114366,True
0.5,2,ldm,0.5170309799394516,1.1434460705540026,0.626415090614551,True
0.5,2,sprl,0.3755191681624087,1.1307042583266014,0.7551850901641927,True
0.5,3,raw,0.40908537092244934,1.158386819409712,0.7493014484872627,True
0.5,3,ae,0.5677877647295441,1.3663264116743508,0.7985386469448067,True
0.5,3,vae,0.7453158020144341,1.551829953419331,0.8065141514048968,False
0.5,3,contrastive,0.672132111354685,1.4474257908427928,0.7752936794881078,True
0.5,3,balanced,0.42988870504856486,1.1049488702940988,0.6750601652455339,True
0.5,3,ldm,0.4030572133292295,1.0933233269196971,0.6902661135904676,True
0.5,3,sprl,0.4444351804232557,1.0828937565595318,0.6384585761362761,True
0.5,4,raw,0.39577102332025144,1.0671582848112844,0.671387261491033,True
0.5,4,ae,0.2889582956250175,1.4083404477681771,1.1193821521431597,True
0.5,4,vae,0.7251307661101392,1.5364809577635108,0.8113501916533716,False
0.5,4,contrastive,0.5652894880481638,1.317622092901441,0.7523326048532772,True
0.5,4,balanced,0.36630845582394006,1.0474085922678362,0.6811001364438962,True
0.5,4,ldm,0.35467627031829235,1.044215583070554,0.6895393127522615,True
0.5,4,sprl,0.38472808143351556,1.0454877317215359,0.6607596502880203,True
0.5,5,raw,0.33515597436244887,1.0252349626810129,0.6900789883185641,True
0.5,5,ae,1.1512783896617635,2.7559883635005344,1.604709973838771,False
0.5,5,vae,0.6828329923126204,1.4958672478392292,0.8130342555266088,True
0.5,5,contrastive,0.7810169453443044,1.7405378428969098,0.9595208975526054,False
0.5,5,balanced,0.37453154590397086,1.0759274015554463,0.7013958556514754,True
0.5,5,ldm,0.3417855228478441,1.0663024541716861,0.724516931323842,True
0.5,5,sprl,0.2608632451394016,1.0777567094507254,0.8168934643113238,True
0.5,6,raw,0.4221796779298298,1.1158123242811933,0.6936326463513635,True
0.5,6,ae,0.36913254555483926,1.4330392231934894,1.06390667763865,True
0.5,6,vae,0.742782882188999,1.5513289715092273,0.8085460893202283,False
0.5,6,contrastive,0.8519181044199062,1.8172103458490356,0.9652922414291294,False
0.5,6,balanced,0.3946751715769463,1.0645964276144082,0.6699212560374619,True
0.5,6,ldm,0.40442355797068624,1.0689121655279277,0.6644886075572414,True
0.5,6,sprl,0.4278416985891746,1.07659909345855,0.6487573948693754,True
0.5,7,raw,0.2854936838096014,0.9852418691042018,0.6997481852946004,True
0.5,7,ae,0.8640702548174035,2.240886885012177,1.3768166301947735,False
0.5,7,vae,0.6401654665797775,1.435485656645331,0.7953201900655534,True
0.5,7,contrastive,0.7509192076691992,1.822514676741293,1.071595469072094,False
0.5,7,balanced,0.33669114237581205,1.0222147110909598,0.6855235687151477,True
0.5,7,ldm,0.36327439126471617,0.9914330527536848,0.6281586614889686,True
0.5,7,sprl,0.10691850623094977,0.9972567225628907,0.8903382163319409,True
0.5,8,raw,0.3908529244705818,1.0289517370474042,0.6380988125768223,True
0.5,8,ae,0.6885356918938096,1.670870025274333,0.9823343333805233,True
0.5,8,vae,0.7108941103232682,1.5251291792305686,0.8142350689073004,False
0.5,8,contrastive,0.6403675247256562,1.4409345937741787,0.8005670690485225,True
0.5,8,balanced,0.31839648016907807,1.015703552090238,0.6973070719211599,True
0.5,8,ldm,0.31911226040610735,1.0189390502563667,0.6998267898502593,True
0.5,8,sprl,0.33107271454412357,0.9854143145486447,0.6543416000045211,True
0.5,9,raw,0.38375919779714507,1.0691704870802252,0.6854112892830801,True
0.5,9,ae,0.2895719440780793,1.2073072498945856,0.9177353058165063,True
0.5,9,vae,0.7190227649874505,1.5265450622598316,0.807522297272381,False
0.5,9,contrastive,0.7017064934793321,1.5044197514541164,0.8027132579747843,False
0.5,9,balanced,0.35019735577328354,1.048718037415392,0.6985206816421083,True
0.5,9,ldm,0.3428439310336169,1.049952009399285,0.707108078365668,True
0.5,9,sprl,0.3133340748229935,1.0799974975519406,0.766663422728947,True
0.5,10,raw,0.4115506435152243,1.117373372289342,0.7058227287741177,True
0.5,10,ae,0.8619572767377296,1.86634164464711,1.0043843679093802,False
0.5,10,vae,0.7199007374314004,1.4857093497263245,0.7658086122949241,False
0.5,10,contrastive,0.7516806552055577,1.6104512191343938,0.8587705639288361,False
0.5,10,balanced,0.4162073582823723,1.0909089728871189,0.6747016146047465,True
0.5,10,ldm,0.41530382620701983,1.092022421481411,0.676718595274391,True
0.5,10,sprl,0.359146708428759,1.0911228627739449,0.7319761543451859,True
0.5,11,raw,0.3312948549335237,1.0292373025352408,0.6979424476017171,True
0.5,11,ae,2.018535223441557,5.264750420720482,3.246215197278925,False
0.5,11,vae,0.6998292032291141,1.5329091338957257,0.8330799306666116,True
0.5,11,contrastive,0.5773657617352709,1.3539431031097104,0.7765773413744396,True
0.5,11,balanced,0.42274980778734844,1.1268604110757934,0.704110603288445,True
0.5,11,ldm,0.40376424385873233,1.1297005682352137,0.7259363243764814,True
0.5,11,sprl,0.2751419901386884,1.0980410587304479,0.8228990685917594,True
0.5,12,raw,0.5093353312225639,1.1369165409775688,0.6275812097550049,True
0.5,12,ae,0.7515102139519889,1.6630722547753942,0.9115620408234053,False
0.5,12,vae,0.7894878852923658,1.576290071237325,0.7868021859449591,False
0.5,12,contrastive,0.8360972629591903,1.6875209418522357,0.8514236788930454,False
0.5,12,balanced,0.4064266175984995,1.0705463100545491,0.6641196924560496,True
0.5,12,ldm,0.4549716107985343,1.071301775577634,0.6163301647790996,True
0.5,12,sprl,0.4291983691772857,1.0926005236324146,0.6634021544551288,True
0.5,13,raw,0.40476280384987784,1.118435864610552,0.7136730607606743,True
0.5,13,ae,1.0130927703015409,2.2860951963640415,1.2730024260625006,False
0.5,13,vae,0.7285205355439551,1.5408558601042315,0.8123353245602764,False
0.5,13,contrastive,0.694178621929562,1.514447836219672,0.82026921429011,True
0.5,13,balanced,0.41310531855854105,1.0875542232263289,0.6744489046677878,True
0.5,13,ldm,0.4184657607510535,1.0826112572430475,0.664145496491994,True
0.5,13,sprl,0.42285767257481127,1.0873795285167274,0.6645218559419162,True
0.5,14,raw,0.3462664473147637,1.0430846938779987,0.6968182465632351,True
0.5,14,ae,0.871986312192281,1.9501125377302575,1.0781262255379764,False
0.5,14,vae,0.691572126973244,1.5234365879285423,0.8318644609552983,True
0.5,14,contrastive,0.5820573890469167,1.373156961572302,0.7910995725253853,True
0.5,14,balanced,0.37106457670968446,1.0741094496421082,0.7030448729324237,True
0.5,14,ldm,0.3898689215432437,1.0674037833169971,0.6775348617737534,True
0.5,14,sprl,0.28416677898189474,1.0966616772351552,0.8124948982532605,True
0.5,15,raw,0.4017839742568384,1.1010834410168857,0.6992994667600473,True
0.5,15,ae,1.8209642175277696,4.474906316800251,2.653942099272481,False
0.5,15,vae,0.729467704105141,1.5588456665069688,0.8293779624018278,False
0.5,15,contrastive,0.7798410215217911,1.6782786688508589,0.8984376473290677,False
0.5,15,balanced,0.4055794409519246,1.097928705026424,0.6923492640744993,True
0.5,15,ldm,0.4292556018248455,1.1185464573186106,0.6892908554937651,True
0.5,15,sprl,0.4337891247325237,1.0846358667848486,0.650846742052325,True
0.5,16,raw,0.3919617036448238,1.0589855750138264,0.6670238713690027,True
0.5,16,ae,0.7175602218058122,1.576139720590581,0.8585794987847687,False
0.5,16,vae,0.6998736838992418,1.4785556471691066,0.7786819632698648,True
0.5,16,contrastive,0.6635753614566167,1.4672815497667209,0.8037061883101042,True
0.5,16,balanced,0.39836891221451226,1.0891772144318883,0.6908083022173761,True
0.5,16,ldm,0.37393259758422775,1.1151983138672155,0.7412657162829877,True
0.5,16,sprl,0.4456713900537363,1.0912158628646484,0.6455444728109121,True
0.5,17,raw,0.34860278604572337,1.0349112303622936,0.6863084443165702,True
0.5,17,ae,0.37986724922853776,1.3389807102236368,0.9591134609950991,True
0.5,17,vae,0.6828045780706077,1.4987533072194346,0.8159487291488269,True
0.5,17,contrastive,0.6426448481100054,1.4526085363334729,0.8099636882234674,True
0.5,17,balanced,0.33033128541448686,1.029811005240836,0.6994797198263492,True
0.5,17,ldm,0.3391080548624862,1.0318574591727174,0.6927494043102312,True
0.5,17,sprl,0.34856674320114006,1.0179391054104125,0.6693723622092724,True
0.5,18,raw,0.3884324550688996,1.0583603760754687,0.6699279210065692,True
0.5,18,ae,0.5924259058648529,1.386952372395599,0.7945264665307461,True
0.5,18,vae,0.7158535792269,1.5439583084746933,0.8281047292477933,False
0.5,18,contrastive,0.6803387898395604,1.4880407595843714,0.807701969744811,True
0.5,18,balanced,0.38528925488028565,1.100325614330083,0.7150363594497974,True
0.5,18,ldm,0.36382942472519103,1.0892691629570357,0.7254397382318447,True
0.5,18,sprl,0.3422797254541409,1.1048562885395161,0.7625765630853751,True
0.5,19,raw,0.3220947019015063,0.969424404935091,0.6473297030335847,True
0.5,19,ae,0.7397593011857622,1.780158168524436,1.040398867338674,False
0.5,19,vae,0.6548857276963547,1.4559723453905045,0.8010866176941498,True
0.5,19,contrastive,0.8098150633170597,1.893977658321101,1.0841625950040412,False
0.5,19,balanced,0.3577973382334484,1.0631126840482852,0.7053153458148368,True
0.5,19,ldm,0.2960178793003828,0.9751651742249753,0.6791472949245925,True
0.5,19,sprl,0.37237501588995237,1.0541125678648213,0.681737551974869,True
0.5,20,raw,0.43685927394623314,1.1541500807209815,0.7172908067747483,True
0.5,20,ae,1.124878603730094,2.5735048936535545,1.4486262899234605,False
0.5,20,vae,0.7674472975863031,1.576654015654749,0.8092067180684459,False
0.5,20,contrastive,0.7482128401095708,1.6122824129913436,0.8640695728817728,False
0.5,20,balanced,0.4103269463163899,1.0695453724111486,0.6592184260947587,True
0.5,20,ldm,0.4176077180546037,1.0659131871006426,0.6483054690460389,True
0.5,20,sprl,0.41955813349635973,1.0723391706200989,0.6527810371237391,True
0.5,21,raw,0.33764015305093054,1.0412181451459779,0.7035779920950473,True
0.5,21,ae,0.12692591593511415,1.5266555760863008,1.3997296601511866,True
0.5,21,vae,0.669535800007276,1.4772074264755466,0.8076716264682706,True
0.5,21,contrastive,0.6938411297105009,1.585049003035743,0.891207873325242,True
0.5,21,balanced,0.3388784596722744,1.0465811156048583,0.7077026559325839,True
0.5,21,ldm,0.3503005528199462,1.044854054937095,0.6945535021171488,True
0.5,21,sprl,0.37147620972535855,1.0233582763249613,0.6518820665996028,True
0.5,22,raw,0.4446572866152257,1.146837543852684,0.7021802572374585,True
0.5,22,ae,0.9643925730470484,2.1505743284305057,1.1861817553834573,False
0.5,22,vae,0.7783695622834793,1.6241219061481997,0.8457523438647204,False
0.5,22,contrastive,0.8166489786365754,1.7733279900622343,0.9566790114256589,False
0.5,22,balanced,0.41529934885177033,1.104173547724652,0.6888741988728816,True
0.5,22,ldm,0.41545269293370557,1.1014636407541596,0.686010947820454,True
0.5,22,sprl,0.4534798223433811,1.114134469618363,0.6606546472749819,True
0.5,23,raw,0.3782759087018344,1.0649418122611138,0.6866659035592795,True
0.5,23,ae,1.0912076244762992,2.8047378285263904,1.7135302040500913,False
0.5,23,vae,0.7179607827812721,1.5734006639360734,0.8554398811548013,False
0.5,23,contrastive,0.5553455470507417,1.3263039197577218,0.7709583727069801,True
0.5,23,balanced,0.3298623620611741,1.0435152484861516,0.7136528864249776,True
0.5,23,ldm,0.34769174953975673,1.039799636102059,0.6921078865623023,True
0.5,23,sprl,0.35679197738842466,1.0555611946702705,0.6987692172818458,True
0.5,24,raw,0.28862524971443443,1.0309468743891816,0.7423216246747473,True
0.5,24,ae,0.8182901735090713,2.191163182401677,1.3728730088926056,False
0.5,24,vae,0.6715716518455059,1.5051773486658655,0.8336056968203596,True
0.5,24,contrastive,0.8399653701856219,1.934043786893156,1.094078416707534,False
0.5,24,balanced,0.36508136137974406,1.0814077607938646,0.7163263994141205,True
0.5,24,ldm,0.4093643547959154,1.0659800909309758,0.6566157361350604,True
0.5,24,sprl,0.3792054286064587,1.0627430090452934,0.6835375804388346,True
0.5,25,raw,0.354872240879272,1.0605302607418772,0.7056580198626052,True
0.5,25,ae,0.9462273882038685,2.1486830629869624,1.202455674783094,False
0.5,25,vae,0.696591458654805,1.4865374923703136,0.7899460337155086,True
0.5,25,contrastive,0.6993584158065453,1.532506320980358,0.8331479051738127,True
0.5,25,balanced,0.38776796961044185,1.0708100238507217,0.6830420542402798,True
0.5,25,ldm,0.4323743389722143,1.0805556821065432,0.6481813431343288,True
0.5,25,sprl,0.39984571100450134,1.0703348735463363,0.670489162541835,True
0.5,26,raw,0.40187804756592077,1.0767358676581578,0.674857820092237,True
0.5,26,ae,0.5102479247903213,1.3805887881444476,0.8703408633541263,True
0.5,26,vae,0.7240281806625473,1.548884884761086,0.8248567040985388,False
0.5,26,contrastive,0.6457898267456694,1.4488457797953387,0.8030559530496693,True
0.5,26,balanced,0.39794882603878146,1.0700138207743537,0.6720649947355722,True
0.5,26,ldm,0.4083984209695706,1.0649737787021798,0.6565753577326092,True
0.5,26,sprl,0.4423727673414265,1.1000286720888515,0.657655904747425,True
0.5,27,raw,0.42273848996926555,1.0668535457829094,0.6441150558136438,True
0.5,27,ae,0.8926886764751009,2.0301586171048744,1.1374699406297735,False
0.5,27,vae,0.7312670294735512,1.5540233762091267,0.8227563467355755,False
0.5,27,contrastive,0.6509499389127381,1.464277458928689,0.813327520015951,True
0.5,27,balanced,0.38857850804428606,1.0969200136394952,0.7083415055952091,True
0.5,27,ldm,0.37590025102201624,1.1057385050317954,0.7298382540097792,True
0.5,27,sprl,0.42473770699792984,1.1115734868561353,0.6868357798582054,True
0.5,28,raw,0.3686985018815474,1.0539505946763985,0.6852520927948511,True
0.5,28,ae,0.5765817178485955,1.5645888662124332,0.9880071483638377,True
0.5,28,vae,0.6985149227509418,1.4876460109572756,0.7891310882063337,True
0.5,28,contrastive,0.681544504345195,1.5150991380113912,0.8335546336661962,True
0.5,28,balanced,0.3732903513340767,1.054568074978661,0.6812777236445844,True
0.5,28,ldm,0.37320203980780786,1.0522832412363783,0.6790812014285704,True
0.5,28,sprl,0.42843731605739777,1.0742267836796637,0.645789467622266,True
0.5,29,raw,0.3292167587215518,1.0475382976392713,0.7183215389177195,True
0.5,29,ae,0.8211407314073004,1.9580212107289692,1.1368804793216687,False
0.5,29,vae,0.7160971909912376,1.5522928885202907,0.8361956975290531,False
0.5,29,contrastive,0.6471968547867539,1.5124128562699244,0.8652160014831705,True
0.5,29,balanced,0.39266329418908175,1.095934795532116,0.7032715013430342,True
0.5,29,ldm,0.34704709669438,1.1034429534470775,0.7563958567526976,True
0.5,29,sprl,0.36049529300506444,1.1015278842273182,0.7410325912222537,True
0.5,30,raw,0.32417942993438725,1.0408392998938893,0.7166598699595021,True
0.5,30,ae,0.6592346247284874,1.5320891242524615,0.8728544995239741,True
0.5,30,vae,0.7004669692338631,1.5022692304941732,0.8018022612603101,False
0.5,30,contrastive,0.6389637506826022,1.487739937602442,0.8487761869198398,True
0.5,30,balanced,0.41278027321991156,1.0888948550942716,0.6761145818743601,True
0.5,30,ldm,0.41498434070355433,1.059657370879165,0.6446730301756107,True
0.5,30,sprl,0.38207321492923124,1.0564866492620577,0.6744134343328265,True
0.5,31,raw,0.36074198662825113,1.0917122472519374,0.7309702606236863,True
0.5,31,ae,1.0225050164233729,2.2894073117583025,1.2669022953349296,False
0.5,31,vae,0.728406741657137,1.5443095758030032,0.8159028341458662,False
0.5,31,contrastive,0.7832890181938689,1.6641243285488683,0.8808353103549994,False
0.5,31,balanced,0.4087709910005335,1.096130682700438,0.6873596916999045,True
0.5,31,ldm,0.413478329944856,1.0912737132914807,0.6777953833466247,True
0.5,31,sprl,0.356487282547161,1.0949825632137262,0.7384952806665652,True
0.5,32,raw,0.39646748396685394,1.081125754969007,0.684658271002153,True
0.5,32,ae,1.2691602023292754,3.0004296834050175,1.731269481075742,False
0.5,32,vae,0.7439513364438212,1.5801756237422266,0.8362242872984055,False
0.5,32,contrastive,0.8016471242988032,1.7637525157734737,0.9621053914746704,False
0.5,32,balanced,0.41707425819848376,1.1152860236151731,0.6982117654166894,True
0.5,32,ldm,0.40669031526498,1.1023474420081285,0.6956571267431485,True
0.5,32,sprl,0.14634821108856286,1.0270272105514564,0.8806789994628935,True
0.5,33,raw,0.4306430233206988,1.0932339015768688,0.66259087825617,True
0.5,33,ae,0.2793739748289536,1.4307127445856802,1.1513387697567266,True
0.5,33,vae,0.7470016197864938,1.5436407204350495,0.7966391006485557,False
0.5,33,contrastive,0.6421892875554578,1.4308757136259385,0.7886864260704807,True
0.5,33,balanced,0.41306537310334407,1.0969771401275525,0.6839117670242085,True
0.5,33,ldm,0.45298723977334887,1.0999905839953916,0.6470033442220428,True
0.5,33,sprl,0.4379746959339248,1.097767773821393,0.6597930778874681,True
0.5,34,raw,0.37624681102096713,1.0999486257946187,0.7237018147736516,True
0.5,34,ae,0.5965909041471664,1.629327959596495,1.0327370554493285,True
0.5,34,vae,0.7534450037372281,1.6314730856628146,0.8780280819255865,False
0.5,34,contrastive,0.6973581115447576,1.6292870762600753,0.9319289647153177,True
0.5,34,balanced,0.39248651558800257,1.101065200334519,0.7085786847465163,True
0.5,34,ldm,0.3142346189911288,1.0852280916232182,0.7709934726320894,True
0.5,34,sprl,0.42194199652239883,1.1025866560662874,0.6806446595438885,True
0.5,35,raw,0.3253349471567685,1.0383258660248886,0.7129909188681202,True
0.5,35,ae,1.6175997942668916,3.9395080266049916,2.3219082323381,False
0.5,35,vae,0.6698142704010934,1.4680021301390538,0.7981878597379604,True
0.5,35,contrastive,0.5588019045897475,1.3995278326082756,0.8407259280185281,True
0.5,35,balanced,0.37041370593997475,1.037506817730747,0.6670931117907721,True
0.5,35,ldm,0.39329906124057973,1.0489342741885783,0.6556352129479985,True
0.5,35,sprl,0.382369712746084,1.0218425434125955,0.6394728306665115,True
0.5,36,raw,0.44518092674938364,1.1202945817795011,0.6751136550301176,True
0.5,36,ae,0.3598248070546677,1.22444839496751,0.8646235879128423,True
0.5,36,vae,0.7563274761355359,1.5569693058924718,0.800641829756936,False
0.5,36,contrastive,0.5952596173508303,1.357023371430196,0.7617637540793657,True
0.5,36,balanced,0.3881176932340883,1.0916427729917855,0.7035250797576972,True
0.5,36,ldm,0.3108473247226959,1.1083773064422695,0.7975299817195736,True
0.5,36,sprl,0.46432704908287714,1.0993129251021738,0.6349858760192967,True
0.5,37,raw,0.4774777458233071,1.1142329350111067,0.6367551891877996,True
0.5,37,ae,0.8189789400986366,2.0175410464635912,1.1985621063649545,False
0.5,37,vae,0.7933322589447038,1.6622397740847221,0.8689075151400183,False
0.5,37,contrastive,0.8905500384921692,1.934687431839239,1.04413739334707,False
0.5,37,balanced,0.38919369442100005,1.082877427849364,0.693683733428364,True
0.5,37,ldm,0.38000149377950104,1.061538854394696,0.6815373606151949,True
0.5,37,sprl,0.3988801253001146,1.0574533148509362,0.6585731895508216,True
0.5,38,raw,0.4065695039425853,1.1084808097500602,0.701911305807475,True
0.5,38,ae,0.7510159963807052,1.685379068667032,0.9343630722863269,False
0.5,38,vae,0.741439213900922,1.5650348512619825,0.8235956373610605,False
0.5,38,contrastive,0.7947008228092475,1.7002992291081194,0.9055984062988719,False
0.5,38,balanced,0.3587542455714587,1.0417953623715626,0.6830411168001038,True
0.5,38,ldm,0.38031667754204374,1.0249746713076768,0.6446579937656332,True
0.5,38,sprl,0.39083580440362586,1.0309831048895295,0.6401473004859036,True
0.5,39,raw,0.33432213272047845,1.04308638037214,0.7087642476516616,True
0.5,39,ae,1.1336157700877436,2.938015216987098,1.8043994468993545,False
0.5,39,vae,0.6792506277800868,1.4604369455831119,0.781186317803025,True
0.5,39,contrastive,0.6817062701519618,1.4642768094224736,0.7825705392705118,True
0.5,39,balanced,0.38022671004618414,1.054815770995265,0.6745890609490809,True
0.5,39,ldm,0.3527607730384305,1.0577801255493031,0.7050193525108726,True
0.5,39,sprl,0.4074708581170924,1.0504090423628547,0.6429381842457623,True
0.5,40,raw,0.3959688016520115,1.069987704472182,0.6740189028201704,True
0.5,40,ae,0.6693785683710209,1.7532507180955421,1.0838721497245212,True
0.5,40,vae,0.7093498856751826,1.502967794772302,0.7936179090971193,False
0.5,40,contrastive,0.6832452775294896,1.5051383762692199,0.8218930987397303,True
0.5,40,balanced,0.3906782201595664,1.0845170803238147,0.6938388601642482,True
0.5,40,ldm,0.3886787444278897,1.0797099801963075,0.6910312357684179,True
0.5,40,sprl,0.4193887548992895,1.0748474878684544,0.6554587329691649,True
0.5,41,raw,0.2674290920135296,1.008513071610947,0.7410839795974173,True
0.5,41,ae,0.9190716455389245,2.1778936871160193,1.2588220415770948,False
0.5,41,vae,0.6708739746616875,1.5204655351760443,0.8495915605143568,True
0.5,41,contrastive,0.7116005212316951,1.6419764396163723,0.9303759183846771,False
0.5,41,balanced,0.3573315709669176,1.0469053212649992,0.6895737502980817,True
0.5,41,ldm,0.32362077964487435,1.047301405682618,0.7236806260377436,True
0.5,41,sprl,0.20625392045765398,1.0520996973005303,0.8458457768428763,True
0.5,42,raw,0.3458721217947322,1.0271289420014937,0.6812568202067615,True
0.5,42,ae,0.6327663219308501,1.489061986854885,0.8562956649240347,True
0.5,42,vae,0.676260309285708,1.4812374296609767,0.8049771203752687,True
0.5,42,contrastive,0.6281465494575327,1.4139457419697552,0.7857991925122225,True
0.5,42,balanced,0.3845813253594686,1.0787950007944433,0.6942136754349748,True
0.5,42,ldm,0.40590209850402936,1.0879112994429547,0.6820092009389254,True
0.5,42,sprl,0.39958698257602765,1.0605251732858343,0.6609381907098066,True
0.5,43,raw,0.32710686070535494,1.0410327275678306,0.7139258668624757,True
0.5,43,ae,1.1632177282974319,2.7638103182569087,1.6005925899594768,False
0.5,43,vae,0.7041881464275525,1.5200569061803189,0.8158687597527664,False
0.5,43,contrastive,0.7535639284156734,1.6182967989425716,0.8647328705268982,False
0.5,43,balanced,0.3826611163633021,1.0823623428420364,0.6997012264787343,True
0.5,43,ldm,0.367274878667839,1.057370722097429,0.6900958434295901,True
0.5,43,sprl,0.31474341950871193,1.0684064923797354,0.7536630728710234,True
0.5,44,raw,0.36663956683269505,1.0657842879135613,0.6991447210808662,True
0.5,44,ae,0.6391893913141096,1.558210538161339,0.9190211468472294,True
0.5,44,vae,0.6979177639632218,1.5065774182741192,0.8086596543108974,True
0.5,44,contrastive,0.725384156700904,1.5493048923861592,0.8239207356852553,False
0.5,44,balanced,0.4192523384758265,1.1040092261235466,0.6847568876477201,True
0.5,44,ldm,0.37362001701199143,1.0827944819681907,0.7091744649561993,True
0.5,44,sprl,0.3725138721649938,1.1065608956544652,0.7340470234894714,True
0.5,45,raw,0.4616502852190925,1.1449616300853587,0.6833113448662662,True
0.5,45,ae,0.47145778984616726,1.5211206863539477,1.0496628965077806,True
0.5,45,vae,0.7662509750285892,1.587622279223238,0.8213713041946488,False
0.5,45,contrastive,0.7236077064913854,1.5235886491460264,0.799980942654641,False
0.5,45,balanced,0.4258156614420203,1.1161185171249663,0.690302855682946,True
0.5,45,ldm,0.4453277054952288,1.1022145970513244,0.6568868915560956,True
0.5,45,sprl,0.46738413942540574,1.1276383064686453,0.6602541670432396,True
0.5,46,raw,0.4713902907636062,1.132301997966127,0.6609117072025208,True
0.5,46,ae,0.9863742406762213,2.214787879614061,1.2284136389378397,False
0.5,46,vae,0.8008761251636902,1.6831536485571037,0.8822775233934135,False
0.5,46,contrastive,0.8830130629476768,1.8963299390045802,1.0133168760569036,False
0.5,46,balanced,0.38303010555139844,1.08505082810991,0.7020207225585116,True
0.5,46,ldm,0.41069744994018503,1.0970459484441228,0.6863484985039379,True
0.5,46,sprl,0.37115453185546987,1.1316618327861196,0.7605073009306498,True
0.5,47,raw,0.4700794665044743,1.1405055268500814,0.6704260603456071,True
0.5,47,ae,0.9026729265207708,1.9366748750990679,1.0340019485782972,False
0.5,47,vae,0.7872196516898828,1.6339211592801548,0.846701507590272,False
0.5,47,contrastive,0.8578005727127053,1.8047241563379124,0.9469235836252071,False
0.5,47,balanced,0.40668673890163365,1.1077756746001346,0.701088935698501,True
0.5,47,ldm,0.42088190297177996,1.1075442100846575,0.6866623071128776,True
0.5,47,sprl,0.42310907496922556,1.0976077491107923,0.6744986741415667,True
0.5,48,raw,0.3504329996796407,1.0365887573089785,0.6861557576293378,True
0.5,48,ae,0.6856490246623163,1.837948944872032,1.1522999202097157,True
0.5,48,vae,0.6883988485751252,1.5111241487415024,0.8227253001663771,True
0.5,48,contrastive,0.7375575699458262,1.724315213598901,0.9867576436530748,False
0.5,48,balanced,0.3392006078958043,1.0296989263380902,0.6904983184422859,True
0.5,48,ldm,0.3360246110484623,1.013123916802571,0.6770993057541086,True
0.5,48,sprl,0.3580091109741877,1.0325117238170038,0.6745026128428162,True
0.5,49,raw,0.39774929300430184,1.0518992101026001,0.6541499170982983,True
0.5,49,ae,0.7012766622202998,1.5992073582320039,0.897930696011704,False
0.5,49,vae,0.6798455538285275,1.4302661207791083,0.7504205669505808,True
0.5,49,contrastive,0.7213250715602643,1.5250009498189592,0.8036758782586949,False
0.5,49,balanced,0.3696352853346381,1.0521742551382847,0.6825389698036466,True
0.5,49,ldm,0.35437271763928035,1.0499010095052548,0.6955282918659744,True
0.5,49,sprl,0.3906110485015898,1.0264473011914446,0.6358362526898548,True
0.5,50,raw,0.3644381377870934,1.110512349792336,0.7460742120052426,True
0.5,50,ae,0.388152642241907,1.39426754934556,1.006114907103653,True
0.5,50,vae,0.7343480824075519,1.5603422712983768,0.8259941888908249,False
0.5,50,contrastive,0.7259160534000443,1.5645719131721785,0.8386558597721342,False
0.5,50,balanced,0.43227248477088354,1.1191423244937595,0.686869839722876,True
0.5,50,ldm,0.4086292737556001,1.116275435056893,0.707646161301293,True
0.5,50,sprl,0.42521730470609365,1.118839765704744,0.6936224609986503,True
0.5,51,raw,0.415425953127379,1.1021687935908147,0.6867428404634357,True
0.5,51,ae,0.6215422892712943,1.4735108889789705,0.8519685997076762,True
0.5,51,vae,0.7541744443365626,1.5862481337019376,0.8320736893653751,False
0.5,51,contrastive,0.6364508689513173,1.4644212691484586,0.8279704001971413,True
0.5,51,balanced,0.4208940860701907,1.110829308720672,0.6899352226504814,True
0.5,51,ldm,0.4548627699458445,1.0821876463262026,0.627324876380358,True
0.5,51,sprl,0.35786175070711984,1.1550400445242468,0.797178293817127,True
0.5,52,raw,0.32078409411754466,0.9739588757854654,0.6531747816679208,True
0.5,52,ae,0.7879213566957659,1.8904159601936132,1.1024946034978473,False
0.5,52,vae,0.6556207987274122,1.4240319491192928,0.7684111503918806,True
0.5,52,contrastive,0.6860615600527165,1.5001940037052288,0.8141324436525124,True
0.5,52,balanced,0.3695814073710889,1.061629719483843,0.6920483121127542,True
0.5,52,ldm,0.37438051158316693,1.035846809096997,0.6614662975138301,True
0.5,52,sprl,0.3533861708224191,0.9901613240812316,0.6367751532588125,True
0.5,53,raw,0.3777384160031453,1.1053546775959446,0.7276162615927994,True
0.5,53,ae,0.7522127357384013,1.9055917085829708,1.1533789728445694,False
0.5,53,vae,0.7286613148097651,1.5219980969072022,0.7933367820974371,False
0.5,53,contrastive,0.7372108310526401,1.5645030843435257,0.8272922532908856,False
0.5,53,balanced,0.4288939258180711,1.115584637385443,0.6866907115673719,True
0.5,53,ldm,0.43040805308677427,1.1147378643525727,0.6843298112657985,True
0.5,53,sprl,0.3698093663818087,1.1131465087921422,0.7433371424103334,True
0.5,54,raw,0.37233388779162235,1.1121649577686088,0.7398310699769864,True
0.5,54,ae,1.1335941995739334,2.7052671298754407,1.5716729303015073,False
0.5,54,vae,0.7385401243265669,1.5821079434013212,0.8435678190747543,False
0.5,54,contrastive,0.8152827939942424,1.7950376289868792,0.9797548349926368,False
0.5,54,balanced,0.39402695435571533,1.0683828607150707,0.6743559063593554,True
0.5,54,ldm,0.43083257502803374,1.1399904946772188,0.7091579196491851,True
0.5,54,sprl,0.3150068794599185,1.0304452024025588,0.7154383229426402,True
0.5,55,raw,0.330065038662438,1.0437837446437042,0.7137187059812662,True
0.5,55,ae,0.25594557732486467,1.21206378354684,0.9561182062219753,True
0.5,55,vae,0.6652012373137679,1.422356120058605,0.7571548827448371,True
0.5,55,contrastive,0.42578337710504055,1.2067128687341275,0.780929491629087,True
0.5,55,balanced,0.37097137442021566,1.0451036802982658,0.6741323058780502,True
0.5,55,ldm,0.38538550616991746,1.0271178005704504,0.641732294400533,True
0.5,55,sprl,0.38065439071681123,1.0367645207076057,0.6561101299907945,True
0.5,56,raw,0.45937271823623704,1.1636214277847188,0.7042487095484817,True
0.5,56,ae,1.3841498141961635,3.248701938551045,1.8645521243548815,False
0.5,56,vae,0.779497873479514,1.5980305467228415,0.8185326732433275,False
0.5,56,contrastive,0.8213657596235487,1.7506623948565538,0.9292966352330051,False
0.5,56,balanced,0.4251103093506226,1.1022404704301971,0.6771301610795746,True
0.5,56,ldm,0.393482247594493,1.0770283013358102,0.6835460537413172,True
0.5,56,sprl,0.39945398459358705,1.126878143979846,0.727424159386259,True
0.5,57,raw,0.4382864719260756,1.1308077392352625,0.6925212673091868,True
0.5,57,ae,0.698516703012183,1.6750061147581015,0.9764894117459184,True
0.5,57,vae,0.7386439081198702,1.5140960793823375,0.7754521712624672,False
0.5,57,contrastive,0.7493049595762373,1.565358653821766,0.8160536942455288,False
0.5,57,balanced,0.42202357957736114,1.0751720378480567,0.6531484582706956,True
0.5,57,ldm,0.49283136220393653,1.1261384214560057,0.6333070592520692,True
0.5,57,sprl,0.4396253457250683,1.058987865235196,0.6193625195101278,True
0.5,58,raw,0.3210208927488773,1.0202113337210412,0.6991904409721639,True
0.5,58,ae,0.9660364295426043,2.264207248841315,1.2981708192987107,False
0.5,58,vae,0.6869078094513871,1.5197438621289145,0.8328360526775275,True
0.5,58,contrastive,0.7160725881900036,1.6356437726489286,0.9195711844589249,False
0.5,58,balanced,0.36970618511497844,1.0777607742623663,0.7080545891473878,True
0.5,58,ldm,0.3541250590152062,1.0610256761731764,0.7069006171579703,True
0.5,58,sprl,0.3442559092574467,1.0479006926368921,0.7036447833794455,True
0.5,59,raw,0.366447348718181,1.0242762393367169,0.6578288906185359,True
0.5,59,ae,0.5163438635054679,1.3190102086338262,0.8026663451283583,True
0.5,59,vae,0.6979900596036837,1.4914084696195533,0.7934184100158697,True
0.5,59,contrastive,0.6618785199733137,1.5041551541781766,0.8422766342048629,True
0.5,59,balanced,0.4205010864568888,1.102893296387029,0.6823922099301403,True
0.5,59,ldm,0.44756129370889747,1.0848028161135321,0.6372415224046346,True
0.5,59,sprl,0.3207716033440592,1.0908678410153807,0.7700962376713215,True
0.5,60,raw,0.2910058757548134,0.9910126435078206,0.7000067677530072,True
0.5,60,ae,0.2869274496778555,1.2602583637921223,0.9733309141142668,True
0.5,60,vae,0.6210466533289236,1.399553919451483,0.7785072661225594,True
0.5,60,contrastive,0.5361623650684328,1.375593047243877,0.8394306821754443,True
0.5,60,balanced,0.3201787395947441,1.0005997166196494,0.6804209770249053,True
0.5,60,ldm,0.37215206591516037,0.966797009906291,0.5946449439911307,True
0.5,60,sprl,0.28307148682519706,0.9717524504950968,0.6886809636698998,True
0.5,61,raw,0.4707412896906844,1.1124751267201582,0.6417338370294738,True
0.5,61,ae,1.0439146773958072,2.3678932261502412,1.323978548754434,False
0.5,61,vae,0.7673626913931376,1.5946996570068066,0.827336965613669,False
0.5,61,contrastive,0.8357124660417292,1.782147840066591,0.9464353740248619,False
0.5,61,balanced,0.4290314125827723,1.1250063758321371,0.6959749632493648,True
0.5,61,ldm,0.3895084959558155,1.1152033424884107,0.7256948465325952,True
0.5,61,sprl,0.4785458680993721,1.1190377082314238,0.6404918401320516,True
0.5,62,raw,0.38697544317054355,1.0417293101606564,0.6547538669901128,True
0.5,62,ae,0.9490980052160672,2.1491606358846225,1.2000626306685551,False
0.5,62,vae,0.7285772941177187,1.5631974117225385,0.8346201176048198,False
0.5,62,contrastive,0.7602128607684043,1.6546443662126171,0.8944315054442128,False
0.5,62,balanced,0.37232929793246633,1.093400670967378,0.7210713730349116,True
0.5,62,ldm,0.4131759058761861,1.055271076276031,0.6420951703998448,True
0.5,62,sprl,0.36411318626789035,1.0553350900808807,0.6912219038129903,True
0.5,63,raw,0.32640885905974937,0.9897693126532883,0.6633604535935389,True
0.5,63,ae,0.7340441166636205,1.7003215941485148,0.9662774774848943,False
0.5,63,vae,0.6739028237454142,1.5181296305817544,0.8442268068363402,True
0.5,63,contrastive,0.7197803289294102,1.6720557279953319,0.9522753990659216,False
0.5,63,balanced,0.353369665228875,1.0569211213090093,0.7035514560801344,True
0.5,63,ldm,0.4052342398277814,1.0318060680124668,0.6265718281846854,True
0.5,63,sprl,0.36401289782076074,1.0493082833475176,0.6852953855267568,True
0.5,64,raw,0.3667668035244529,1.0652768462905942,0.6985100427661413,True
0.5,64,ae,1.1191541753122016,2.579156157751788,1.4600019824395862,False
0.5,64,vae,0.726883890390437,1.5923748661658945,0.8654909757754575,False
0.5,64,contrastive,0.8015220383229853,1.7866151013453502,0.9850930630223649,False
0.5,64,balanced,0.3791433139748965,1.0935671885087512,0.7144238745338547,True
0.5,64,ldm,0.4093547753044385,1.1083719564388061,0.6990171811343677,True
0.5,64,sprl,0.3958694501184442,1.1016842042070558,0.7058147540886116,True
0.5,65,raw,0.2935369318538474,0.9957876895468835,0.7022507576930361,True
0.5,65,ae,0.520856934161466,1.4165849133794581,0.8957279792179922,True
0.5,65,vae,0.6492893144456839,1.4660199785865418,0.8167306641408578,True
0.5,65,contrastive,0.6171797772179483,1.4712657421302644,0.8540859649123161,True
0.5,65,balanced,0.3340915231318294,1.0457594136335309,0.7116678905017015,True
0.5,65,ldm,0.327249955955446,1.0441368673567621,0.7168869114013161,True
0.5,65,sprl,0.26593092760895665,1.04186125924835,0.7759303316393934,True
0.5,66,raw,0.3985690091596037,1.0883633543527613,0.6897943451931576,True
0.5,66,ae,0.6505148806800489,1.4950624473601557,0.8445475666801068,True
0.5,66,vae,0.7177509909203802,1.5467628202869121,0.829011829366532,False
0.5,66,contrastive,0.6737254684809096,1.5082062776220146,0.834480809141105,True
0.5,66,balanced,0.3730232885791098,1.0589726740432366,0.6859493854641268,True
0.5,66,ldm,0.3691752614100636,1.0563251941731862,0.6871499327631225,True
0.5,66,sprl,0.381643550632388,1.0893709719307014,0.7077274212983135,True
0.5,67,raw,0.44291602030175353,1.1100355043938037,0.6671194840920502,True
0.5,67,ae,0.7754021772033041,1.6323662811073225,0.8569641039040184,False
0.5,67,vae,0.7416114239633392,1.516095753266599,0.7744843293032598,False
0.5,67,contrastive,0.7523294732403791,1.58365560853881,0.8313261352984309,False
0.5,67,balanced,0.4354738844496599,1.102070706784879,0.666596822335219,True
0.5,67,ldm,0.4195031317211762,1.08535600418473,0.665852872463554,True
0.5,67,sprl,0.42586017963342526,1.1175630385815454,0.6917028589481201,True
0.5,68,raw,0.36208087451317206,1.0863004593325891,0.7242195848194171,True
0.5,68,ae,0.6404673521119916,1.5030162523097252,0.8625489001977337,True
0.5,68,vae,0.7103856034045218,1.5337764726322174,0.8233908692276956,False
0.5,68,contrastive,0.7354076257953711,1.6171622585314078,0.8817546327360367,False
0.5,68,balanced,0.37551633093091097,1.0708663236578184,0.6953499927269075,True
0.5,68,ldm,0.40475246263317205,1.0683495721167249,0.6635971094835529,True
0.5,68,sprl,0.2544305812635885,1.0343956742735418,0.7799650930099533,True
0.5,69,raw,0.34820138463091105,1.0418096058024429,0.6936082211715318,True
0.5,69,ae,0.7651681098140726,1.778105907024369,1.0129377972102964,False
0.5,69,vae,0.697160681441934,1.53599887397802,0.8388381925360859,True
0.5,69,contrastive,0.7614782144177794,1.6791901220716092,0.9177119076538298,False
0.5,69,balanced,0.3339453892867575,1.0424392614715423,0.7084938721847849,True
0.5,69,ldm,0.3448945901047591,1.0503730067206847,0.7054784166159256,True
0.5,69,sprl,0.3434577821330661,1.033238472377956,0.6897806902448899,True
0.5,70,raw,0.40859839063850584,1.119855196920106,0.7112568062816003,True
0.5,70,ae,0.5802306640044493,1.469712806022015,0.8894821420175657,True
0.5,70,vae,0.7505410262818416,1.5859466245711624,0.8354055982893208,False
0.5,70,contrastive,0.6758968004911697,1.4870644603943295,0.8111676599031598,True
0.5,70,balanced,0.37811055688325895,1.089392783612371,0.7112822267291119,True
0.5,70,ldm,0.29992970699266097,1.0785910562844625,0.7786613492918015,True
0.5,70,sprl,0.4204024527117468,1.0988618388978058,0.6784593861860589,True
0.5,71,raw,0.36689335739432,1.0333592278051837,0.6664658704108637,True
0.5,71,ae,0.8675132669901366,2.055949468681241,1.1884362016911043,False
0.5,71,vae,0.6859892596732532,1.4680534875980809,0.7820642279248277,True
0.5,71,contrastive,0.6323309516790457,1.4126170613696012,0.7802861096905555,True
0.5,71,balanced,0.3916578177153049,1.055621017111044,0.6639631993957391,True
0.5,71,ldm,0.4247144496658222,1.0179634457094957,0.5932489960436735,True
0.5,71,sprl,0.35472287784979323,1.0774040687770767,0.7226811909272834,True
0.5,72,raw,0.43381047532025196,1.1477754293919293,0.7139649540716774,True
0.5,72,ae,0.9212868853308926,2.1601403533283356,1.238853467997443,False
0.5,72,vae,0.7644489076425218,1.5826239140786056,0.8181750064360838,False
0.5,72,contrastive,0.7063989404753024,1.4817785403580193,0.7753795998827169,False
0.5,72,balanced,0.39245059563829254,1.0872139787134782,0.6947633830751857,True
0.5,72,ldm,0.3539263539181251,1.1126059032750957,0.7586795493569706,True
0.5,72,sprl,0.3772204823663035,1.1059044792890804,0.728683996922777,True
0.5,73,raw,0.3768382598801642,1.021585582663456,0.6447473227832917,True
0.5,73,ae,0.6729647513328744,1.6455393066358097,0.9725745553029354,True
0.5,73,vae,0.6955600398734189,1.5056338092568873,0.8100737693834684,True
0.5,73,contrastive,0.6747865776987776,1.4722569100721568,0.7974703323733792,True
0.5,73,balanced,0.384456101405982,1.074732413075333,0.6902763116693511,True
0.5,73,ldm,0.38357377154875105,1.059473234436982,0.6758994628882309,True
0.5,73,sprl,0.4218684228302518,1.0774628095724477,0.6555943867421958,True
0.5,74,raw,0.45429218705259783,1.1272389804465555,0.6729467933939577,True
0.5,74,ae,0.7967441431688065,1.7465373373972566,0.9497931942284501,False
0.5,74,vae,0.7886968421524826,1.6307908534558895,0.8420940113034069,False
0.5,74,contrastive,0.714388401359832,1.5861433736189774,0.8717549722591454,False
0.5,74,balanced,0.4243422512133364,1.1104846571801281,0.6861424059667918,True
0.5,74,ldm,0.42594593056056057,1.0776185397024007,0.6516726091418401,True
0.5,74,sprl,0.3621692328808381,1.1171144961483288,0.7549452632674907,True
0.5,75,raw,0.48528997299849597,1.1810746888712111,0.6957847158727152,True
0.5,75,ae,0.6770853071819558,1.6352728532693233,0.9581875460873674,True
0.5,75,vae,0.8367235172670678,1.7342083502305996,0.8974848329635318,False
0.5,75,contrastive,0.7375009672191772,1.6059227852878495,0.8684218180686722,False
0.5,75,balanced,0.40685465827942674,1.120931966011009,0.7140773077315823,True
0.5,75,ldm,0.46262129116794987,1.157380625862048,0.6947593346940981,True
0.5,75,sprl,0.4333667368139958,1.1253579189608351,0.6919911821468394,True
0.5,76,raw,0.4257794919896041,1.112583168964375,0.686803676974771,True
0.5,76,ae,0.8288201300031688,2.0965724435373616,1.2677523135341928,False
0.5,76,vae,0.7417402063003619,1.5589528028840685,0.8172125965837066,False
0.5,76,contrastive,0.7207983904396074,1.6158434544401903,0.8950450640005829,False
0.5,76,balanced,0.4128984604917482,1.0775979572343006,0.6646994967425524,True
0.5,76,ldm,0.42783241244169373,1.055534153360346,0.6277017409186523,True
0.5,76,sprl,0.3485898103802343,1.1057702393224669,0.7571804289422326,True
0.5,77,raw,0.40411462303619883,1.1126206512734345,0.7085060282372356,True
0.5,77,ae,1.1818968512460877,3.056478769750791,1.8745819185047032,False
0.5,77,vae,0.7220980563705749,1.4963664251349575,0.7742683687643827,False
0.5,77,contrastive,0.7530480628828247,1.6823692342152317,0.929321171332407,False
0.5,77,balanced,0.4086976669753618,1.0628032257071827,0.6541055587318209,True
0.5,77,ldm,0.35144726393281556,1.0560765195024673,0.7046292555696517,True
0.5,77,sprl,0.40848446692996276,1.0307144908335697,0.6222300239036069,True
0.5,78,raw,0.36166784600081847,1.0572098179633331,0.6955419719625147,True
0.5,78,ae,1.1063477866013434,2.558242617644211,1.4518948310428674,False
0.5,78,vae,0.6961918407872767,1.495574719079434,0.7993828782921573,True
0.5,78,contrastive,0.6688143207171302,1.4770056634304416,0.8081913427133114,True
0.5,78,balanced,0.4039029799643163,1.0877226862795226,0.6838197063152063,True
0.5,78,ldm,0.39260372014835665,1.1482720451524717,0.7556683250041151,True
0.5,78,sprl,0.3811644456332535,1.083019253889031,0.7018548082557776,True
0.5,79,raw,0.337873859462127,0.9909038260630717,0.6530299666009447,True
0.5,79,ae,0.879915071282179,2.0310200906072127,1.1511050193250336,False
0.5,79,vae,0.710917491834784,1.5844368454687034,0.8735193536339194,False
0.5,79,contrastive,0.7648347685894991,1.7423172203181654,0.9774824517286663,False
0.5,79,balanced,0.32255411905636144,1.039773548666468,0.7172194296101067,True
0.5,79,ldm,0.36847431528476043,1.0141366251696635,0.645662309884903,True
0.5,79,sprl,0.3366398389250086,1.0202689805449485,0.6836291416199399,True
0.5,80,raw,0.3772066321032151,1.014282870846093,0.6370762387428779,True
0.5,80,ae,0.8470375912133544,2.15621308287865,1.3091754916652953,False
0.5,80,vae,0.6874493276413192,1.509696013689234,0.8222466860479147,True
0.5,80,contrastive,0.6907205038049288,1.5346809408958182,0.8439604370908894,True
0.5,80,balanced,0.3635824880680415,1.0594073873423957,0.6958248992743542,True
0.5,80,ldm,0.3709059963376091,1.0530464050279755,0.6821404086903664,True
0.5,80,sprl,0.3627110334137255,1.1142627891935517,0.7515517557798261,True
0.5,81,raw,0.3273817709183991,1.0340982528244715,0.7067164819060725,True
0.5,81,ae,0.6615392815313801,1.5731551251685039,0.9116158436371238,True
0.5,81,vae,0.6952889024802617,1.525729416096277,0.8304405136160155,True
0.5,81,contrastive,0.6855661694874896,1.6018229037542355,0.9162567342667459,True
0.5,81,balanced,0.3830281926031845,1.0916249878059272,0.7085967952027428,True
0.5,81,ldm,0.38117702580011986,1.1007714909112691,0.7195944651111492,True
0.5,81,sprl,0.4117973896744067,1.084340397582469,0.6725430079080623,True
0.5,82,raw,0.44659523346669466,1.0983750765142264,0.6517798430475317,True
0.5,82,ae,1.0794747221074805,2.5469095519222233,1.4674348298147428,False
0.5,82,vae,0.7497293230744687,1.5603587078934191,0.8106293848189504,False
0.5,82,contrastive,0.7491700484144463,1.5933766769637907,0.8442066285493444,False
0.5,82,balanced,0.37690640604493836,1.0422336280388342,0.6653272219938959,True
0.5,82,ldm,0.38792886413765476,1.0373638798605522,0.6494350157228974,True
0.5,82,sprl,0.4082501881241739,1.040572436938362,0.6323222488141881,True
0.5,83,raw,0.35380051411533275,1.0826700833518477,0.7288695692365149,True
0.5,83,ae,1.0012409407682141,2.3991684825995487,1.3979275418313346,False
0.5,83,vae,0.7111944969538224,1.522644882564624,0.8114503856108015,False
0.5,83,contrastive,0.7016467904000467,1.5465989323766032,0.8449521419765564,False
0.5,83,balanced,0.374018641072929,1.0531462329595924,0.6791275918866635,True
0.5,83,ldm,0.37575654920217505,1.0639726827855576,0.6882161335833825,True
0.5,83,sprl,0.2735480016715477,1.055233098770227,0.7816850970986793,True
0.5,84,raw,0.4636314840099629,1.1349690470685232,0.6713375630585603,True
0.5,84,ae,1.0259863311364723,2.8252017229149353,1.799215391778463,False
0.5,84,vae,0.7565505524756252,1.56797047737651,0.8114199249008848,False
0.5,84,contrastive,0.8543564856191835,1.8705534743400876,1.0161969887209041,False
0.5,84,balanced,0.37160967849028664,1.0396305899744516,0.6680209114841649,True
0.5,84,ldm,0.3702278796695346,1.0332813692718394,0.6630534896023048,True
0.5,84,sprl,0.34622563017577057,1.0562743827637118,0.7100487525879412,True
0.5,85,raw,0.3333917050960445,1.0625103257512125,0.7291186206551681,True
0.5,85,ae,0.3259178479774079,1.3233039783326748,0.9973861303552669,True
0.5,85,vae,0.7032724720879779,1.5009867884207795,0.7977143163328015,False
0.5,85,contrastive,0.6568733480513032,1.483986070947902,0.8271127228965989,True
0.5,85,balanced,0.3513979136266419,1.0401312998433567,0.6887333862167149,True
0.5,85,ldm,0.3327779273623808,1.0434426445462397,0.7106647171838589,True
0.5,85,sprl,0.37777069260299734,1.0426757967781646,0.6649051041751672,True
0.5,86,raw,0.32555956489058346,1.025816172973756,0.7002566080831726,True
0.5,86,ae,0.6179142048322089,1.8156400609109906,1.1977258560787818,True
0.5,86,vae,0.6558451072676801,1.4771038457937045,0.8212587385260244,True
0.5,86,contrastive,0.6932612894230948,1.5559847621034772,0.8627234726803824,True
0.5,86,balanced,0.3130666603100927,1.0161732754697363,0.7031066151596437,True
0.5,86,ldm,0.2688591417252355,0.9918240172741113,0.7229648755488758,True
0.5,86,sprl,0.3472530697625628,1.0113880986824817,0.6641350289199188,True
0.5,87,raw,0.36219139311969467,1.0774045417371354,0.7152131486174407,True
0.5,87,ae,0.8117522083224583,1.9079336004063,1.0961813920838415,False
0.5,87,vae,0.7062559364795309,1.5389331244436413,0.8326771879641104,False
0.5,87,contrastive,0.5305631323462441,1.311492407477235,0.7809292751309909,True
0.5,87,balanced,0.36309623828094745,1.0446829919041993,0.6815867536232518,True
0.5,87,ldm,0.36666682754451496,1.0297800724586708,0.6631132449141558,True
0.5,87,sprl,0.24554837572720145,1.0320631344871005,0.7865147587598991,True
0.5,88,raw,0.46681869569908824,1.1363027230295608,0.6694840273304725,True
0.5,88,ae,-0.30485326955452063,1.1617550734923854,1.466608343046906,True
0.5,88,vae,0.7767751161604006,1.5672000676552584,0.7904249514948578,False
0.5,88,contrastive,0.632951689505248,1.3739582078854693,0.7410065183802212,True
0.5,88,balanced,0.44159994665284574,1.0983887947919753,0.6567888481391295,True
0.5,88,ldm,0.42026513034535284,1.1134445709613672,0.6931794406160143,True
0.5,88,sprl,0.3889408423701457,1.085696032861174,0.6967551904910283,True
0.5,89,raw,0.2855424198940139,1.0237883831623504,0.7382459632683365,True
0.5,89,ae,0.6563511637666765,1.5010811591625726,0.8447299953958961,True
0.5,89,vae,0.6532532055430671,1.465657311545452,0.812404106002385,True
0.5,89,contrastive,0.5414912121563843,1.3243636224833357,0.7828724103269514,True
0.5,89,balanced,0.35813950513949094,1.0531582438341076,0.6950187386946167,True
0.5,89,ldm,0.3584792174848143,1.0437284226692893,0.685249205184475,True
0.5,89,sprl,0.30888153822636666,1.0347553651619814,0.7258738269356148,True
0.5,90,raw,0.3689573292999004,1.052773135387111,0.6838158060872106,True
0.5,90,ae,0.753344725677926,1.877259795114649,1.123915069436723,False
0.5,90,vae,0.7003480123063185,1.4932969255555606,0.7929489132492421,False
0.5,90,contrastive,0.6831457035524773,1.4889541474983068,0.8058084439458295,True
0.5,90,balanced,0.4196583332332312,1.081391944333558,0.6617336111003268,True
0.5,90,ldm,0.3816964989873801,1.0633282321260178,0.6816317331386377,True
0.5,90,sprl,0.3404312138519231,1.0398418506266927,0.6994106367747696,True
0.5,91,raw,0.4581660143374223,1.0978289458842878,0.6396629315468655,True
0.5,91,ae,0.34936579971937215,1.3198258018882572,0.970460002168885,True
0.5,91,vae,0.7635748213711182,1.6008633040451246,0.8372884826740064,False
0.5,91,contrastive,0.7210895384169349,1.5504761563500575,0.8293866179331226,False
0.5,91,balanced,0.4330474563197182,1.1308266655904602,0.697779209270742,True
0.5,91,ldm,0.417830452713422,1.1105008002528418,0.6926703475394198,True
0.5,91,sprl,0.4375524646982495,1.116807369117544,0.6792549044192945,True
0.5,92,raw,0.42301909767991946,1.1024259647740344,0.6794068670941149,True
0.5,92,ae,0.5725880240213542,1.3922275896022387,0.8196395655808845,True
0.5,92,vae,0.7584934375477533,1.5905853480660546,0.8320919105183012,False
0.5,92,contrastive,0.6245481975410927,1.4037545982196693,0.7792064006785766,True
0.5,92,balanced,0.38086412289286964,1.0721179940119296,0.69125387111906,True
0.5,92,ldm,0.39752130760234383,1.0754254627967927,0.6779041551944489,True
0.5,92,sprl,0.3758679695074383,1.1041630280323025,0.7282950585248642,True
0.5,93,raw,0.3457734086277827,1.0409874304661617,0.695214021838379,True
0.5,93,ae,0.5363571419812255,1.4571611460030158,0.9208040040217903,True
0.5,93,vae,0.6891199269112301,1.5326350815548526,0.8435151546436225,True
0.5,93,contrastive,0.653895576186181,1.4700742009020875,0.8161786247159065,True
0.5,93,balanced,0.35490738384800125,1.0588930337135083,0.703985649865507,True
0.5,93,ldm,0.40271316707549953,1.0483944651788402,0.6456812981033406,True
0.5,93,sprl,0.30896609771294825,1.0800307913426062,0.7710646936296579,True
0.5,94,raw,0.34002507701497836,1.0741892123536059,0.7341641353386275,True
0.5,94,ae,0.6392514505411941,1.5150788221183615,0.8758273715771674,True
0.5,94,vae,0.6827290311582239,1.496804691644309,0.814075660486085,True
0.5,94,contrastive,0.6910970714809268,1.4912602708673872,0.8001631993864604,True
0.5,94,balanced,0.3785434302616965,1.0674821730258082,0.6889387427641116,True
0.5,94,ldm,0.3965465942619228,1.0746339758487535,0.6780873815868307,True
0.5,94,sprl,0.31173337363918807,1.1010421387604932,0.7893087651213051,True
0.5,95,raw,0.3450172627284476,1.0669016989369113,0.7218844362084638,True
0.5,95,ae,1.0848994829292165,2.5219280280982193,1.4370285451690028,False
0.5,95,vae,0.692161793268536,1.5149183265996582,0.8227565333311222,True
0.5,95,contrastive,0.7199189776417863,1.6212107995472704,0.9012918219054842,False
0.5,95,balanced,0.3610206564357442,1.0571353888592587,0.6961147324235145,True
0.5,95,ldm,0.25012575230686024,1.0266381104905327,0.7765123581836724,True
0.5,95,sprl,0.3778247913972588,1.0479228782231513,0.6700980868258926,True
0.5,96,raw,0.2792389560438854,0.9932470423675979,0.7140080863237125,True
0.5,96,ae,0.1912031351003298,1.0746369176300261,0.8834337825296963,True
0.5,96,vae,0.6504940611722612,1.4771944515384134,0.8267003903661523,True
0.5,96,contrastive,0.4711103434952292,1.2406139714290307,0.7695036279338016,True
0.5,96,balanced,0.31047100518299775,1.027880589659539,0.7174095844765414,True
0.5,96,ldm,0.2623482362967068,1.0130614795196842,0.7507132432229774,True
0.5,96,sprl,0.331765416995956,1.0044810271666906,0.6727156101707346,True
0.5,97,raw,0.4362312655357121,1.0900026980301962,0.6537714324944841,True
0.5,97,ae,1.352453066964175,3.203180298075928,1.850727231111753,False
0.5,97,vae,0.7406943917255497,1.5479079229116681,0.8072135311861184,False
0.5,97,contrastive,0.7619847989039996,1.6056835936821445,0.8436987947781449,False
0.5,97,balanced,0.4113010243711905,1.0689374006681038,0.6576363762969133,True
0.5,97,ldm,0.4153469622232187,1.0591989169979181,0.6438519547746995,True
0.5,97,sprl,0.40073926905437635,1.127883143105065,0.7271438740506888,True
0.5,98,raw,0.43201058348137306,1.1119707764325197,0.6799601929511467,True
0.5,98,ae,0.6859338245568221,1.5486782085756357,0.8627443840188136,True
0.5,98,vae,0.7341661974682232,1.5434404538788458,0.8092742564106226,False
0.5,98,contrastive,0.7489966216328945,1.5852918295938836,0.8362952079609891,False
0.5,98,balanced,0.41579999731022965,1.1037877409405534,0.6879877436303238,True
0.5,98,ldm,0.42279611271834694,1.087339918715169,0.6645438059968222,True
0.5,98,sprl,0.4586238867641847,1.111988402757314,0.6533645159931292,True
0.5,99,raw,0.3415967826821928,1.0273755385004169,0.685778755818224,True
0.5,99,ae,0.35831352322850984,1.2127391337970888,0.8544256105685789,True
0.5,99,vae,0.6846723926158164,1.494590996373462,0.8099186037576457,True
0.5,99,contrastive,0.5919061531622551,1.43680498352386,0.844898830361605,True
0.5,99,balanced,0.3470795370514645,1.02788385150323,0.6808043144517655,True
0.5,99,ldm,0.3931355872628272,1.0618480523242408,0.6687124650614136,True
0.5,99,sprl,0.333694519161275,1.0333779313016138,0.6996834121403388,True
0.5,100,raw,0.39062949436059946,1.054711174449333,0.6640816800887335,True
0.5,100,ae,0.8023858145858273,2.099902108389154,1.2975162938033264,False
0.5,100,vae,0.6696439006758285,1.4150805673670261,0.7454366666911977,True
0.5,100,contrastive,0.7572857624003521,1.6209485116217348,0.8636627492213828,False
0.5,100,balanced,0.3964550732239303,1.0605033626896536,0.6640482894657234,True
0.5,100,ldm,0.39095896465820706,1.0524512209839327,0.6614922563257257,True
0.5,100,sprl,0.42323886095510754,1.0415876865936986,0.6183488256385911,True
0.8,1,raw,0.21208464122323625,1.3020073098185698,1.0899226685953336,True
0.8,1,ae,0.45812859775955384,2.3163895583583813,1.8582609605988276,True
0.8,1,vae,0.5504781298352376,1.816259906058004,1.2657817762227666,True
0.8,1,contrastive,0.5939726204876223,2.1573538714414675,1.5633812509538452,True
0.8,1,balanced,0.23909025149613652,1.344353817841191,1.1052635663450543,True
0.8,1,ldm,0.2444029474225351,1.3214289110188056,1.0770259635962705,True
0.8,1,sprl,0.2533601973800155,1.3104201736751908,1.0570599762951753,True
0.8,2,raw,0.25201644808865087,1.3786736689641654,1.1266572208755146,True
0.8,2,ae,0.29341918203259293,1.764575586967832,1.471156404935239,True
0.8,2,vae,0.5726912069515191,1.8864175224575523,1.3137263155060332,True
0.8,2,contrastive,0.5386630043674948,1.934621969260407,1.395958964892912,True
0.8,2,balanced,0.2753091583286375,1.4287375108926852,1.1534283525640476,True
0.8,2,ldm,0.38239124811979136,1.3801115549324323,0.997720306812641,True
0.8,2,sprl,0.16909717942888364,1.3951188527442957,1.2260216733154121,True
0.8,3,raw,0.20434842933804143,1.4354188006843203,1.231070371346279,True
0.8,3,ae,0.26551875977225237,1.6684883969801325,1.4029696372078801,True
0.8,3,vae,0.5745923738675247,1.8925132179791093,1.3179208441115846,True
0.8,3,contrastive,0.4752393476059116,1.7497781078330588,1.2745387602271472,True
0.8,3,balanced,0.25066825431099393,1.3577335342620136,1.1070652799510197,True
0.8,3,ldm,0.23625774574326738,1.3507941885915453,1.114536442848278,True
0.8,3,sprl,0.27057135042125174,1.3210602095750406,1.0504888591537889,True
0.8,4,raw,0.22475608473514444,1.3152642393381417,1.0905081546029973,True
0.8,4,ae,-0.2933908997427736,1.8706235191136136,2.1640144188563872,True
0.8,4,vae,0.5623905386627673,1.8996326753307855,1.337242136668018,True
0.8,4,contrastive,0.38184219763483546,1.64032000817158,1.2584778105367447,True
0.8,4,balanced,0.18523269256707436,1.3028592957674507,1.1176266032003763,True
0.8,4,ldm,0.15106466200789387,1.2721484863497032,1.1210838243418093,True
0.8,4,sprl,0.20423015971767217,1.2902080481306935,1.0859778884130213,True
0.8,5,raw,0.1461124003292152,1.270822222064075,1.12470982173486,True
0.8,5,ae,0.9991644425477585,4.257436845456759,3.2582724029090007,False
0.8,5,vae,0.5067867924536725,1.8366533086519106,1.329866516198238,True
0.8,5,contrastive,0.6001848371932954,2.2393432083194393,1.639158371126144,True
0.8,5,balanced,0.18726743922818392,1.3319363106222144,1.1446688713940305,True
0.8,5,ldm,0.17296301158182373,1.326813605486068,1.1538505939042443,True
0.8,5,sprl,-0.002455646588910736,1.3975898002641027,1.4000454468530135,True
0.8,6,raw,0.24228676254802267,1.3788278739856716,1.136541111437649,True
0.8,6,ae,-0.44621546664204637,1.8219802857399656,2.268195752382012,True
0.8,6,vae,0.5798407480174088,1.8933630830292167,1.313522335011808,True
0.8,6,contrastive,0.6901474170853595,2.3440757817856532,1.6539283647002936,True
0.8,6,balanced,0.2291390770452349,1.316443701386753,1.087304624341518,True
0.8,6,ldm,0.22263213254120912,1.304251292928875,1.081619160387666,True
0.8,6,sprl,0.14938544309845503,1.4165902996388078,1.2672048565403529,True
0.8,7,raw,0.07242521354659179,1.2191052038712091,1.1466799903246174,True
0.8,7,ae,0.6693017086237371,3.5560920122391844,2.8867903036154474,True
0.8,7,vae,0.45301148734682556,1.7596577771266846,1.306646289779859,True
0.8,7,contrastive,0.5247980631767399,2.4262945574587436,1.9014964942820036,True
0.8,7,balanced,0.1390305436665314,1.2785985731202103,1.139568029453679,True
0.8,7,ldm,0.14895578469680584,1.2494394922339631,1.1004837075371572,True
0.8,7,sprl,0.2096735617210408,1.250943763433618,1.0412702017125772,True
0.8,8,raw,0.22440576393646397,1.2620722656984729,1.0376665017620088,True
0.8,8,ae,0.4433099434723169,2.2404359425741953,1.7971259991018784,True
0.8,8,vae,0.5449143980235355,1.8769213485392902,1.3320069505157548,True
0.8,8,contrastive,0.45228831989249973,1.7771269967961958,1.324838676903696,True
0.8,8,balanced,0.11680758776850016,1.2672787956740674,1.1504712079055672,True
0.8,8,ldm,0.08539504529995971,1.2539421804452788,1.1685471351453192,True
0.8,8,sprl,0.14123801734541475,1.3875506264831319,1.2463126091377172,True
0.8,9,raw,0.22676187289502164,1.3329958390162138,1.1062339661211922,True
0.8,9,ae,-0.20373255655819417,1.4894936208157608,1.693226177373955,True
0.8,9,vae,0.5654329441350715,1.8976652136170333,1.332232269481962,True
0.8,9,contrastive,0.5440104173822637,1.8923951465013975,1.3483847291191338,True
0.8,9,balanced,0.1648386159346736,1.30462450081991,1.1397858848852365,True
0.8,9,ldm,0.14244971663848308,1.3022379135851745,1.1597881969466914,True
0.8,9,sprl,0.07482713216921585,1.374415616452104,1.2995884842828882,True
0.8,10,raw,0.22483805806836477,1.3801180413200047,1.1552799832516398,True
0.8,10,ae,0.7238112571337435,2.590931676048348,1.8671204189146042,False
0.8,10,vae,0.5617335487895211,1.814873189689759,1.2531396409002378,True
0.8,10,contrastive,0.5898097871065245,2.070590981111873,1.4807811940053481,True
0.8,10,balanced,0.2326998313010668,1.336429509904129,1.1037296786030621,True
0.8,10,ldm,0.22613537659162986,1.3486800796671905,1.1225447030755606,True
0.8,10,sprl,0.15190898964463084,1.3801593671251808,1.22825037748055,True
0.8,11,raw,0.145756393669933,1.2829447749850558,1.1371883813151227,True
0.8,11,ae,2.858121553676721,14.076979433492946,11.218857879816225,False
0.8,11,vae,0.5289671499042488,1.8900685240060628,1.361101374101814,True
0.8,11,contrastive,0.3915371829761298,1.6779089644613268,1.286371781485197,True
0.8,11,balanced,0.2457823101700139,1.3908713266692063,1.1450890164991925,True
0.8,11,ldm,0.24748270860642388,1.387129498286896,1.139646789680472,True
0.8,11,sprl,-0.013744173314198355,1.414661905035767,1.4284060783499652,True
0.8,12,raw,0.36011989098741326,1.3753256709772272,1.015205779989814,True
0.8,12,ae,0.5373077462398481,2.1918049622128484,1.6544972159730003,True
0.8,12,vae,0.6343987107641336,1.9306868610791712,1.2962881503150376,True
0.8,12,contrastive,0.6804693829647472,2.1337561515826513,1.453286768617904,True
0.8,12,balanced,0.2330832814850638,1.3172703374699042,1.0841870559848403,True
0.8,12,ldm,0.1877950202023502,1.262586123854088,1.074791103651738,True
0.8,12,sprl,0.2702929126782947,1.4010865486294248,1.1307936359511301,True
0.8,13,raw,0.21868459450793065,1.3845376532162132,1.1658530587082825,True
0.8,13,ae,0.8661895383962407,3.3719235742582314,2.5057340358619906,False
0.8,13,vae,0.5617068860845028,1.9027585844470654,1.3410516983625627,True
0.8,13,contrastive,0.5195847319226974,1.9002025932532889,1.3806178613305915,True
0.8,13,balanced,0.22635756557821915,1.3346468879651827,1.1082893223869636,True
0.8,13,ldm,0.17115741937210588,1.3485810447900337,1.1774236254179278,True
0.8,13,sprl,0.246367306646785,1.3445711916689453,1.0982038850221603,True
0.8,14,raw,0.18183156061144454,1.307415318946225,1.1255837583347805,True
0.8,14,ae,0.7667891085070965,2.87821831679051,2.111429208283414,False
0.8,14,vae,0.5321017505897305,1.9044745727326644,1.3723728221429339,True
0.8,14,contrastive,0.41209285888484865,1.7374260565063742,1.3253331976215255,True
0.8,14,balanced,0.1881586010843037,1.332411464700053,1.1442528636157492,True
0.8,14,ldm,0.25123451457484747,1.3180950638895046,1.066860549314657,True
0.8,14,sprl,0.037685320522055574,1.4180336847458315,1.380348364223776,True
0.8,15,raw,0.22462758015672593,1.3596226648240601,1.1349950846673342,True
0.8,15,ae,2.1230596910932578,9.526736113042352,7.403676421949094,False
0.8,15,vae,0.560363158391284,1.9247003451004434,1.3643371867091594,True
0.8,15,contrastive,0.60726979019181,2.1308693763445388,1.5235995861527287,True
0.8,15,balanced,0.22992378624627882,1.3591181005229602,1.1291943142766814,True
0.8,15,ldm,0.24882399884032938,1.3744806708726105,1.1256566720322811,True
0.8,15,sprl,0.27290558963188805,1.3335668746528808,1.0606612850209927,True
0.8,16,raw,0.21329185469160666,1.3088865624469779,1.0955947077553712,True
0.8,16,ae,0.5603391315539915,2.0729632750331537,1.512624143479162,True
0.8,16,vae,0.53804720419027,1.801061604825894,1.263014400635624,True
0.8,16,contrastive,0.4957636768569488,1.850954859674679,1.3551911828177303,True
0.8,16,balanced,0.22143058587698475,1.3413432028776116,1.1199126170006268,True
0.8,16,ldm,0.22635155353430364,1.32898761346707,1.1026360599327663,True
0.8,16,sprl,0.24526643756897196,1.3791593221774177,1.1338928846084457,True
0.8,17,raw,0.16790305781182838,1.2847831063226767,1.1168800485108483,True
0.8,17,ae,-0.0230205833024806,1.7707605083336515,1.793781091636132,True
0.8,17,vae,0.5139590306733013,1.861628311591431,1.3476692809181297,True
0.8,17,contrastive,0.471621894038572,1.838446349764954,1.3668244557263818,True
0.8,17,balanced,0.13697203300335023,1.2875243747854177,1.1505523417820676,True
0.8,17,ldm,0.1636977402287411,1.2757162272941802,1.112018487065439,True
0.8,17,sprl,0.15963004961138483,1.2650277716006348,1.1053977219892501,True
0.8,18,raw,0.21957231071912542,1.3083857483064911,1.0888134375873657,True
0.8,18,ae,0.35237440161063593,1.7038849355034522,1.3515105338928164,True
0.8,18,vae,0.546337733592372,1.8971897123789851,1.3508519787866131,True
0.8,18,contrastive,0.4996752299008576,1.823779524627628,1.3241042947267705,True
0.8,18,balanced,0.20520413706766466,1.3659713830377127,1.160767245970048,True
0.8,18,ldm,0.20780565042432517,1.3267500910264303,1.1189444406021052,True
0.8,18,sprl,0.10500803071255056,1.4444293620147328,1.3394213313021823,True
0.8,19,raw,0.1491045842194568,1.2027783052624734,1.0536737210430167,True
0.8,19,ae,0.592939529889051,2.67520756912284,2.0822680392337887,True
0.8,19,vae,0.4906618982248295,1.800985084840426,1.3103231866155967,True
0.8,19,contrastive,0.6371175641610627,2.6067896806151367,1.969672116454074,True
0.8,19,balanced,0.17211443007254953,1.3168155186386434,1.144701088566094,True
0.8,19,ldm,0.14860019430135893,1.2408510027352961,1.0922508084339373,True
0.8,19,sprl,0.19626188591266877,1.2943224077204005,1.0980605218077317,True
0.8,20,raw,0.2709917568503516,1.4271417058904556,1.156149949040104,True
0.8,20,ae,0.9985625421994344,3.949237969530459,2.9506754273310247,False
0.8,20,vae,0.6151525483765429,1.958905110870587,1.343752562494044,True
0.8,20,contrastive,0.5920905982757636,2.082379168235418,1.4902885699596544,True
0.8,20,balanced,0.23899728192692873,1.3157621350398037,1.0767648531128748,True
0.8,20,ldm,0.2784844945672832,1.2884848986592052,1.010000404091922,True
0.8,20,sprl,0.23752816519941408,1.3035993658484335,1.0660712006490194,True
0.8,21,raw,0.15882813978608504,1.3057624431842842,1.1469343033981991,True
0.8,21,ae,-1.042750561150344,2.1689635776720535,3.2117141388223978,True
0.8,21,vae,0.5073757677436693,1.8332730035429963,1.325897235799327,True
0.8,21,contrastive,0.5182766220679327,2.039457651647041,1.5211810295791082,True
0.8,21,balanced,0.13866501320558622,1.2964385633099687,1.1577735501043824,True
0.8,21,ldm,0.14356041575424017,1.2919598575357838,1.1483994417815437,True
0.8,21,sprl,0.07119937020517923,1.3784140178668907,1.3072146476617115,True
0.8,22,raw,0.26538911243601915,1.4116724062642374,1.1462832938282181,True
0.8,22,ae,0.8254845364632011,3.1676059994245866,2.3421214629613853,False
0.8,22,vae,0.6070844939652058,2.004003093744571,1.3969185997793654,True
0.8,22,contrastive,0.6398792233924807,2.2906544263252644,1.6507752029327838,True
0.8,22,balanced,0.23146217925269774,1.3608648614923176,1.1294026822396197,True
0.8,22,ldm,0.196777359343319,1.3498052841852488,1.1530279248419297,True
0.8,22,sprl,0.28679882504798154,1.367935716575517,1.0811368915275354,True
0.8,23,raw,0.20697516649391104,1.3249033822214777,1.1179282157275667,True
0.8,23,ae,0.9876448611158046,4.912348770412865,3.92470390929706,False
0.8,23,vae,0.5483315586860527,1.9548334986149294,1.4065019399288767,True
0.8,23,contrastive,0.377854780736078,1.649157926054974,1.271303145318896,True
0.8,23,balanced,0.14226934530099167,1.3004748769318566,1.1582055316308648,True
0.8,23,ldm,0.16951950526040624,1.3031476818993222,1.133628176638916,True
0.8,23,sprl,0.13876571835118226,1.345218759096122,1.2064530407449396,True
0.8,24,raw,0.07590696927541125,1.2975348658593198,1.2216278965839085,True
0.8,24,ae,0.4946805243311309,3.2146808376170792,2.7200003132859485,True
0.8,24,vae,0.4928580438636617,1.851653774489616,1.3587957306259542,True
0.8,24,contrastive,0.6581987173157189,2.5793023310307204,1.9211036137150015,True
0.8,24,balanced,0.1766099993385841,1.345940035624932,1.169330036286348,True
0.8,24,ldm,0.2284282307383449,1.306571742727726,1.078143511989381,True
0.8,24,sprl,0.19045389398512413,1.3264869884381307,1.1360330944530066,True
0.8,25,raw,0.1709062665801022,1.3229379093080482,1.152031642727946,True
0.8,25,ae,0.8302294934910714,3.203014487891266,2.3727849944001944,False
0.8,25,vae,0.5395572965305447,1.8281617298676294,1.2886044333370847,True
0.8,25,contrastive,0.5364408889509775,1.9390513531536389,1.4026104642026613,True
0.8,25,balanced,0.21435234015423288,1.3220493147519123,1.1076969745976795,True
0.8,25,ldm,0.2913012760830641,1.324595581652741,1.0332943055696768,True
0.8,25,sprl,0.21558057262317457,1.298325781939814,1.0827452093166394,True
0.8,26,raw,0.2379222729120259,1.3344607572981673,1.0965384843861414,True
0.8,26,ae,0.22571877710698926,1.7839059267258826,1.5581871496188933,True
0.8,26,vae,0.5618577507642437,1.9175192798239662,1.3556615290597225,True
0.8,26,contrastive,0.4626561761916385,1.7922480660961635,1.329591889904525,True
0.8,26,balanced,0.2250734547897041,1.3245128452849868,1.0994393904952826,True
0.8,26,ldm,0.24936492089509502,1.3234642537776333,1.0740993328825383,True
0.8,26,sprl,0.2730233511097055,1.3435983593057108,1.0705750081960053,True
0.8,27,raw,0.2652422599761474,1.3150315132945398,1.0497892533183923,True
0.8,27,ae,0.7551047616824377,2.9433644807314248,2.188259719048987,False
0.8,27,vae,0.5701606909665594,1.912717455021733,1.3425567640551734,True
0.8,27,contrastive,0.4983521498822093,1.8661398052844422,1.3677876554022328,True
0.8,27,balanced,0.2047005080002385,1.3538389352218014,1.149138427221563,True
0.8,27,ldm,0.19537718448619001,1.363227526421837,1.167850341935647,True
0.8,27,sprl,0.14356772668284556,1.4321659912123854,1.28859826452954,True
0.8,28,raw,0.19124794179547486,1.3058461377356794,1.1145981959402045,True
0.8,28,ae,0.23320511899452775,2.2413107058687407,2.008105586874213,True
0.8,28,vae,0.5364562893373385,1.8404518870993831,1.3039955977620448,True
0.8,28,contrastive,0.5029049858299354,1.9171652641280439,1.4142602782981086,True
0.8,28,balanced,0.190877022685905,1.3133456515888178,1.1224686289029129,True
0.8,28,ldm,0.19487602186121747,1.3189236626867238,1.1240476408255062,True
0.8,28,sprl,0.26676205994079316,1.3168757065495529,1.0501136466087597,True
0.8,29,raw,0.12393604014648701,1.2982504918518254,1.1743144517053383,True
0.8,29,ae,0.7091365149346809,3.3440981783559183,2.6349616634212376,False
0.8,29,vae,0.5386251239804501,1.923113231083236,1.384488107102786,True
0.8,29,contrastive,0.44289380460438676,1.9046166109305902,1.4617228063262035,True
0.8,29,balanced,0.2157221806866356,1.364464088196914,1.1487419075102783,True
0.8,29,ldm,0.1134840554413252,1.3749875026890495,1.2615034472477242,True
0.8,29,sprl,0.16376349779701138,1.3934736237734402,1.2297101259764287,True
0.8,30,raw,0.12978495495429787,1.2974615280315653,1.1676765730772676,True
0.8,30,ae,0.47075955160482424,2.0114696265066603,1.540710074901836,True
0.8,30,vae,0.5366693394719845,1.8507505004881437,1.3140811610161593,True
0.8,30,contrastive,0.461695398042484,1.9088036059820201,1.447108207939536,True
0.8,30,balanced,0.24209647495997888,1.349210783098939,1.1071143081389603,True
0.8,30,ldm,0.24545521369196605,1.2947671233519724,1.0493119096600063,True
0.8,30,sprl,0.1800933966353958,1.3214147237809626,1.1413213271455667,True
0.8,31,raw,0.16951039818742364,1.36335588006686,1.1938454818794364,True
0.8,31,ae,0.8855035065132894,3.335490247764549,2.4499867412512595,False
0.8,31,vae,0.5676285420776056,1.9007810952124211,1.3331525531348154,True
0.8,31,contrastive,0.619451838642954,2.0926814105669784,1.4732295719240245,True
0.8,31,balanced,0.22909390069720104,1.341622043467661,1.1125281427704599,True
0.8,31,ldm,0.2762021202331094,1.3312382785866113,1.0550361583535017,True
0.8,31,sprl,0.22936735777260034,1.3132666595480404,1.0838993017754401,True
0.8,32,raw,0.21290279591088374,1.3338867031638364,1.1209839072529526,True
0.8,32,ae,1.1696872793130684,4.926116534389703,3.7564292550766343,False
0.8,32,vae,0.5698212240941479,1.9369314730626974,1.3671102489685496,True
0.8,32,contrastive,0.6176532598094371,2.25847327608967,1.640820016280233,True
0.8,32,balanced,0.2355172485259627,1.3800579056092328,1.1445406570832701,True
0.8,32,ldm,0.235244665870884,1.351596222838099,1.116351556967215,True
0.8,32,sprl,0.21463539400423715,1.3170164688877848,1.1023810748835476,True
0.8,33,raw,0.2537541234270382,1.3363965056252667,1.0826423821982285,True
0.8,33,ae,-0.5681116100112239,1.8631253966651697,2.4312370066763935,True
0.8,33,vae,0.5809836356357824,1.8868697724243975,1.3058861367886152,True
0.8,33,contrastive,0.451302212206283,1.758451998751268,1.3071497865449848,True
0.8,33,balanced,0.22115409256833773,1.3526931779805298,1.131539085412192,True
0.8,33,ldm,0.3048656800083519,1.335993266265257,1.031127586256905,True
0.8,33,sprl,0.08596943987926167,1.4126923144180499,1.3267228745387882,True
0.8,34,raw,0.19571351286624608,1.3711399188196933,1.1754264059534472,True
0.8,34,ae,0.24841781801763826,2.2225795713550944,1.9741617533374562,True
0.8,34,vae,0.5823133629519701,2.034513294233798,1.4521999312818277,True
0.8,34,contrastive,0.514463077035925,2.151579153076166,1.637116076040241,True
0.8,34,balanced,0.21346618578508006,1.3685937481236303,1.1551275623385502,True
0.8,34,ldm,-0.017753781080486267,1.4011995055046318,1.418953286585118,True
0.8,34,sprl,0.25929227405997746,1.3610776431693585,1.101785369109381,True
0.8,35,raw,0.1165771103447787,1.2855107623552733,1.1689336520104945,True
0.8,35,ae,1.5844691989476414,6.9308808972817175,5.346411698334077,False
0.8,35,vae,0.4891118191902824,1.7969780423201396,1.3078662231298572,True
0.8,35,contrastive,0.3234142576861348,1.777954072401567,1.4545398147154323,True
0.8,35,balanced,0.19364528916442508,1.2911407523895915,1.0974954632251663,True
0.8,35,ldm,0.22085543357512116,1.297906382261516,1.0770509486863948,True
0.8,35,sprl,0.2092596383733949,1.2825583384445842,1.0732987000711893,True
0.8,36,raw,0.2978259605115752,1.3947788122570304,1.0969528517454552,True
0.8,36,ae,-0.14273091069689864,1.4800034609280106,1.6227343716249092,True
0.8,36,vae,0.6133865315209618,1.916392849837549,1.3030063183165872,True
0.8,36,contrastive,0.38660925497757037,1.6431750379043355,1.2565657829267651,True
0.8,36,balanced,0.20808150472371112,1.3429476337693367,1.1348661290456254,True
0.8,36,ldm,0.034156309156225674,1.3978773425717597,1.363721033415534,True
0.8,36,sprl,0.28958622400019246,1.3496761584110486,1.060089934410856,True
0.8,37,raw,0.3037074445003046,1.3469579444585464,1.043250499958242,True
0.8,37,ae,0.6198226066465702,3.2822582382191468,2.662435631572577,True
0.8,37,vae,0.6125957787072488,2.0509907554626983,1.4383949767554496,True
0.8,37,contrastive,0.7077258996643276,2.555447453769344,1.8477215541050163,False
0.8,37,balanced,0.19730975982850762,1.3442160635991025,1.1469063037705949,True
0.8,37,ldm,0.1964808895030338,1.29975332643523,1.103272436932196,True
0.8,37,sprl,0.17892419832939832,1.4282986926432357,1.2493744943138374,True
0.8,38,raw,0.22286843793325847,1.3684687039532866,1.1456002660200282,True
0.8,38,ae,0.5990721300369983,2.3922253004156713,1.793153170378673,True
0.8,38,vae,0.5735149812693365,1.9153045812539393,1.3417895999846028,True
0.8,38,contrastive,0.6374941590395139,2.2128148599615867,1.5753207009220729,True
0.8,38,balanced,0.18127211944503102,1.2852319004146018,1.1039597809695707,True
0.8,38,ldm,0.22976173400786679,1.2197875958902271,0.9900258618823603,True
0.8,38,sprl,0.19455182026020235,1.280046163108017,1.0854943428478148,True
0.8,39,raw,0.16515338400964133,1.306157666311582,1.1410042823019406,True
0.8,39,ae,0.9689676588151734,5.078279472578813,4.1093118137636395,False
0.8,39,vae,0.5276818950228813,1.8204911718049246,1.2928092767820432,True
0.8,39,contrastive,0.5269339636624194,1.842145276686268,1.3152113130238487,True
0.8,39,balanced,0.21503620637490012,1.3105721353391484,1.0955359289642483,True
0.8,39,ldm,0.18587398739008731,1.319675969150067,1.1338019817599796,True
0.8,39,sprl,0.25168751207110684,1.2895556411581202,1.0378681290870133,True
0.8,40,raw,0.23436715888851276,1.3205803329076804,1.0862131740191676,True
0.8,40,ae,0.4036988634717577,2.607228791863665,2.2035299283919074,True
0.8,40,vae,0.5543217359391142,1.8574566116958835,1.3031348757567693,True
0.8,40,contrastive,0.5181615689513499,1.910308786511673,1.3921472175603231,True
0.8,40,balanced,0.211077801105256,1.3353407341816648,1.1242629330764087,True
0.8,40,ldm,0.2254966293085291,1.3246189232720569,1.0991222939635277,True
0.8,40,sprl,0.2756907759822383,1.3077499894830384,1.0320592135008002,True
0.8,41,raw,0.06078374495298211,1.2728337999423285,1.2120500549893465,True
0.8,41,ae,0.7603114095146752,3.20679314619672,2.4464817366820446,False
0.8,41,vae,0.49251234461693805,1.8956139468143716,1.4031016021974336,True
0.8,41,contrastive,0.5328555045742509,2.132223452011786,1.599367947437535,True
0.8,41,balanced,0.1823288372826753,1.3048475140923879,1.1225186768097126,True
0.8,41,ldm,0.1257646516211296,1.322067870966921,1.1963032193457912,True
0.8,41,sprl,-0.11823020316631883,1.3946151307964136,1.5128453339627326,True
0.8,42,raw,0.18357743078029515,1.284827188665274,1.101249757884979,True
0.8,42,ae,0.44098978873216294,1.9412857622481223,1.5002959735159593,True
0.8,42,vae,0.5200756369843033,1.8397223801724172,1.3196467431881138,True
0.8,42,contrastive,0.4576751923852925,1.7556592875743933,1.2979840951891009,True
0.8,42,balanced,0.20587761065830174,1.3399037734602357,1.134026162801934,True
0.8,42,ldm,0.23199235925860812,1.346060730348924,1.1140683710903159,True
0.8,42,sprl,0.22701627413989942,1.3044401783462454,1.077423904206346,True
0.8,43,raw,0.12878447661266773,1.287394407265548,1.1586099306528803,True
0.8,43,ae,1.0874866962704146,4.6452148660847,3.5577281698142853,False
0.8,43,vae,0.5283778760132831,1.8737283581619013,1.3453504821486182,True
0.8,43,contrastive,0.584759124952168,2.058707804598901,1.473948679646733,True
0.8,43,balanced,0.1990711626421207,1.3441674822751808,1.1450963196330601,True
0.8,43,ldm,0.18425435722731764,1.3159591653163425,1.1317048080890248,True
0.8,43,sprl,0.10506168667037534,1.35401638788074,1.2489547012103648,True
0.8,44,raw,0.1747764608629693,1.3206997967185787,1.1459233358556093,True
0.8,44,ae,0.3960233566473605,2.048670746365161,1.6526473897178007,True
0.8,44,vae,0.5249753391606595,1.8385837956009208,1.3136084564402613,True
0.8,44,contrastive,0.5564182477260236,1.9144221254210365,1.358003877695013,True
0.8,44,balanced,0.24355833204311206,1.3659766646622808,1.1224183326191688,True
0.8,44,ldm,0.14418887848286105,1.3619393703870264,1.2177504919041653,True
0.8,44,sprl,0.1610422424633984,1.4027513849317754,1.241709142468377,True
0.8,45,raw,0.26998338495317586,1.3937740953767872,1.1237907104236113,True
0.8,45,ae,0.059773139311832334,1.97116323679122,1.9113900974793876,True
0.8,45,vae,0.5874309029286393,1.935644449309654,1.3482135463810148,True
0.8,45,contrastive,0.5383845722558163,1.8688779821342676,1.3304934098784513,True
0.8,45,balanced,0.24011760009435706,1.3836176332447336,1.1435000331503766,True
0.8,45,ldm,0.2310448796741704,1.3889526722745005,1.15790779260033,True
0.8,45,sprl,0.30803664871777936,1.3962869864001235,1.0882503376823442,True
0.8,46,raw,0.30759604770032983,1.3846980544361678,1.077102006735838,True
0.8,46,ae,0.845855222160752,3.254182090830151,2.4083268686693993,False
0.8,46,vae,0.628094135192789,2.084085015571902,1.455990880379113,True
0.8,46,contrastive,0.7159150943669473,2.468340824365054,1.7524257299981065,False
0.8,46,balanced,0.19780046778267715,1.3455190669896857,1.1477185992070085,True
0.8,46,ldm,0.26738800552597497,1.3233340921915488,1.0559460866655739,True
0.8,46,sprl,0.1546926935830455,1.4335551823133563,1.2788624887303108,True
0.8,47,raw,0.30592018187601916,1.397962860825918,1.092042678949899,True
0.8,47,ae,0.750184172468739,2.6156753797364267,1.8654912072676877,False
0.8,47,vae,0.6221711345847941,2.005990667700112,1.3838195331153176,True
0.8,47,contrastive,0.7029572990835384,2.3477278891054327,1.6447705900218943,False
0.8,47,balanced,0.23144181454313228,1.3666102477240811,1.1351684331809488,True
0.8,47,ldm,0.24490786608447265,1.3587922781503767,1.1138844120659042,True
0.8,47,sprl,0.16896306559934363,1.4138372526455607,1.244874187046217,True
0.8,48,raw,0.17228233590785955,1.2926491002036726,1.120366764295813,True
0.8,48,ae,0.44836111001672996,2.779700573882755,2.3313394638660254,True
0.8,48,vae,0.5232378864401342,1.863241184866296,1.3400032984261618,True
0.8,48,contrastive,0.5631810580499488,2.3151346617545974,1.7519536037046486,True
0.8,48,balanced,0.15377034172575396,1.2737007930285258,1.119930451302772,True
0.8,48,ldm,0.14189699509881004,1.2466023798452848,1.1047053847464747,True
0.8,48,sprl,0.181524733160238,1.2858998955049727,1.1043751623447347,True
0.8,49,raw,0.2278104345217125,1.2860492193613389,1.0582387848396264,True
0.8,49,ae,0.5352049890481262,2.3265402766577963,1.79133528760967,True
0.8,49,vae,0.5165553842308885,1.7499991208919874,1.2334437366610989,True
0.8,49,contrastive,0.5574867246059156,1.9148592700284746,1.357372545422559,True
0.8,49,balanced,0.18560248247464312,1.3098368952277077,1.1242344127530646,True
0.8,49,ldm,0.1450267971434277,1.2936685706641564,1.1486417735207288,True
0.8,49,sprl,0.16309702782883093,1.3487310619001094,1.1856340340712785,True
0.8,50,raw,0.18073336563115658,1.3935765745171285,1.212843208885972,True
0.8,50,ae,-0.12761579942450857,1.8595599521296353,1.987175751554144,True
0.8,50,vae,0.5762863824468749,1.9298811671812626,1.3535947847343877,True
0.8,50,contrastive,0.5646125900651463,1.9685237986797075,1.403911208614561,True
0.8,50,balanced,0.26019093270889215,1.3698438001662432,1.109652867457351,True
0.8,50,ldm,0.2398358541861191,1.381084193835227,1.1412483396491078,True
0.8,50,sprl,0.09866938550433615,1.4201075235349576,1.3214381380306215,True
0.8,51,raw,0.24539173146446056,1.3641625655400698,1.1187708340756093,True
0.8,51,ae,0.36748153168372294,1.91634078586186,1.548859254178137,True
0.8,51,vae,0.5942716940927985,1.961685531881344,1.3674138377885456,True
0.8,51,contrastive,0.44662306696031134,1.844610899983985,1.3979878330236737,True
0.8,51,balanced,0.24735092749788418,1.3687739242265076,1.1214229967286233,True
0.8,51,ldm,0.28400478188972117,1.2941813586328252,1.0101765767431041,True
0.8,51,sprl,0.11798930705051644,1.4584395657830902,1.3404502587325737,True
0.8,52,raw,0.13161308775104202,1.1980559738824854,1.0664428861314434,True
0.8,52,ae,0.6200325237043447,2.8809715301742513,2.260939006469907,True
0.8,52,vae,0.4869814532658123,1.7435253583979429,1.2565439051321305,True
0.8,52,contrastive,0.5170375101823957,1.8902544656876714,1.3732169555052756,True
0.8,52,balanced,0.17810700387974085,1.323492801207178,1.1453857973274373,True
0.8,52,ldm,0.18416523956438466,1.2823751555556746,1.09820991599129,True
0.8,52,sprl,0.18717719745147315,1.2434902228143678,1.0563130253628947,True
0.8,53,raw,0.2060428366668998,1.3796225278877996,1.1735796912208998,True
0.8,53,ae,0.47752873609387425,2.7966387644237622,2.319110028329888,True
0.8,53,vae,0.5786191183549954,1.8970679761126406,1.3184488577576452,True
0.8,53,contrastive,0.5741879061430849,1.9817881362846652,1.4076002301415804,True
0.8,53,balanced,0.25739666372259323,1.3749746968013075,1.1175780330787142,True
0.8,53,ldm,0.24501178795046608,1.3701415425877335,1.1251297546372674,True
0.8,53,sprl,0.2630550106161109,1.3216248069279648,1.0585697963118539,True
0.8,54,raw,0.17821675965288536,1.3873749043801005,1.209158144727215,True
0.8,54,ae,0.9569925847931032,4.071148070652962,3.1141554858598584,False
0.8,54,vae,0.5701186639384955,1.968203805738341,1.3980851417998457,True
0.8,54,contrastive,0.6479068510239857,2.3530529771940083,1.7051461261700225,True
0.8,54,balanced,0.21834481874799558,1.3233089929957673,1.1049641742477718,True
0.8,54,ldm,0.24806773262417436,1.3815565642205125,1.1334888315963383,True
0.8,54,sprl,0.0795830581497745,1.3122754558972272,1.2326923977474527,True
0.8,55,raw,0.1529071213750862,1.3067761281214756,1.1538690067463895,True
0.8,55,ae,-0.357521378603008,1.5627069766296693,1.9202283552326773,True
0.8,55,vae,0.5121657736923648,1.7548688562284893,1.2427030825361245,True
0.8,55,contrastive,0.14238540436496674,1.477440894017847,1.3350554896528801,True
0.8,55,balanced,0.20047919410187443,1.294430548398572,1.0939513542966977,True
0.8,55,ldm,0.1872181008066526,1.2781598206096179,1.0909417198029652,True
0.8,55,sprl,0.008089613513194444,1.3107980307956044,1.30270841728241,True
0.8,56,raw,0.27075763079560966,1.4264007752604853,1.1556431444648756,True
0.8,56,ae,1.499325505638451,6.370524457326433,4.871198951687982,False
0.8,56,vae,0.61214266879154,1.9539743516524732,1.3418316828609331,True
0.8,56,contrastive,0.6522528533141831,2.2934301364056706,1.6411772830914875,True
0.8,56,balanced,0.24303361453679073,1.349781532866006,1.1067479183292153,True
0.8,56,ldm,0.19950670726949996,1.3637953241895655,1.1642886169200655,True
0.8,56,sprl,0.19280478578285729,1.4429177237781343,1.2501129379952771,True
0.8,57,raw,0.2524594077764764,1.388843518047091,1.1363841102706147,True
0.8,57,ae,0.3793729546391304,2.2339858323526554,1.854612877713525,True
0.8,57,vae,0.5733916609962681,1.832060250840251,1.2586685898439829,True
0.8,57,contrastive,0.5806988408984295,1.9548712341870662,1.3741723932886367,True
0.8,57,balanced,0.25464625436405264,1.3164636698166894,1.0618174154526367,True
0.8,57,ldm,0.3034884691886489,1.332034620766589,1.02854615157794,True
0.8,57,sprl,0.09862840632125648,1.3481345700886955,1.249506163767439,True
0.8,58,raw,0.13678416701341498,1.2707636569623224,1.1339794899489075,True
0.8,58,ae,0.880419095169679,3.7186748527467093,2.83825575757703,False
0.8,58,vae,0.5152618049641782,1.8933239544734533,1.378062149509275,True
0.8,58,contrastive,0.520815676468407,2.1106729055700963,1.5898572291016895,True
0.8,58,balanced,0.18605595848863346,1.3410300451939319,1.1549740867052984,True
0.8,58,ldm,0.17393798873497598,1.3338761194899063,1.1599381307549304,True
0.8,58,sprl,0.15456562242437527,1.31244715994283,1.1578815375184548,True
0.8,59,raw,0.18402543373331418,1.2583427510601686,1.0743173173268543,True
0.8,59,ae,0.2501158233335359,1.6517550735248696,1.4016392501913337,True
0.8,59,vae,0.5266321264041224,1.8217001253945644,1.295067998990442,True
0.8,59,contrastive,0.462382770631628,1.8854711960771273,1.4230884254454992,True
0.8,59,balanced,0.23847430789315063,1.348697469920163,1.1102231620270124,True
0.8,59,ldm,0.229620179765007,1.3516729144738373,1.1220527347088303,True
0.8,59,sprl,0.12998526622011394,1.3713832840954165,1.2413980178753026,True
0.8,60,raw,0.10233710748069706,1.2481250584641077,1.1457879509834106,True
0.8,60,ae,-0.2769363248064076,1.6022778243349858,1.8792141491413934,True
0.8,60,vae,0.4556313006285291,1.7177266911566305,1.2620953905281014,True
0.8,60,contrastive,0.3301876981787444,1.7784590480273113,1.4482713498485669,True
0.8,60,balanced,0.14248880803205427,1.2443725762095939,1.1018837681775395,True
0.8,60,ldm,0.23858186626598343,1.1665853348716377,0.9280034686056543,True
0.8,60,sprl,0.09433157368086217,1.218693397833171,1.124361824152309,True
0.8,61,raw,0.3252249521782468,1.3599504875206347,1.0347255353423879,True
0.8,61,ae,0.9334104584924,3.628201063628677,2.694790605136277,False
0.8,61,vae,0.6084555792283729,1.9781740815300124,1.3697185023016396,True
0.8,61,contrastive,0.6800620462068774,2.3178563613113776,1.6377943151045002,True
0.8,61,balanced,0.2517344649687235,1.3907651643972,1.1390306994284767,True
0.8,61,ldm,0.19455411857794863,1.396983146683872,1.2024290281059233,True
0.8,61,sprl,0.3257603762550398,1.3677415160618014,1.0419811398067615,True
0.8,62,raw,0.22303437593640393,1.2819807317028438,1.0589463557664398,True
0.8,62,ae,0.8091994966419189,3.1338976215670957,2.3246981249251766,False
0.8,62,vae,0.560123448598134,1.9272505679476037,1.3671271193494698,True
0.8,62,contrastive,0.5911521454311689,2.098492161305606,1.507340015874437,True
0.8,62,balanced,0.19266601716493661,1.3688571991243672,1.1761911819594306,True
0.8,62,ldm,0.23984300395489636,1.304180138773708,1.0643371348188115,True
0.8,62,sprl,0.17299467471957408,1.3197190972518278,1.1467244225322537,True
0.8,63,raw,0.1374980677875311,1.2165673985354493,1.0790693307479182,True
0.8,63,ae,0.5318077270415111,2.348787589589553,1.8169798625480418,True
0.8,63,vae,0.4831420893391778,1.8720508082261844,1.3889087188870066,True
0.8,63,contrastive,0.5216329173730312,2.1603491348276895,1.6387162174546583,True
0.8,63,balanced,0.17238869505158064,1.3183479059353982,1.1459592108838175,True
0.8,63,ldm,0.26939028298127593,1.2770744180034044,1.0076841350221284,True
0.8,63,sprl,-0.07297158864877983,1.3820328683146217,1.4550044569634015,True
0.8,64,raw,0.20324739764918673,1.3387543623756342,1.1355069647264475,True
0.8,64,ae,1.0801631786248178,4.328264763897667,3.248101585272849,False
0.8,64,vae,0.5684456813058727,1.9989516234838316,1.430505942177959,True
0.8,64,contrastive,0.6445641307673715,2.360483420428702,1.7159192896613304,True
0.8,64,balanced,0.19379850481319771,1.3597028875253228,1.165904382712125,True
0.8,64,ldm,0.1797294290516112,1.412794019901874,1.2330645908502629,True
0.8,64,sprl,0.20677190572437984,1.3613878034942244,1.1546158977698446,True
0.8,65,raw,0.095407223370941,1.2430062404905646,1.1475990171196235,True
0.8,65,ae,0.25460997704371585,1.8190315990300976,1.5644216219863818,True
0.8,65,vae,0.47123347198249055,1.8043314691766679,1.3330979971941774,True
0.8,65,contrastive,0.4193573558780832,1.8606253534271127,1.4412679975490295,True
0.8,65,balanced,0.14295241093325908,1.3100743153281247,1.1671219043948655,True
0.8,65,ldm,0.22265867660224722,1.2711507522730037,1.0484920756707565,True
0.8,65,sprl,0.049563968440627285,1.3670850989091567,1.3175211304685295,True
0.8,66,raw,0.2166283847394261,1.3458516585820914,1.1292232738426653,True
0.8,66,ae,0.4567323174328536,1.9325344052772877,1.4758020878444342,True
0.8,66,vae,0.5479009456481851,1.9053839104797072,1.357482964831522,True
0.8,66,contrastive,0.4914982221531021,1.8956556756306142,1.404157453477512,True
0.8,66,balanced,0.19860363433711523,1.3177699045209283,1.1191662701838132,True
0.8,66,ldm,0.19456826974379748,1.3202640331016982,1.1256957633579008,True
0.8,66,sprl,0.22228583779837432,1.4277510661996218,1.2054652284012475,True
0.8,67,raw,0.2894133512059758,1.3688577859174793,1.0794444347115035,True
0.8,67,ae,0.6388894283857895,2.1611404799882217,1.5222510516024321,True
0.8,67,vae,0.5925519579961055,1.8654440980678642,1.2728921400717588,True
0.8,67,contrastive,0.5930563366257626,2.012885696262911,1.4198293596371485,True
0.8,67,balanced,0.26796564903080433,1.350302058046915,1.0823364090161105,True
0.8,67,ldm,0.2866428531892592,1.34869438200045,1.0620515288111907,True
0.8,67,sprl,0.2361231032732855,1.40454663266404,1.1684235293907543,True
0.8,68,raw,0.1616337605579764,1.3475488514091354,1.185915090851159,True
0.8,68,ae,0.42940385764150235,1.972663174583813,1.5432593169423106,True
0.8,68,vae,0.5347901878426002,1.8868333817776195,1.3520431939350193,True
0.8,68,contrastive,0.547126775828311,2.045596940863605,1.498470165035294,True
0.8,68,balanced,0.19207450482335128,1.3338766806364228,1.1418021758130716,True
0.8,68,ldm,0.23635744024905803,1.3282939143404677,1.0919364740914097,True
0.8,68,sprl,0.025120891835343637,1.3208324871376154,1.2957115953022718,True
0.8,69,raw,0.16723753403883712,1.2991918496323622,1.131954315593525,True
0.8,69,ae,0.5983022427143989,2.4570777366410455,1.8587754939266465,True
0.8,69,vae,0.5245688618745921,1.9015625526857585,1.3769936908111664,True
0.8,69,contrastive,0.5944849303940447,2.160162537464426,1.5656776070703813,True
0.8,69,balanced,0.15502922369423394,1.3112654488279498,1.156236225133716,True
0.8,69,ldm,0.15948210214445008,1.3097590030050335,1.1502769008605833,True
0.8,69,sprl,0.16908531023530157,1.276161535353285,1.1070762251179833,True
0.8,70,raw,0.23480949821798577,1.3881616238366565,1.1533521256186707,True
0.8,70,ae,0.3286900746564569,1.8899889700878767,1.5612988954314198,True
0.8,70,vae,0.5830545170950329,1.9549297119559568,1.371875194860924,True
0.8,70,contrastive,0.49637182729970336,1.8404717024488062,1.344099875149103,True
0.8,70,balanced,0.2042400468662717,1.3587112487661597,1.154471201899888,True
0.8,70,ldm,0.17073441434613834,1.3475110546618279,1.1767766403156896,True
0.8,70,sprl,0.24639569844526413,1.3398697496676053,1.093474051222341,True
0.8,71,raw,0.1891727407319128,1.2753370471599397,1.0861643064280269,True
0.8,71,ae,0.7972207968332309,3.5624858919433464,2.7652650951101156,False
0.8,71,vae,0.5216933645395,1.7985425814248064,1.2768492168853065,True
0.8,71,contrastive,0.4538977213305421,1.7611929080944668,1.3072951867639246,True
0.8,71,balanced,0.22542834178970989,1.3055099040276128,1.080081562237903,True
0.8,71,ldm,0.26616994397739246,1.234615561444571,0.9684456174671786,True
0.8,71,sprl,0.12488932652300135,1.3857926869161639,1.2609033603931625,True
0.8,72,raw,0.2646224969806975,1.421433343030987,1.1568108460502895,True
0.8,72,ae,0.7538090707153113,3.1857733531929693,2.431964282477658,False
0.8,72,vae,0.6067545683731556,1.9434324206566147,1.3366778522834593,True
0.8,72,contrastive,0.5395189468613238,1.8081455484558784,1.2686266015945544,True
0.8,72,balanced,0.2167669296100741,1.3443292600670553,1.1275623304569813,True
0.8,72,ldm,0.1622051855428299,1.3832092116519297,1.2210040261090997,True
0.8,72,sprl,0.16821520311802507,1.392944908928702,1.224729705810677,True
0.8,73,raw,0.229464785673351,1.267044616668121,1.0375798309947701,True
0.8,73,ae,0.4796784445868815,2.3120238307487915,1.83234538616191,True
0.8,73,vae,0.5427826416942702,1.8698798705358033,1.327097228841533,True
0.8,73,contrastive,0.5211045061049882,1.8454300969153752,1.324325590810387,True
0.8,73,balanced,0.22358694591197845,1.335798042276313,1.1122110963643346,True
0.8,73,ldm,0.16932411961585542,1.3416086450663425,1.172284525450487,True
0.8,73,sprl,0.257343385467578,1.3184075922020413,1.0610642067344633,True
0.8,74,raw,0.2827991322069303,1.37889319959061,1.0960940673836796,True
0.8,74,ae,0.6116723107952837,2.3017925184313457,1.690120207636062,True
0.8,74,vae,0.6179614235533517,1.9983924413076983,1.3804310177543466,True
0.8,74,contrastive,0.5358289573928922,2.007257490824147,1.4714285334312551,True
0.8,74,balanced,0.2530759707462605,1.3724139921105412,1.1193380213642807,True
0.8,74,ldm,0.22715898148477917,1.3483552295867052,1.121196248101926,True
0.8,74,sprl,0.281448282209344,1.3849795987435367,1.1035313165341927,True
0.8,75,raw,0.3317669851227026,1.4584535682881246,1.126686583165422,True
0.8,75,ae,0.35261740068410025,2.086926883267422,1.7343094825833216,True
0.8,75,vae,0.6773315649096012,2.1594502305431567,1.4821186656335554,True
0.8,75,contrastive,0.5687570957002789,2.0322227005159323,1.4634656048156534,True
0.8,75,balanced,0.22585841980028157,1.3783514164757187,1.1524929966754371,True
0.8,75,ldm,0.3364112296058028,1.4282250358459518,1.091813806240149,True
0.8,75,sprl,0.2396236525059163,1.3714875195970628,1.1318638670911465,True
0.8,76,raw,0.2501038844296492,1.3729853840894142,1.122881499659765,True
0.8,76,ae,0.5773884494372059,3.3353684358039,2.757979986366694,True
0.8,76,vae,0.5789892319081605,1.930681831252898,1.3516925993447373,True
0.8,76,contrastive,0.5245323789880673,2.1085845008299726,1.5840521218419052,True
0.8,76,balanced,0.2425407043733795,1.3335857695706073,1.0910450651972279,True
0.8,76,ldm,0.18866110881387932,1.30759535392672,1.1189342451128406,True
0.8,76,sprl,0.14632961939949996,1.4187255683269122,1.2723959489274121,True
0.8,77,raw,0.20569760258821806,1.3712963506341187,1.1655987480459007,True
0.8,77,ae,0.9962762182393764,5.433705294819054,4.437429076579678,False
0.8,77,vae,0.554947921924234,1.8147436004911461,1.259795678566912,True
0.8,77,contrastive,0.5530940037202641,2.171781699402709,1.6186876956824447,True
0.8,77,balanced,0.2391152268955442,1.3064635155043958,1.0673482886088514,True
0.8,77,ldm,0.15876973653305726,1.2999383191335676,1.1411685826005105,True
0.8,77,sprl,0.2706594567483548,1.249050594444463,0.9783911376961082,True
0.8,78,raw,0.19465660891974432,1.3240498539326833,1.129393245012939,True
0.8,78,ae,1.0161050116232297,4.050510050380261,3.034405038757031,False
0.8,78,vae,0.5427926311614191,1.8637226645922274,1.3209300334308083,True
0.8,78,contrastive,0.5112022373203027,1.8711439238623782,1.3599416865420755,True
0.8,78,balanced,0.23181239024216282,1.3460301651279072,1.1142177748857445,True
0.8,78,ldm,0.1965071616138045,1.4426408926319099,1.2461337310181053,True
0.8,78,sprl,0.1596543183447857,1.3488166602876737,1.189162341942888,True
0.8,79,raw,0.1733429055080264,1.229917518817034,1.0565746133090075,True
0.8,79,ae,0.7367450185637816,2.9466179084684327,2.209872889904651,False
0.8,79,vae,0.5402014146497519,1.9731184390953576,1.4329170244456058,True
0.8,79,contrastive,0.5865764103523085,2.2674320301043207,1.6808556197520121,True
0.8,79,balanced,0.1463898931182064,1.3074488023665016,1.1610589092482952,True
0.8,79,ldm,0.2156254947503992,1.2552316224427869,1.0396061276923876,True
0.8,79,sprl,-0.08971513457813426,1.3305068026764861,1.4202219372546203,True
0.8,80,raw,0.23447129120740812,1.2628793936981269,1.0284081024907188,True
0.8,80,ae,0.6585523036631188,3.316154601079766,2.657602297416647,True
0.8,80,vae,0.5337174936917776,1.891310494105229,1.3575930004134515,True
0.8,80,contrastive,0.5331891788394983,1.9479857717581452,1.414796592918647,True
0.8,80,balanced,0.1786200117942782,1.3120179566751264,1.1333979448808482,True
0.8,80,ldm,0.15687215899430543,1.258024378882902,1.1011522198885966,True
0.8,80,sprl,0.15391991110281691,1.3779321517295575,1.2240122406267406,True
0.8,81,raw,0.1388969586452792,1.2849185626518633,1.146021604006584,True
0.8,81,ae,0.48925435363568015,2.1640498136084756,1.6747954599727954,True
0.8,81,vae,0.5217276613709535,1.8929623546552663,1.371234693284313,True
0.8,81,contrastive,0.48899375174296894,2.055203314885772,1.5662095631428028,True
0.8,81,balanced,0.1972143453446076,1.365053004429115,1.1678386590845073,True
0.8,81,ldm,0.22305360234128865,1.3880028138006912,1.1649492114594027,True
0.8,81,sprl,0.09715942953224678,1.4611938567701488,1.364034427237902,True
0.8,82,raw,0.2751484797780645,1.3361343162873935,1.060985836509329,True
0.8,82,ae,1.0445661157793635,4.559903710823366,3.5153375950440022,False
0.8,82,vae,0.5813243660290184,1.9268855679305714,1.345561201901553,True
0.8,82,contrastive,0.5719326121863464,2.016332689717544,1.4444000775311978,True
0.8,82,balanced,0.1977820193946934,1.286079390541571,1.0882973711468777,True
0.8,82,ldm,0.23943838691779784,1.2649228124792553,1.0254844255614575,True
0.8,82,sprl,0.26186503079426054,1.2870519937993743,1.0251869630051138,True
0.8,83,raw,0.15861767140399466,1.3527378359796882,1.1941201645756936,True
0.8,83,ae,0.9350334153675521,4.27407604357218,3.3390426282046275,False
0.8,83,vae,0.5448628140890959,1.8661412691602381,1.3212784550711423,True
0.8,83,contrastive,0.532285308353552,1.9608552899190712,1.428569981565519,True
0.8,83,balanced,0.1971699903584913,1.2989466914754222,1.1017767011169308,True
0.8,83,ldm,0.21661066062469345,1.315062791019859,1.0984521303951655,True
0.8,83,sprl,0.01163658353566612,1.3713304400657182,1.359693856530052,True
0.8,84,raw,0.3088888664942924,1.397460143098896,1.0885712766046036,True
0.8,84,ae,0.7293402746387304,4.813954325308629,4.084614050669899,False
0.8,84,vae,0.6017793095128876,1.9395192075006176,1.33773989798773,True
0.8,84,contrastive,0.6899213433659712,2.516881930064171,1.8269605866982,True
0.8,84,balanced,0.19039005020610666,1.280369613993716,1.0899795637876093,True
0.8,84,ldm,0.29367417111704097,1.3443350625932173,1.0506608914761764,True
0.8,84,sprl,0.14640767154184797,1.336937992265248,1.1905303207234001,True
0.8,85,raw,0.13808821064220733,1.3260589415396948,1.1879707308974874,True
0.8,85,ae,-0.19789258533127999,1.7058361167706557,1.9037287021019358,True
0.8,85,vae,0.539647369438561,1.8539382476657775,1.3142908782272165,True
0.8,85,contrastive,0.4712882894012988,1.8728206542930028,1.401532364891704,True
0.8,85,balanced,0.16296269047860015,1.299432146437457,1.1364694559588568,True
0.8,85,ldm,0.1837799394804781,1.3018824844921593,1.118102545011681,True
0.8,85,sprl,0.18715324006639553,1.274300657637185,1.0871474175707894,True
0.8,86,raw,0.1537557237173768,1.2888500767660895,1.1350943530487128,True
0.8,86,ae,0.26180106432416217,2.812517808830425,2.550716744506263,True
0.8,86,vae,0.49195155623617864,1.840206503924041,1.3482549476878622,True
0.8,86,contrastive,0.5325735551879553,1.9836292308393997,1.4510556756514443,True
0.8,86,balanced,0.12853180833550884,1.2687066173961263,1.1401748090606174,True
0.8,86,ldm,0.06881163599069487,1.2806539644725854,1.2118423284818904,True
0.8,86,sprl,0.17778023613927624,1.2516793611324721,1.073899124993196,True
0.8,87,raw,0.15445993894536741,1.328297223203462,1.1738372842580946,True
0.8,87,ae,0.6088752365271684,2.6357906883762006,2.026915451849032,True
0.8,87,vae,0.518836854615355,1.8854944219505603,1.3666575673352053,True
0.8,87,contrastive,0.3144441018497277,1.6107205780694371,1.2962764762197094,True
0.8,87,balanced,0.1751561106445241,1.2986531707206626,1.1234970600761385,True
0.8,87,ldm,0.1616624629683998,1.289431446340456,1.127768983372056,True
0.8,87,sprl,0.005464198927765483,1.3449001790847308,1.3394359801569653,True
0.8,88,raw,0.3014916552380182,1.3899061574697253,1.088414502231707,True
0.8,88,ae,-1.9889031184000248,1.482582704060095,3.47148582246012,True
0.8,88,vae,0.6206408758066358,1.9268517766801292,1.3062109008734932,True
0.8,88,contrastive,0.4362909654066427,1.6711042740429205,1.2348133086362778,True
0.8,88,balanced,0.2628708025967613,1.3489559826910813,1.08608518009432,True
0.8,88,ldm,0.19231652783955192,1.4035377876927198,1.2112212598531678,True
0.8,88,sprl,0.20680630466397734,1.3425942339379997,1.1357879292740223,True
0.8,89,raw,0.08403247323451685,1.2884174151805332,1.2043849419460164,True
0.8,89,ae,0.48485464526456673,1.9551940965061738,1.470339451241607,True
0.8,89,vae,0.4812923202437155,1.8103265666806527,1.3290342464369371,True
0.8,89,contrastive,0.3529348069713552,1.6558076503769836,1.3028728434056285,True
0.8,89,balanced,0.17403798941185875,1.3054069524344618,1.1313689630226031,True
0.8,89,ldm,0.18860412226171824,1.2669846368336362,1.0783805145719179,True
0.8,89,sprl,0.07772339181488278,1.317885051455855,1.2401616596409724,True
0.8,90,raw,0.18726841253398635,1.3037616678975072,1.116493255363521,True
0.8,90,ae,0.5038249390669597,2.814747763516346,2.3109228244493862,True
0.8,90,vae,0.5345920227233782,1.8234583117046324,1.288866288981254,True
0.8,90,contrastive,0.5125821426334349,1.8524555403576375,1.3398733977242026,True
0.8,90,balanced,0.2484784413159782,1.325710431486228,1.0772319901702498,True
0.8,90,ldm,0.21500706822928606,1.307759378903618,1.092752310674332,True
0.8,90,sprl,0.12873769272683,1.301486282120392,1.172748589393562,True
0.8,91,raw,0.29858985867338217,1.3421360736238768,1.0435462149504946,True
0.8,91,ae,-0.2244644983553862,1.68081218251795,1.9052766808733363,True
0.8,91,vae,0.5925497467508815,1.9507613297422497,1.3582115829913683,True
0.8,91,contrastive,0.5486523713963743,1.9217303870037918,1.3730780156074176,True
0.8,91,balanced,0.2620495371902478,1.389630421501046,1.1275808843107982,True
0.8,91,ldm,0.30782996914138755,1.373420452498996,1.0655904833576084,True
0.8,91,sprl,0.25651829989558494,1.3729698486258706,1.1164515487302857,True
0.8,92,raw,0.24293908791955263,1.356752788885928,1.1138137009663756,True
0.8,92,ae,0.24240691059954741,1.6768192366456336,1.4344123260460862,True
0.8,92,vae,0.5919242964191123,1.9470009341235397,1.3550766377044274,True
0.8,92,contrastive,0.45040130431908126,1.7518995645481537,1.3014982602290723,True
0.8,92,balanced,0.19866972185407547,1.3186903472754719,1.1200206254213965,True
0.8,92,ldm,0.2067478202790734,1.318681543001208,1.1119337227221346,True
0.8,92,sprl,0.20087810750404378,1.4080751933755744,1.2071970858715306,True
0.8,93,raw,0.16295612631790904,1.3032281280046716,1.1402720016867625,True
0.8,93,ae,0.21368282580620535,1.8552126694370046,1.6415298436307992,True
0.8,93,vae,0.5168745969737877,1.8945043007671885,1.3776297037934007,True
0.8,93,contrastive,0.4750298618431878,1.8222419545985955,1.3472120927554077,True
0.8,93,balanced,0.16840858819869278,1.317855927792825,1.1494473395941323,True
0.8,93,ldm,0.2274813903118782,1.2880498649874563,1.0605684746755781,True
0.8,93,sprl,0.09269689576867679,1.3595341768257043,1.2668372810570276,True
0.8,94,raw,0.15304814528001634,1.349277005764944,1.1962288604849276,True
0.8,94,ae,0.39585856475800807,2.0114489095664063,1.6155903448083984,True
0.8,94,vae,0.5189540399244054,1.871155885234913,1.3522018453105078,True
0.8,94,contrastive,0.5287307265465312,1.870979038013938,1.3422483114674066,True
0.8,94,balanced,0.19776702083709044,1.3299371207262758,1.1321700998891853,True
0.8,94,ldm,0.18941080601499166,1.3348081583680342,1.1453973523530425,True
0.8,94,sprl,0.09093111312483465,1.4332962292711622,1.3423651161463275,True
0.8,95,raw,0.1423222142135718,1.3249017116424608,1.182579497428889,True
0.8,95,ae,1.0002638557582713,4.130383854758705,3.1301199990004336,False
0.8,95,vae,0.5136679016223327,1.8629605446514863,1.3492926430291536,True
0.8,95,contrastive,0.5479224937727546,2.0939668989580515,1.546044405185297,True
0.8,95,balanced,0.17775600571462577,1.3143924413938548,1.1366364356792291,True
0.8,95,ldm,0.10719465616227317,1.3286351795368956,1.2214405233746224,True
0.8,95,sprl,0.216870488603417,1.3029324050319304,1.0860619164285135,True
0.8,96,raw,0.08801893940802961,1.2476932742177906,1.1596743348097611,True
0.8,96,ae,-0.3431880663181204,1.313697936169013,1.6568860024871335,True
0.8,96,vae,0.4790472506864001,1.8453568650410874,1.3663096143546873,True
0.8,96,contrastive,0.2580676334085947,1.5500858977404737,1.292018264331879,True
0.8,96,balanced,0.12079350408050622,1.294766910002473,1.1739734059219669,True
0.8,96,ldm,0.01255342196949872,1.2903675683244404,1.2778141463549417,True
0.8,96,sprl,0.14744223879342866,1.2541773780322687,1.10673513923884,True
0.8,97,raw,0.2752644367508149,1.3378214125021746,1.0625569757513595,True
0.8,97,ae,1.3561749043044802,5.7268897443007205,4.37071483999624,False
0.8,97,vae,0.5824565954310863,1.920751263180358,1.3382946677492717,True
0.8,97,contrastive,0.6043406355315147,2.0374639342240597,1.433123298692545,True
0.8,97,balanced,0.2340388952657598,1.3175642237519571,1.0835253284861974,True
0.8,97,ldm,0.252013519468599,1.3269997788129586,1.0749862593443595,True
0.8,97,sprl,0.20589121276265152,1.4752330577159187,1.2693418449532672,True
0.8,98,raw,0.24731310090093475,1.364192970856635,1.1168798699557,True
0.8,98,ae,0.4833534969004756,2.017515866080195,1.5341623691797195,True
0.8,98,vae,0.5614249087764992,1.885916353015101,1.324491444238602,True
0.8,98,contrastive,0.5776521482737139,1.9833666143530857,1.4057144660793717,True
0.8,98,balanced,0.23655911816267852,1.366253516087724,1.1296943979250456,True
0.8,98,ldm,0.2601493455473852,1.3423314567361335,1.0821821111887484,True
0.8,98,sprl,0.3014770501872159,1.3642811158506654,1.0628040656634494,True
0.8,99,raw,0.13916207792691554,1.2640071611758195,1.1248450832489039,True
0.8,99,ae,-0.1218807919108411,1.4456976206201546,1.5675784125309957,True
0.8,99,vae,0.4997432548268267,1.8086723623735208,1.3089291075466942,True
0.8,99,contrastive,0.3545729119044722,1.7710313624161091,1.4164584505116369,True
0.8,99,balanced,0.175478272943609,1.278741426614554,1.103263153670945,True
0.8,99,ldm,0.01882711738728172,1.1950282473746605,1.1762011299873787,True
0.8,99,sprl,0.20390925292887666,1.279610640540962,1.0757013876120853,True
0.8,100,raw,0.2167731106996027,1.3002774832566184,1.0835043725570157,True
0.8,100,ae,0.55420905819047,3.1756808162499284,2.6214717580594584,True
0.8,100,vae,0.5131205525387939,1.726550512401427,1.2134299598626332,True
0.8,100,contrastive,0.6065249787540253,2.0901864324496264,1.4836614536956012,True
0.8,100,balanced,0.2213443410332314,1.3022275823239802,1.0808832412907488,True
0.8,100,ldm,0.2803878550063667,1.2763972369886285,0.9960093819822617,True
0.8,100,sprl,0.22156480073860302,1.3881053835952952,1.1665405828566922,True
