w_u,seed,method,lambda_prop,amplification_median,amplification_p95,u_auc,transition_mse,gamma_z_median,gamma_z_p95,delta
0.3,1,raw,,1.0,1.0,0.9900309819153489,,1.3498588075760032,1.3498588075760032,0.0
0.3,2,raw,,1.0,1.0,0.9900496534191343,,1.3498588075760032,1.3498588075760032,0.0
0.3,3,raw,,1.0,1.0,0.9897495119536749,,1.3498588075760032,1.3498588075760032,0.0
0.3,4,raw,,1.0,1.0,0.9896235164451136,,1.3498588075760032,1.3498588075760032,0.0
0.3,5,raw,,1.0,1.0,0.9898398873019636,,1.3498588075760032,1.3498588075760032,0.0
0.3,6,raw,,1.0,1.0,0.9895381105510934,,1.3498588075760032,1.3498588075760032,0.0
0.3,7,raw,,1.0,1.0,0.9911849857680607,,1.3498588075760032,1.3498588075760032,0.0
0.3,8,raw,,1.0,1.0,0.9904458991335873,,1.3498588075760032,1.3498588075760032,0.0
0.3,9,raw,,1.0,1.0,0.9904537408638213,,1.3498588075760032,1.3498588075760032,0.0
0.3,10,raw,,1.0,1.0,0.9892862888296516,,1.3498588075760032,1.3498588075760032,0.0
0.3,11,raw,,1.0,1.0,0.9909792774267376,,1.3498588075760032,1.3498588075760032,0.0
0.3,12,raw,,1.0,1.0,0.988954862531439,,1.3498588075760032,1.3498588075760032,0.0
0.3,13,raw,,1.0,1.0,0.9899951215992195,,1.3498588075760032,1.3498588075760032,0.0
0.3,14,raw,,1.0,1.0,0.9901599525943108,,1.3498588075760032,1.3498588075760032,0.0
0.3,15,raw,,1.0,1.0,0.9901161956438954,,1.3498588075760032,1.3498588075760032,0.0
0.3,16,raw,,1.0,1.0,0.9893618186254706,,1.3498588075760032,1.3498588075760032,0.0
0.3,17,raw,,1.0,1.0,0.9899759624463635,,1.3498588075760032,1.3498588075760032,0.0
0.3,18,raw,,1.0,1.0,0.9895294512270065,,1.3498588075760032,1.3498588075760032,0.0
0.3,19,raw,,1.0,1.0,0.9896612470048922,,1.3498588075760032,1.3498588075760032,0.0
0.3,20,raw,,1.0,1.0,0.9905380443097572,,1.3498588075760032,1.3498588075760032,0.0
0.3,21,raw,,1.0,1.0,0.9906669265173103,,1.3498588075760032,1.3498588075760032,0.0
0.3,22,raw,,1.0,1.0,0.9886640681871245,,1.3498588075760032,1.3498588075760032,0.0
0.3,23,raw,,1.0,1.0,0.9889314080023783,,1.3498588075760032,1.3498588075760032,0.0
0.3,24,raw,,1.0,1.0,0.9887828775310169,,1.3498588075760032,1.3498588075760032,0.0
0.3,25,raw,,1.0,1.0,0.9898652624929215,,1.3498588075760032,1.3498588075760032,0.0
0.3,26,raw,,1.0,1.0,0.9898757608239451,,1.3498588075760032,1.3498588075760032,0.0
0.3,27,raw,,1.0,1.0,0.9898898365060401,,1.3498588075760032,1.3498588075760032,0.0
0.3,28,raw,,1.0,1.0,0.990072999101914,,1.3498588075760032,1.3498588075760032,0.0
0.3,29,raw,,1.0,1.0,0.9901390274017953,,1.3498588075760032,1.3498588075760032,0.0
0.3,30,raw,,1.0,1.0,0.9891938620112917,,1.3498588075760032,1.3498588075760032,0.0
0.3,31,raw,,1.0,1.0,0.9895439244243676,,1.3498588075760032,1.3498588075760032,0.0
0.3,32,raw,,1.0,1.0,0.9903836724740382,,1.3498588075760032,1.3498588075760032,0.0
0.3,33,raw,,1.0,1.0,0.9892633903386728,,1.3498588075760032,1.3498588075760032,0.0
0.3,34,raw,,1.0,1.0,0.9899361407579867,,1.3498588075760032,1.3498588075760032,0.0
0.3,35,raw,,1.0,1.0,0.989427088575068,,1.3498588075760032,1.3498588075760032,0.0
0.3,36,raw,,1.0,1.0,0.9895853312000003,,1.3498588075760032,1.3498588075760032,0.0
0.3,37,raw,,1.0,1.0,0.9896111768260211,,1.3498588075760032,1.3498588075760032,0.0
0.3,38,raw,,1.0,1.0,0.9906956491825968,,1.3498588075760032,1.3498588075760032,0.0
0.3,39,raw,,1.0,1.0,0.9913164823355286,,1.3498588075760032,1.3498588075760032,0.0
0.3,40,raw,,1.0,1.0,0.989845781512605,,1.3498588075760032,1.3498588075760032,0.0
0.3,41,raw,,1.0,1.0,0.9892071122329664,,1.3498588075760032,1.3498588075760032,0.0
0.3,42,raw,,1.0,1.0,0.9900124863999998,,1.3498588075760032,1.3498588075760032,0.0
0.3,43,raw,,1.0,1.0,0.9898074254492938,,1.3498588075760032,1.3498588075760032,0.0
0.3,44,raw,,1.0,1.0,0.9897096760567707,,1.3498588075760032,1.3498588075760032,0.0
0.3,45,raw,,1.0,1.0,0.9899242577004991,,1.3498588075760032,1.3498588075760032,0.0
0.3,46,raw,,1.0,1.0,0.990878774006294,,1.3498588075760032,1.3498588075760032,0.0
0.3,47,raw,,1.0,1.0,0.9905526327957912,,1.3498588075760032,1.3498588075760032,0.0
0.3,48,raw,,1.0,1.0,0.9895081843409519,,1.3498588075760032,1.3498588075760032,0.0
0.3,49,raw,,1.0,1.0,0.9897877471359375,,1.3498588075760032,1.3498588075760032,0.0
0.3,50,raw,,1.0,1.0,0.9904660815637536,,1.3498588075760032,1.3498588075760032,0.0
0.3,51,raw,,1.0,1.0,0.9897036719525875,,1.3498588075760032,1.3498588075760032,0.0
0.3,52,raw,,1.0,1.0,0.9898810731242926,,1.3498588075760032,1.3498588075760032,0.0
0.3,53,raw,,1.0,1.0,0.9905503860352386,,1.3498588075760032,1.3498588075760032,0.0
0.3,54,raw,,1.0,1.0,0.989175912266683,,1.3498588075760032,1.3498588075760032,0.0
0.3,55,raw,,1.0,1.0,0.9891952713612385,,1.3498588075760032,1.3498588075760032,0.0
0.3,56,raw,,1.0,1.0,0.9893381743870562,,1.3498588075760032,1.3498588075760032,0.0
0.3,57,raw,,1.0,1.0,0.9897150435329712,,1.3498588075760032,1.3498588075760032,0.0
0.3,58,raw,,1.0,1.0,0.9900338928054229,,1.3498588075760032,1.3498588075760032,0.0
0.3,59,raw,,1.0,1.0,0.9897049756659837,,1.3498588075760032,1.3498588075760032,0.0
0.3,60,raw,,1.0,1.0,0.9899193599483904,,1.3498588075760032,1.3498588075760032,0.0
0.3,61,raw,,1.0,1.0,0.9896014188769894,,1.3498588075760032,1.3498588075760032,0.0
0.3,62,raw,,1.0,1.0,0.9889346570544985,,1.3498588075760032,1.3498588075760032,0.0
0.3,63,raw,,1.0,1.0,0.990204614504443,,1.3498588075760032,1.3498588075760032,0.0
0.3,64,raw,,1.0,1.0,0.9895798031056564,,1.3498588075760032,1.3498588075760032,0.0
0.3,65,raw,,1.0,1.0,0.9898529352231094,,1.3498588075760032,1.3498588075760032,0.0
0.3,66,raw,,1.0,1.0,0.9896914240912673,,1.3498588075760032,1.3498588075760032,0.0
0.3,67,raw,,1.0,1.0,0.9893644517329737,,1.3498588075760032,1.3498588075760032,0.0
0.3,68,raw,,1.0,1.0,0.9886265040649624,,1.3498588075760032,1.3498588075760032,0.0
0.3,69,raw,,1.0,1.0,0.9904460616220518,,1.3498588075760032,1.3498588075760032,0.0
0.3,70,raw,,1.0,1.0,0.9901427642318611,,1.3498588075760032,1.3498588075760032,0.0
0.3,71,raw,,1.0,1.0,0.9895952927811711,,1.3498588075760032,1.3498588075760032,0.0
0.3,72,raw,,1.0,1.0,0.98964333996482,,1.3498588075760032,1.3498588075760032,0.0
0.3,73,raw,,1.0,1.0,0.9903683246911209,,1.3498588075760032,1.3498588075760032,0.0
0.3,74,raw,,1.0,1.0,0.9906762757250634,,1.3498588075760032,1.3498588075760032,0.0
0.3,75,raw,,1.0,1.0,0.9895354468762543,,1.3498588075760032,1.3498588075760032,0.0
0.3,76,raw,,1.0,1.0,0.9900061888633739,,1.3498588075760032,1.3498588075760032,0.0
0.3,77,raw,,1.0,1.0,0.9894614029562603,,1.3498588075760032,1.3498588075760032,0.0
0.3,78,raw,,1.0,1.0,0.9901605193245913,,1.3498588075760032,1.3498588075760032,0.0
0.3,79,raw,,1.0,1.0,0.9899594412589678,,1.3498588075760032,1.3498588075760032,0.0
0.3,80,raw,,1.0,1.0,0.9905502967924273,,1.3498588075760032,1.3498588075760032,0.0
0.3,81,raw,,1.0,1.0,0.9897876565401672,,1.3498588075760032,1.3498588075760032,0.0
0.3,82,raw,,1.0,1.0,0.9892628056815863,,1.3498588075760032,1.3498588075760032,0.0
0.3,83,raw,,1.0,1.0,0.9900284059677017,,1.3498588075760032,1.3498588075760032,0.0
0.3,84,raw,,1.0,1.0,0.9896520999052905,,1.3498588075760032,1.3498588075760032,0.0
0.3,85,raw,,1.0,1.0,0.9902274931275902,,1.3498588075760032,1.3498588075760032,0.0
0.3,86,raw,,1.0,1.0,0.9898518125390573,,1.3498588075760032,1.3498588075760032,0.0
0.3,87,raw,,1.0,1.0,0.9900568116454033,,1.3498588075760032,1.3498588075760032,0.0
0.3,88,raw,,1.0,1.0,0.9905330992852958,,1.3498588075760032,1.3498588075760032,0.0
0.3,89,raw,,1.0,1.0,0.9893820208447248,,1.3498588075760032,1.3498588075760032,0.0
0.3,90,raw,,1.0,1.0,0.9903828102448831,,1.3498588075760032,1.3498588075760032,0.0
0.3,91,raw,,1.0,1.0,0.9909872767217011,,1.3498588075760032,1.3498588075760032,0.0
0.3,92,raw,,1.0,1.0,0.9900260416000001,,1.3498588075760032,1.3498588075760032,0.0
0.3,93,raw,,1.0,1.0,0.9892595238415298,,1.3498588075760032,1.3498588075760032,0.0
0.3,94,raw,,1.0,1.0,0.990504820434031,,1.3498588075760032,1.3498588075760032,0.0
0.3,95,raw,,1.0,1.0,0.9897232150917016,,1.3498588075760032,1.3498588075760032,0.0
0.3,96,raw,,1.0,1.0,0.9903207615492575,,1.3498588075760032,1.3498588075760032,0.0
0.3,97,raw,,1.0,1.0,0.9894478822811802,,1.3498588075760032,1.3498588075760032,0.0
0.3,98,raw,,1.0,1.0,0.9892773128287728,,1.3498588075760032,1.3498588075760032,0.0
0.3,99,raw,,1.0,1.0,0.9899784210086996,,1.3498588075760032,1.3498588075760032,0.0
0.3,100,raw,,1.0,1.0,0.990109950417592,,1.3498588075760032,1.3498588075760032,0.0
0.3,1,ae,,1.0689656283806275,1.5136116116305993,0.9869229404258553,,1.4429526684656067,2.0431619652088733,0.31626984126984126
0.3,2,ae,,1.3559760398645722,2.2262874476803987,0.9855546991675523,,1.8303762002732222,3.0051737194472867,0.3761243386243386
0.3,3,ae,,1.3975465119545776,2.003151994692718,0.9865608946291944,,1.8864904681590087,2.703972362949404,0.43560471976401177
0.3,4,ae,,1.5154197825161522,2.8847196916602726,0.9860927662238164,,2.0456027406043393,3.8939642831755514,0.4113540061633282
0.3,5,ae,,1.3767482132483189,2.4433751634326857,0.9860335344830483,,1.8584157014677687,3.2982114845720667,0.38410628019323667
0.3,6,ae,,1.5113874295115823,3.0267084481227693,0.9857440203649533,,2.040159633385865,4.085629056663216,0.4048085106382978
0.3,7,ae,,1.5507321593324395,2.2943371631352596,0.9862395996751008,,2.0932694634662474,3.0970312272070717,0.39400705052878965
0.3,8,ae,,1.2883206756608396,1.980962190034444,0.9858459045102619,,1.7390510110230517,2.6740192596930425,0.44128190690690694
0.3,9,ae,,1.229230456803953,1.5664059281078528,0.9866926153237489,,1.6592875586574896,2.114426838295649,0.3716272865853659
0.3,10,ae,,1.4167812081996392,2.2159115256030786,0.9857001906937055,,1.912454592296454,2.991167689644494,0.4404710144927537
0.3,11,ae,,1.314088584216575,1.726659735658844,0.9877262193447804,,1.7738340493398241,2.330746851865944,0.38059459459459466
0.3,12,ae,,1.2313228484217493,2.4845690321107203,0.9857539629956105,,1.6621119919116703,3.3538173910252413,0.38917431192660545
0.3,13,ae,,1.3002801726285487,1.6585520255918225,0.9865098090415695,,1.7551946433390921,2.238811059568142,0.3778529980657641
0.3,14,ae,,2.423627091993059,4.118661047286226,0.984639596584371,,3.271554376406647,5.559610890099518,0.3425952591936198
0.3,15,ae,,1.39357838684521,1.8776498850462586,0.9848453039487319,,1.8811340595305652,2.534562234873762,0.49988249118683903
0.3,16,ae,,1.3056860997751283,2.431520108980521,0.9860610981995352,,1.7624918817110171,3.2822088349055196,0.34418478336559755
0.3,17,ae,,1.1859058287387203,2.4192931378919416,0.9857601468243224,,1.6008054278786807,3.2657041502916235,0.4088597560975609
0.3,18,ae,,1.1521164027885777,1.7016758536181378,0.9862382279589496,,1.5551944736569439,2.2970221386458567,0.3852788312965304
0.3,19,ae,,1.1885054736624485,1.5627001832894205,0.9869203931341528,,1.6043145814755455,2.109424606013859,0.3716595744680851
0.3,20,ae,,1.3304220621833,2.062393769201864,0.9830828690660691,,1.7958819384315565,2.783940394047007,0.5055555555555555
0.3,21,ae,,1.2881117983879626,2.3240563930524645,0.9860450796064607,,1.7387690561965563,3.1371479914651865,0.49322363765038923
0.3,22,ae,,1.3490872232671103,1.7168295577145078,0.9846262121263767,,1.8210772705153626,2.3174774995877425,0.35938018586126785
0.3,23,ae,,1.3559997177034797,1.6848374729607511,0.9850282943431816,,1.830408162012616,2.274292702210166,0.41499339498018484
0.3,24,ae,,2.044831689202771,3.7019264649829835,0.9833180737670545,,2.7602340656808773,4.9970780437559785,0.3512592592592592
0.3,25,ae,,1.2948109218999528,1.9867841575127279,0.983324359366797,,1.7478119270722559,2.681878093771025,0.42879684418145947
0.3,26,ae,,1.299588180532681,2.8649497020424257,0.9857629472678342,,1.7542605517137122,3.8672775885642143,0.3618059950520684
0.3,27,ae,,1.3392753088583773,2.1983925911298146,0.9851702198709669,,1.8078325714315526,2.9675196016464116,0.31894123671744984
0.3,28,ae,,1.4066919741305526,2.026373391795121,0.9858032109618995,,1.8988355508266017,2.7353179703523036,0.4351360544217687
0.3,29,ae,,1.191309975911309,2.172870582409981,0.9856389498807906,,1.6081002635370367,2.933068493388913,0.44914869466515334
0.3,30,ae,,1.3301422259645301,2.2434351531602172,0.98340507444412,,1.7955041990469711,3.028320700718939,0.4005795456499682
0.3,31,ae,,1.600106099394952,2.4896278598100356,0.9872301398842966,,2.1599173113243597,3.3606460941511718,0.5124104549854793
0.3,32,ae,,1.1305647813246769,1.5683873166971694,0.9876310554925369,,1.526102827606353,2.1171014331341684,0.3578965053763441
0.3,33,ae,,1.3831912332647682,1.7150929845047838,0.9844793973061284,,1.8671128687843614,2.315133370945596,0.39663003663003665
0.3,34,ae,,1.249389253520954,2.941469873623147,0.9862915536499597,,1.6864990879560677,3.970569016129678,0.3980996404725219
0.3,35,ae,,1.2185155076374743,2.312290511625852,0.9846517626868445,,1.6448238901523893,3.121265712792579,0.48393429487179496
0.3,36,ae,,1.1908622682263572,2.3828789299268496,0.9863275519999999,,1.607495921375285,3.2165501109490395,0.3595216058309713
0.3,37,ae,,1.2283562684286937,1.9405888873835244,0.9852886506083324,,1.6581075277796655,2.619521001518767,0.32231789769103203
0.3,38,ae,,1.3869389577942939,2.052280566930988,0.9862263385053539,,1.87217176774891,2.7702889988888675,0.426219602063375
0.3,39,ae,,1.1904945448977438,3.3718545095691224,0.9872589984315469,,1.606999546801405,4.551527507606744,0.4713043478260869
0.3,40,ae,,1.4920840980053112,2.0349492935877667,0.9854762961184473,,2.0141028613365655,2.7468942269200127,0.34040880503144655
0.3,41,ae,,1.303494386472001,1.8733344065471935,0.9846532556027523,,1.7595333782051092,2.5287369482128943,0.38668968162639056
0.3,42,ae,,1.3710560949455237,2.203586711016879,0.985124544,,1.8507321454429762,2.974530930123571,0.45086080586080585
0.3,43,ae,,1.2774758751397823,1.8616885175168192,0.9862408560903612,,1.7244120615232976,2.5130166423331906,0.4174227093872963
0.3,44,ae,,1.4569632291146617,2.055221366186088,0.9853591433194069,,1.9666946471348004,2.774258662664677,0.47715676728334955
0.3,45,ae,,1.3302293223941877,1.7814622191328662,0.9868815963240147,,1.7956217669296528,2.4047224668603913,0.38134301270417426
0.3,46,ae,,1.4037001491229635,2.022244839296473,0.9867227687585637,,1.8947970094893813,2.729745007399463,0.33651859877211987
0.3,47,ae,,1.2995702871443056,1.8517932992297927,0.9874700811569167,,1.7542363981658162,2.499659494775561,0.38771929824561413
0.3,48,ae,,1.3094919303393373,2.533098484181935,0.9850400769025968,,1.7676292156182565,3.4193252993304077,0.3689213639526791
0.3,49,ae,,1.3428808985720595,1.9251045137344829,0.9859722100221266,,1.8126996084630718,2.5986192833688104,0.40787637738801585
0.3,50,ae,,1.2109023464111348,1.9802271505984725,0.9860811541058149,,1.6345471974175187,2.6730270602364805,0.4066701680672269
0.3,51,ae,,1.4564689662791832,2.2895041560846123,0.9851241640198662,,1.9660274620930722,3.0905073500726785,0.36122369911187935
0.3,52,ae,,1.289369163142859,1.9139859937728199,0.9848428961715847,,1.7404663210852889,2.58361085127135,0.3914088863892013
0.3,53,ae,,1.6715042211809876,2.372724357257285,0.9861280003917076,,2.256294694861624,3.2028428715938575,0.5359146341463416
0.3,54,ae,,1.3320149593008805,2.2285089143959804,0.9850703920544185,,1.798032124635285,3.0081723858590514,0.4057227796358232
0.3,55,ae,,1.2622394916227428,2.49830921714283,0.9848327376950455,,1.7038450950372162,3.3723647008085584,0.4498168498168497
0.3,56,ae,,1.1358582261728785,2.0627455250856657,0.9831495425751442,,1.5332482307571158,2.784415214824873,0.396204522419879
0.3,57,ae,,1.631078002897586,2.2082834607090915,0.9850916582980187,,2.201725008054784,2.980870879062584,0.398441475826972
0.3,58,ae,,1.3566674696840697,2.6999066275958254,0.986817943490871,,1.8313095329048918,3.6444927408930488,0.34677460479347266
0.3,59,ae,,1.7652470731862868,2.6294188877951576,0.9850032978995901,,2.382834309288271,3.549344244496992,0.3687772453590413
0.3,60,ae,,1.127737607980149,1.5453862342058675,0.9857069732524629,,1.522286542766698,2.0860532193495023,0.40996202814384636
0.3,61,ae,,1.3182757052505345,2.1595481140194654,0.9848561241117004,,1.779486071545901,2.915085042093322,0.43665345226296665
0.3,62,ae,,1.7964081731595316,2.2064378253698664,0.9851497442501074,,2.4248973945409116,2.9783795319443573,0.43013979272113767
0.3,63,ae,,1.0941426458392125,1.5303497075203463,0.986747956199415,,1.4769380872305726,2.0657560313677,0.49173803526448356
0.3,64,ae,,1.5695718584021705,3.2417449469844013,0.9869811779324351,,2.118700397187605,4.3758979686018975,0.5254051686377573
0.3,65,ae,,1.250820866092556,1.992739445623572,0.9868421499821027,,1.6884315627948812,2.6899168918791005,0.32960180995475113
0.3,66,ae,,1.3234661056347763,1.8742009059549007,0.9865714205711406,,1.7864923792194158,2.5299066000701473,0.40161872909699003
0.3,67,ae,,1.4992539282527768,2.786533992071961,0.9848521536201049,,2.023781119844932,3.761427451808257,0.48938356164383556
0.3,68,ae,,1.5017354084087313,2.2407432920759685,0.9812954200370637,,2.0271307676892723,3.0246870683255946,0.4617647058823529
0.3,69,ae,,1.4269772759820267,2.4665890576910505,0.9875964621799509,,1.9262178441951519,3.3295469641948587,0.3453430258973194
0.3,70,ae,,1.256223425120433,2.121254920084937,0.9865114922620193,,1.69572425468211,2.863394636990583,0.345845977669625
0.3,71,ae,,1.7445273174849936,4.251678934366975,0.9829642838571354,,2.354865564564057,5.739166256540616,0.37777601165640107
0.3,72,ae,,1.2739665096928703,1.7333909666071114,0.9856613819608204,,1.7196749136657805,2.339833063247291,0.33496403076370773
0.3,73,ae,,1.30524703683493,1.7560735776939196,0.9871129377120542,,1.76189920873411,2.37045138560164,0.3994155715512118
0.3,74,ae,,1.2172766265365338,2.0573559459783697,0.98728689061776,,1.6431515755867454,2.777140043997762,0.4168012422360248
0.3,75,ae,,1.184005643488836,1.6812624299265766,0.9863839327722056,,1.5982404460830986,2.269466898883022,0.3426017874875869
0.3,76,ae,,1.21127532119226,2.0510922973469845,0.9850579781936967,,1.6350506607108244,2.7686850027251255,0.40984848484848485
0.3,77,ae,,1.3913082244588084,2.848561226357777,0.9862768556000213,,1.8780696608386533,3.8451554603185465,0.39020964667937247
0.3,78,ae,,1.4238672428416614,2.6333919979888334,0.9854199416188636,,1.9220197385687765,3.5547073822853954,0.38007713989022396
0.3,79,ae,,1.3196728873527355,1.6058334366181013,0.9867891212752932,,1.7813720701123448,2.1676484079189855,0.44000870069605574
0.3,80,ae,,1.5063538807470487,2.6483601725218233,0.986990144465808,,2.033365053252696,3.5749123045120865,0.4351168511685117
0.3,81,ae,,1.521488639259728,2.2054356853696673,0.9855253085672915,,2.0537948403315722,2.977026784438664,0.39985119047619044
0.3,82,ae,,1.5053578345815661,2.0363046182017603,0.9848111972791466,,2.032020531563467,2.7487237237873368,0.38327167019027486
0.3,83,ae,,1.1206441914537992,2.0177352479652337,0.9847069541412686,,1.5127114319927997,2.7236576958224212,0.38815361806466325
0.3,84,ae,,1.3826671582507275,2.2916355015791154,0.9861887126600433,,1.8664054415108278,3.0933843655604205,0.44326923076923075
0.3,85,ae,,1.2531495858690747,2.3996324910784392,0.9867973761882218,,1.6915750056955914,3.239165053027776,0.3139331268089067
0.3,86,ae,,1.4086643830005976,2.381493736387352,0.9850472932740467,,1.901498024311973,3.214680295249551,0.4573529411764706
0.3,87,ae,,1.180013092397306,1.9191622382332376,0.9864270487880624,,1.5928510658274995,2.5905980504464114,0.40530469897209986
0.3,88,ae,,1.3423679970894442,2.3010812462401895,0.9859551913528306,,1.812007263879345,3.1061347871852854,0.3334886429819453
0.3,89,ae,,1.5656812554482813,2.351796859122838,0.9830641723150269,,2.1134486325235167,3.1745937039165435,0.3928275862068967
0.3,90,ae,,1.5546474535682964,3.3961734472442133,0.9863253071039202,,2.0985545578747704,4.584354639818358,0.3803053830227744
0.3,91,ae,,1.8741433692940306,3.5198754921164577,0.9869825935105904,,2.529828933701713,4.751334934604319,0.374103695532267
0.3,92,ae,,1.5424579262584588,2.0411685452130013,0.9855746496,,2.082100417075398,2.755289338502867,0.4616197183098591
0.3,93,ae,,1.4745363403742344,2.842106961411475,0.9855813459257426,,1.9904158661450475,3.8364431139343513,0.36716835003393344
0.3,94,ae,,1.4125109278380925,2.1372698350697137,0.9853273349977595,,1.9066903167396014,2.885012511035365,0.41604671280276817
0.3,95,ae,,1.428670017444598,2.593677725277047,0.9868225402392233,,1.9285028061673528,3.501098721478915,0.3803033666296708
0.3,96,ae,,0.9293518122427795,1.4619919874371448,0.987021883932256,,1.254493729092636,1.9734827608475751,0.3885857937526744
0.3,97,ae,,1.4807780495952259,2.6191057829850455,0.9850807439566973,,1.9988412923113312,3.5354230091356076,0.39388281221227855
0.3,98,ae,,1.3591199966076652,1.822415978948385,0.9860284342652869,,1.8346200979735245,2.4600042602507215,0.5043046357615893
0.3,99,ae,,1.2681773291147422,1.964481771662494,0.9859338621299676,,1.7118603372737466,2.6517730218011284,0.3541060134524647
0.3,100,ae,,1.2586016810868286,2.148750200173093,0.9856162088985935,,1.6989345644450196,2.900509382984349,0.39220286085825756
0.3,1,vae,,1.970717660464321,8.837188371490361,0.9873026276945971,,2.6601905912233392,11.9289565574645,0.4382549019607843
0.3,2,vae,,0.9742959258337539,1.5084918474126752,0.987266069928672,,1.315161936672109,2.0362510063865957,0.3889024390243902
0.3,3,vae,,1.2376641685840764,3.6391368495953746,0.9870953719560207,,1.6706718787844468,4.912320928400705,0.4675572979493364
0.3,4,vae,,0.9265369611736481,25.46181235942911,0.9871943683318836,,1.2506940775849542,34.36985167022292,0.4117919075144509
0.3,5,vae,,1.1439288164924797,72.48589924905183,0.9871530511476319,,1.544142388182367,97.8457295263994,0.28100872710118724
0.3,6,vae,,1.8595112245690832,3.5918194003147854,0.9869915498830388,,2.5100776042710162,4.848449052737271,0.2905670518677775
0.3,7,vae,,1.3200399347343488,6.433911294293606,0.9891734465999842,,1.7818675322532131,8.684871827764946,0.36513801035077625
0.3,8,vae,,1.3363173354231597,3.1617535327852218,0.9880628418028757,,1.803839724937448,4.267920853614675,0.30418604651162784
0.3,9,vae,,1.1619131794218516,1.4866748560930791,0.9879745835464602,,1.5684187388812232,2.00680114849903,0.39620135886349594
0.3,10,vae,,1.1413488931648805,2.7337019329306034,0.9871160078185539,,1.5406598559557367,3.6901116314539193,0.38163888888888886
0.3,11,vae,,0.933156593870004,1.844234649428917,0.9886260471206701,,1.2596296470830484,2.489456384768466,0.40765495572693505
0.3,12,vae,,1.2283745907353654,2.303970244655471,0.9866336670424334,,1.6581322603067012,3.1100345271412264,0.4782538659793814
0.3,13,vae,,1.1300628973295581,2.5584252841225785,0.9879778348764535,,1.5254253550751606,3.4535129032980008,0.19898551301969222
0.3,14,vae,,1.0738300009520447,4.9733903996933835,0.9871778236621662,,1.4495188846244655,6.713374834540052,0.3810162405531436
0.3,15,vae,,1.4120161869977426,4.570238287013249,0.9873551490574745,,1.9060224864587876,6.1691764044459,0.33049315775884325
0.3,16,vae,,1.3962222370508806,2.4317617218236243,0.9866793156553636,,1.8847028840166011,3.282534978129806,0.3963685636856369
0.3,17,vae,,0.9224759533694612,3.8120246284764447,0.9873728714282146,,1.2452122904328375,5.14569501944557,0.4613666072489601
0.3,18,vae,,1.2685650685365362,3.625347066007804,0.9867219186570529,,1.7123837307472995,4.893706667570457,0.30399341908465455
0.3,19,vae,,0.9183148635318966,1.5108561146089903,0.9871955454396357,,1.239595406666486,2.039442433285005,0.29474329935824845
0.3,20,vae,,1.0059435851013865,3.2516101887746305,0.9882455914614512,,1.3578818082736872,4.389214652121305,0.3430542415641754
0.3,21,vae,,1.1004271110385595,6.690415976517159,0.9879966539429456,,1.4854212279308159,9.031116932248894,0.400057273768614
0.3,22,vae,,1.0652664572536144,2.997352259102912,0.9862857889029016,,1.4379593097390773,4.046002346357896,0.3429610162067456
0.3,23,vae,,1.1079521045426652,2.1299846312867707,0.9859870215078014,,1.4955789066892853,2.875178514543973,0.3988331388564761
0.3,24,vae,,1.0619033113072072,5.211089351350737,0.9864026284738964,,1.433419537562156,7.034234857986314,0.46361148197596797
0.3,25,vae,,1.16318233928202,2.9504229573160377,0.9872997758721856,,1.5701319254966934,3.9826544150074916,0.37172349077259936
0.3,26,vae,,1.389764002842769,6.519647523262116,0.9869029107121229,,1.8759851796893932,8.800603631566442,0.46688350983358556
0.3,27,vae,,0.9108189129049491,1.8444455859398747,0.9872095717705986,,1.2294769316915461,2.489741119275622,0.41326099449007875
0.3,28,vae,,1.5808835916870052,12.168436678212247,0.9874033597254148,,2.13396963999109,16.425671424515684,0.34516752960780817
0.3,29,vae,,1.256479813572817,22.38772031659229,0.9874248930266137,,1.6960703428927215,30.220261450900328,0.3085149603288405
0.3,30,vae,,0.9724804596303868,3.2058310515661255,0.9861436193326637,,1.3127113136276374,4.327419280557175,0.3876036342986939
0.3,31,vae,,1.044380787512742,1.7592827866248246,0.9864951197217385,,1.409766604487237,2.374783364542374,0.3873553070433588
0.3,32,vae,,1.5639545248700681,8.246825048571376,0.9881500114169665,,2.111117790044205,11.132049426352472,0.35031698564593305
0.3,33,vae,,1.138054691424736,3.4027273532843347,0.9863516801448801,,1.5362131487228705,4.593201487610641,0.3038961038961039
0.3,34,vae,,1.0949517873162564,3.7582752712414695,0.987781331560924,,1.4780303139799353,5.07314097618039,0.230648275862069
0.3,35,vae,,1.3874582182199302,6.543089330899737,0.9869426467767023,,1.872872696007881,8.832246762071588,0.4471019120243417
0.3,36,vae,,1.0212148125614917,22.462301529266583,0.9874999296,,1.3784958091632067,30.32093555770842,0.1799871827440475
0.3,37,vae,,0.9445966140799521,2.4397676609020875,0.98728695567572,,1.2750720591222942,3.2933418655077866,0.31946982177624683
0.3,38,vae,,1.2134138904649727,3.5788348000002,0.9882475433901735,,1.637937427279207,4.8309216756397735,0.4274400997978233
0.3,39,vae,,1.4593335631414386,30.404637704179933,0.9885908386709201,,1.9698942633977423,41.04196799614471,0.4758118361153262
0.3,40,vae,,1.0359418773523985,4.720671914669082,0.9875672957182873,,1.3983752672809548,6.372240561692735,0.23723152616141546
0.3,41,vae,,0.8722989650288747,1.4902284075887113,0.9866779328648932,,1.1774804407836585,2.011597941283584,0.41582945736434107
0.3,42,vae,,0.8112485831429043,2.5560413303527025,0.9876483199999999,,1.0950710450890029,3.4502949023048797,0.3682217817756772
0.3,43,vae,,1.0341104474976257,5.427545850727339,0.9872662577468818,,1.395903095561032,7.3264205701268885,0.3509660362009355
0.3,44,vae,,1.0594575267469966,2.31154636185328,0.9870336308060947,,1.4301180737321224,3.120261215667917,0.4001812688821752
0.3,45,vae,,1.0476674656273024,1.424698305584438,0.9874556233472181,,1.4142031558878436,1.9231415559317617,0.30341730130833827
0.3,46,vae,,1.3522384230482498,2.9146839697990448,0.9881433809969632,,1.8253309452943656,3.93441182793383,0.4196628498727735
0.3,47,vae,,1.7652393338439019,5.065619155751545,0.9878365264845981,,2.3828238622687876,6.83787063321694,0.41916201117318436
0.3,48,vae,,1.252959991350957,2.885676071511117,0.9868147950458754,,1.6913190798654423,3.8952552609406017,0.29315585764183894
0.3,49,vae,,1.3543434432046049,5.991007861163295,0.9872494168354281,,1.8281724252925464,8.087014727648347,0.2349833147942158
0.3,50,vae,,1.2273782902835888,20.436311366552108,0.9879211063178409,,1.6567873953668786,27.586134892505946,0.44890969162995586
0.3,51,vae,,1.4244228757620951,5.678608556806868,0.987200349952056,,1.922769764560203,7.665319775182207,0.3125571304599364
0.3,52,vae,,1.228743647442657,3.623222996906143,0.9873381189524758,,1.6586304347535339,4.890839474185679,0.4216014130114808
0.3,53,vae,,1.1405110873551914,30.887749648991626,0.9884287323313532,,1.5395289364044895,41.69410090989395,0.39191904047976006
0.3,54,vae,,0.948540009194082,1.580436759305796,0.9864549078513327,,1.2803950857488546,2.1333664793658045,0.37731233595800523
0.3,55,vae,,1.0911162220402968,3.7214792760661584,0.9867833435944973,,1.4728528424101486,5.023471578009472,0.355792507204611
0.3,56,vae,,0.9050224951654126,1.5553804263994904,0.9864923720923238,,1.2216525861534429,2.0995439677066714,0.3244120505344995
0.3,57,vae,,1.180189900111269,3.184052273384935,0.9868556925048276,,1.59308973127744,4.2980210050110506,0.24236785329018334
0.3,58,vae,,1.046400929220775,1.949233424974475,0.9870569643291143,,1.412493510564377,2.6311899067233333,0.3445523193096009
0.3,59,vae,,1.2879364607664483,2.603046559830798,0.9873431992827868,,1.7385323751638557,3.5137453253180184,0.316772469094554
0.3,60,vae,,1.0441473544055213,2.256293420671552,0.9870518957132133,,1.4094515027514753,3.0456775463692827,0.37908191313908746
0.3,61,vae,,0.9732171055609998,1.9075466971210933,0.9872787845060557,,1.3137056816251405,2.5749187099714224,0.40915109034267916
0.3,62,vae,,0.9993851514455399,2.178462683290034,0.9865655720707807,,1.3490288488394397,2.9406170400147054,0.28623250499857195
0.3,63,vae,,1.050172237675977,2.1074220948679674,0.9874011402234837,,1.4175842444987174,2.844722276037797,0.38653785239151095
0.3,64,vae,,1.367348061349065,6.287581892336443,0.9869928900242579,,1.8457268236340085,8.487347795725741,0.39610866372980913
0.3,65,vae,,0.9468408292420086,1.3181175754350885,0.9873025536681868,,1.2781014327248919,1.7792726186217809,0.307246963562753
0.3,66,vae,,1.230193198635249,319.5646874256091,0.987157220859951,,1.6605871241978865,431.3672079117309,0.32128425015687095
0.3,67,vae,,1.538352478320405,27.26063953672476,0.9872120047134669,,2.0765586420171713,36.798014378802534,0.2877978817299206
0.3,68,vae,,1.0657532317970242,2.0246936774909052,0.9863113103380504,,1.4386163866438026,2.7330505932045464,0.3437618901503529
0.3,69,vae,,1.0606581604565386,13.032601331789273,0.9876927951425143,,1.4317387597196203,17.5921716933425,0.3639925571504519
0.3,70,vae,,1.1221356279486447,1.8064201135213684,0.9878243408827351,,1.5147246606813072,2.4384121004192627,0.41070189925681255
0.3,71,vae,,0.9642129129849484,1.7805476304812256,0.9870727418909674,,1.301551292971247,2.403487901313665,0.38592427616926506
0.3,72,vae,,1.0494744486839607,1.7946039758561347,0.9871585680597909,,1.4166423278820144,2.4224619829203164,0.43824252743094966
0.3,73,vae,,1.1669031439113775,2.85002747549883,0.9882669803469688,,1.5751544863969011,3.8471346896356975,0.3127088468912627
0.3,74,vae,,2.3899675746065645,32.5149928157282,0.9875541061540469,,3.2261187804037297,43.89064943058118,0.3352256232249921
0.3,75,vae,,1.978471637560718,8.503783215973153,0.9867562128291251,,2.670657365500653,11.478906671798349,0.46378586217095535
0.3,76,vae,,1.3994350940342128,30.79585920259597,0.9869944396230615,,1.8890397873130345,41.57006178149468,0.4088494070642241
0.3,77,vae,,1.2005865292088933,2.0171802600794178,0.9870814866307696,,1.6206223007097291,2.722908540536655,0.41161825726141077
0.3,78,vae,,1.1424013194916514,8.775221619263535,0.9877978049153564,,1.5420804829022532,11.845310191194239,0.42694334650856386
0.3,79,vae,,0.9805090625342295,4.111909961535809,0.9873008902884535,,1.3235487939699198,5.550497877538616,0.4021062271062271
0.3,80,vae,,1.003412318294472,4.99112495573046,0.9880731476253326,,1.354464955480049,6.73731398120515,0.3920819490586932
0.3,81,vae,,1.1612464333963552,2.2413208789402654,0.9871241099543638,,1.5675187258862908,3.025466729041506,0.4356336932205038
0.3,82,vae,,1.0677783013714992,9.918510897480491,0.9864899891260588,,1.441349944644862,13.388589293002608,0.35989504046150145
0.3,83,vae,,1.03966811620958,3.3234826126093595,0.987521748544056,,1.403405163621453,4.48623227645645,0.3826386806596701
0.3,84,vae,,1.1570913222959487,1.6882763948903294,0.9868353932123121,,1.5619099125709501,2.2789347612653734,0.2987357599333148
0.3,85,vae,,1.4385126532260355,5.336087510667963,0.9879331282237047,,1.9417889747666888,7.202964724271459,0.43066016073478763
0.3,86,vae,,1.1316006930589864,4.528902703279339,0.987224887227428,,1.527501162184782,6.113379202676386,0.4268497035318382
0.3,87,vae,,1.2572853797955803,20.178940135495264,0.9872744026313166,,1.6971577435536043,27.23872006944719,0.3743006103763987
0.3,88,vae,,1.0883241369507815,2.509894831281179,0.9878769324603092,,1.4690839217605647,3.388003644094386,0.34931729208440754
0.3,89,vae,,1.1831953430812217,3.408112564678759,0.9869074030601558,,1.597146654941098,4.600470762642064,0.38151761517615174
0.3,90,vae,,1.4271311748450202,4.8664820877333765,0.9877689723435263,,1.9264255859308395,6.569063708037754,0.3759685314685315
0.3,91,vae,,1.2374357150441404,12.28422824265305,0.9883546412184031,,1.6703634987614422,16.581973687619108,0.2639659384880713
0.3,92,vae,,1.27902402412197,5.21370936244238,0.9873037376,,1.7265018440623434,7.037771503034315,0.35923795273965536
0.3,93,vae,,1.0261906609053406,1.8209892448872498,0.9868840508740496,,1.3852125018753136,2.4580783707122293,0.35977587732232374
0.3,94,vae,,1.1516517127582109,4.025054585348302,0.9880230074899174,,1.5545672077266603,5.433255383006583,0.32039563437926327
0.3,95,vae,,1.2006145110136153,21.820207747738895,0.9871488587176076,,1.6206600721952849,29.45419961142349,0.23583432457986403
0.3,96,vae,,0.9826779381544142,1.6696387424256254,0.9875975998608524,,1.3264764698283629,2.253776561933352,0.3941258959177313
0.3,97,vae,,1.1065331675422503,2.228624995193073,0.9868737890328665,,1.4936635420818798,3.0083290785453976,0.38412500000000005
0.3,98,vae,,0.9022998762380487,4.827584352442875,0.9867686303782379,,1.2179774350146677,6.516557257461111,0.3532263147941925
0.3,99,vae,,1.182117408571085,12.289865469220391,0.9876969469468266,,1.5956915955485997,16.589583147551334,0.34201844903064416
0.3,100,vae,,1.0586331880432085,2.4268595534966835,0.9879508908721425,,1.4290053328723882,3.2759177430374646,0.32020558002936855
0.3,1,contrastive,,1.6392569244490427,3.025738762409094,0.9857906500634024,,2.212765397347491,4.084320117862031,0.5210606060606061
0.3,2,contrastive,,1.4188560961532062,2.406659664148568,0.9856948755749385,,1.9152553980753098,3.2486507444888506,0.5159743040685224
0.3,3,contrastive,,1.5999564559294646,5.681372657355527,0.9840056871137051,,2.159715313774475,7.66905092065284,0.3796234361451753
0.3,4,contrastive,,2.1319037252405657,11.158784805099904,0.9876941958385257,,2.8777690204200694,15.06278395100938,0.5821666666666667
0.3,5,contrastive,,1.2261703632641987,2.7323549108035587,0.9865116657926478,,1.6551568644408459,3.688293341771728,0.3402276262998445
0.3,6,contrastive,,1.2765667489934758,1.7851229740578327,0.9857557348886087,,1.723184869587508,2.4096639691382347,0.4344695207073056
0.3,7,contrastive,,1.9871126656136606,19.733327775808277,0.9863613792467791,,2.682321533324429,26.637206300958983,0.5402118770516264
0.3,8,contrastive,,1.0111243358905067,1.3182455055325089,0.9841846657244685,,1.3648750903562374,1.779445306190538,0.47008213552361394
0.3,9,contrastive,,1.2493813421968956,1.8753469548423272,0.9756155113219155,,1.6864884087856078,2.5314536042547524,0.4341854636591479
0.3,10,contrastive,,1.9151584103583879,13.661997553456589,0.9785303634865654,,2.585193448125527,18.441767726615183,0.46770270270270276
0.3,11,contrastive,,1.8446578013784813,11.654420249495999,0.9864186473079343,,2.4900275801545284,15.731821820974295,0.3958927799394726
0.3,12,contrastive,,1.251649513651923,2.9663879908147965,0.9861375268141951,,1.689550120001269,4.004204956089037,0.5290229396771452
0.3,13,contrastive,,1.7977363821367822,5.18594961814631,0.9882175981148157,,2.426690289127155,7.0002997677002075,0.5436879432624113
0.3,14,contrastive,,1.090187534141561,1.5033138484056066,0.9829934810776507,,1.4715992448705508,2.0292614388212846,0.5635024549918166
0.3,15,contrastive,,1.0044771486766293,1.4266350010872404,0.9798402829912748,,1.3559023261499785,1.9257558214138122,0.4431595250387196
0.3,16,contrastive,,1.8473532227400273,4.674723078129224,0.9854145661243804,,2.49366601841954,6.310216119991537,0.32894144144144144
0.3,17,contrastive,,2.2494555297392766,8.2256235070873,0.9874159853892646,,3.036447359069107,11.103430338846005,0.4192045454545454
0.3,18,contrastive,,1.4561700843246772,4.993676308624658,0.9866001718116271,,1.9656240136543568,6.740757947380619,0.5558651026392962
0.3,19,contrastive,,1.7424102955201242,8.226537937594491,0.9863336584117028,,2.352007883818946,11.104664690920053,0.3490573942186846
0.3,20,contrastive,,1.2362226458398533,1.8392127009826806,0.9836316102472316,,1.6687260266118362,2.4826774634271214,0.45569915634535996
0.3,21,contrastive,,1.65671390794042,3.115950225093267,0.9846880896241512,,2.236329860267036,4.206092855310576,0.4306763068079757
0.3,22,contrastive,,2.024584210446249,9.196377516695078,0.967486994400259,,2.732902828150177,12.413811188704782,0.4626162018592298
0.3,23,contrastive,,1.3465658135020333,3.3123858866742566,0.9846545347835893,,1.8176737233364655,4.471253263217694,0.5423841059602649
0.3,24,contrastive,,1.359226190114183,2.6327222235780083,0.9839054694357322,,1.8347634442136052,3.553803281397854,0.6457062600321026
0.3,25,contrastive,,1.8749209432445337,8.255037011306113,0.984459140236935,,2.5308785487473413,11.143134416577443,0.5764251207729467
0.3,26,contrastive,,1.7515744188336435,5.1226165099339696,0.9880030766577078,,2.3643781563874127,6.914809013768616,0.48130841121495316
0.3,27,contrastive,,1.809815711700957,3.7063208146640667,0.9852757479505853,,2.4429956785289693,5.003009795376558,0.47376033057851225
0.3,28,contrastive,,1.6720735586514734,6.192802705591097,0.9818158558607,,2.257063220060642,8.359409275722644,0.518385460693153
0.3,29,contrastive,,1.2529741463681356,1.8317012956392034,0.9864524900242708,,1.6913381871400521,2.4725381267669553,0.5463402322059566
0.3,30,contrastive,,1.7614462043881838,7.730000517770366,0.9871958514558716,,2.3777036730647105,10.434409281479393,0.35260390834242644
0.3,31,contrastive,,1.4787537469142613,3.7720489629079967,0.9858064359224576,,1.9961087695082316,5.091733515189288,0.6254201680672268
0.3,32,contrastive,,1.550552885049985,2.6162755491002176,0.9872142138110569,,2.0930274684971044,3.5316025929986727,0.35580041580041577
0.3,33,contrastive,,2.3406963879899516,18.01157784304546,0.9863482425082968,,3.1596096351895735,24.3130869897757,0.566025641025641
0.3,34,contrastive,,1.2237426707848298,2.0799341417849515,0.9850952157754675,,1.6518798223654838,2.8076174204664524,0.5683333333333334
0.3,35,contrastive,,1.1869248364953344,3.064016284113105,0.9838851863520154,,1.6021809444739348,4.135989367666372,0.535483870967742
0.3,36,contrastive,,1.5776399057776542,4.5912427244918455,0.9863707136000001,,2.1295911219973425,6.197529429374563,0.3937707702533048
0.3,37,contrastive,,1.6782188712843027,4.967245476392212,0.9832825813670066,,2.265358524443375,6.705080055700088,0.426957928802589
0.3,38,contrastive,,1.7325108733270242,5.705153535060956,0.9888305281221125,,2.3386450615816767,7.701151747875401,0.3216154309825196
0.3,39,contrastive,,2.2224671172704187,8.960949421968904,0.9831998045357693,,3.0000168127955247,12.096016501487819,0.4730253353204173
0.3,40,contrastive,,1.5198389692911485,2.906309677993067,0.9883304105642257,,2.0515680187948915,3.9231077163823187,0.5172519083969465
0.3,41,contrastive,,1.5047593265631263,3.795855949111207,0.9862764713524751,,2.0312126302433713,5.123869585197531,0.44811791383219957
0.3,42,contrastive,,1.1180821201412212,2.825326350376087,0.9809064512000001,,1.5092529974658784,3.8137916583317253,0.5598830409356725
0.3,43,contrastive,,1.9563921174508525,7.022852903349712,0.9858874812695817,,2.6408531308132996,9.479859845897314,0.5210169491525424
0.3,44,contrastive,,1.2317703243827325,2.9076440545279865,0.9808121492791021,,1.662716021278782,3.924908936300603,0.3567240364813181
0.3,45,contrastive,,2.045902876703643,10.569383949909925,0.9781948341344784,,2.7616800175634943,14.26717601543836,0.41793893129770987
0.3,46,contrastive,,1.967428467762145,3.861038386698348,0.9716860085647643,,2.655750645484492,5.211856672673807,0.4160204081632653
0.3,47,contrastive,,1.7174162666005295,5.478433290254237,0.9877754063965855,,2.318269473745022,7.395111428567264,0.616759776536313
0.3,48,contrastive,,3.1494833020611748,9.456110965757848,0.9662290783464406,,4.25135777460083,12.764414672544257,0.40728155339805827
0.3,49,contrastive,,1.4234251468984929,4.1411424864664435,0.9854319561865366,,1.9214229714660966,5.589957658783918,0.36964370546318287
0.3,50,contrastive,,1.535972999351772,2.8871339271868095,0.9697527599619219,,2.07334668137392,3.89722316026461,0.34970059880239523
0.3,51,contrastive,,1.1675321458416619,1.5165079771733372,0.9842129958740792,,1.576003550192478,2.0470716497466976,0.44292736525560955
0.3,52,contrastive,,1.6248753734595707,3.2967948809907175,0.9787138604554417,,2.193352334077749,4.450207606876801,0.4788674839462931
0.3,53,contrastive,,1.9604282092383427,4.71168195577364,0.9842022901135905,,2.6463012848608285,6.360105386497977,0.45441203789708345
0.3,54,contrastive,,1.6848323777255836,4.661300317415459,0.9869029544942324,,2.2742858243620985,6.292097288220076,0.46850117096018734
0.3,55,contrastive,,1.744809835537789,3.843282774832183,0.9868675496868917,,2.355246924045922,5.187889103612363,0.3867612293144208
0.3,56,contrastive,,1.3039886665043248,3.473190099357205,0.9835475342802636,,1.7602005864601502,4.6883162460030965,0.4133275429453773
0.3,57,contrastive,,1.2745024989292684,2.172902850532176,0.9808136886120461,,1.7203984234572984,2.933112050797861,0.6091269841269842
0.3,58,contrastive,,1.755412409426968,8.32388627321499,0.9874796139967382,,2.369558901793206,11.236071199160246,0.49677296886864086
0.3,59,contrastive,,1.3446441170533108,1.961012834322084,0.9861084720799183,,1.8150797044596696,2.647090446179247,0.5414330218068536
0.3,60,contrastive,,1.5371086961025628,5.281356434239864,0.9745104604866948,,2.0748797116357105,7.129085498706875,0.339861673414305
0.3,61,contrastive,,1.4667538271323968,2.4497358068593034,0.9864290341307178,,1.9799105721004762,3.3067974551233372,0.519954648526077
0.3,62,contrastive,,2.1851009319163945,6.1741786326246775,0.9744105848198743,,2.949577738389878,8.334269406795984,0.42080867850098624
0.3,63,contrastive,,1.3240313102306642,1.952817872848532,0.9850786498153639,,1.7872553256212576,2.6360284052564262,0.44500295683027796
0.3,64,contrastive,,2.057637543338215,5.272234017076578,0.9859341105234265,,2.7775201606741398,7.11677152355263,0.41191024165707707
0.3,65,contrastive,,1.558124475936626,5.910528488289415,0.9871433872374034,,2.103248047142799,7.978378937346347,0.5449410304158907
0.3,66,contrastive,,1.344626789754903,2.853430684429767,0.9862703729334256,,1.8150563150533023,3.851728541185144,0.5551892551892552
0.3,67,contrastive,,2.47711138127196,8.0724796080068,0.9756415729331892,,3.3437506153567145,10.89670769784566,0.48464912280701766
0.3,68,contrastive,,2.1806709677312384,9.709888596429657,0.9877770623661304,,2.9435979122172986,13.106978642472368,0.43600000000000005
0.3,69,contrastive,,1.8497636343119628,4.14187017413276,0.9890640644605139,,2.4969197337098,5.59093993438946,0.355103847463398
0.3,70,contrastive,,1.3968207668212937,3.33201710635428,0.9842545544405243,,1.88551081469879,4.497752638006233,0.43432588916459886
0.3,71,contrastive,,1.2377189879377068,2.5436434618868273,0.9863255709022835,,1.6707458771717705,3.4335595303610495,0.4566970802919707
0.3,72,contrastive,,1.106220387845232,2.4377758259787417,0.9810367522614906,,1.4932413336530286,3.2906531695932704,0.4615730337078651
0.3,73,contrastive,,1.424087763941844,1.823128256895991,0.9866445169963511,,1.9223174109181143,2.4609657349117398,0.5391847468770545
0.3,74,contrastive,,2.5065592852363276,22.91132795157215,0.9865428189984664,,3.3835011278876683,30.927057828691936,0.3786985018726592
0.3,75,contrastive,,1.3487039102484852,1.7496912935406128,0.9848768188164083,,1.820559852061113,2.361836203124846,0.45256410256410257
0.3,76,contrastive,,1.4601825292941137,4.520080800569064,0.9860364970137292,,1.9710402478362647,6.101470879603342,0.6826315789473684
0.3,77,contrastive,,1.4683977799428227,3.2822135834524766,0.982788968944672,,1.982129676280869,4.43052491396892,0.5279245283018867
0.3,78,contrastive,,1.3076470932992126,2.4387188920739487,0.9887349431132723,,1.7651389460911018,3.291926175668012,0.49912082391358964
0.3,79,contrastive,,1.5430163654326678,3.1090856718207487,0.9691922454875379,,2.0828542311131995,4.196826677615593,0.3405367965367965
0.3,80,contrastive,,1.3775147351579622,4.147150865103447,0.981364286764573,,1.8594503978187007,5.59806812160633,0.5205172413793103
0.3,81,contrastive,,2.3714479838022893,8.104616460433558,0.987595425247049,,3.201119947643875,10.94008791114169,0.331858407079646
0.3,82,contrastive,,1.5957672813361565,4.3156542609409865,0.9824593731259413,,2.1540605195532248,5.825523914584097,0.44445297504798464
0.3,83,contrastive,,1.9233344634963858,9.788076774003805,0.9871682733937169,,2.596229965465063,13.21252164261915,0.44028068705488055
0.3,84,contrastive,,1.2068833064464406,1.8490236750636988,0.9853750336619443,,1.6291220609231765,2.4959208932012835,0.589402985074627
0.3,85,contrastive,,1.7963893657362746,5.342730275393281,0.9883867608769357,,2.4248720071749803,7.211931518742586,0.5290918977705275
0.3,86,contrastive,,1.4522101607010043,4.876615353825323,0.9875539257061874,,1.9602786758736135,6.58274218652148,0.45950598802395204
0.3,87,contrastive,,1.0601696955602073,1.5334529091358429,0.9833655463858836,,1.4310794010771157,2.069944915400062,0.3845138055222088
0.3,88,contrastive,,2.1607950443766963,11.728808751615267,0.9873048555687769,,2.9167682220184643,15.832235795742374,0.45759345794392525
0.3,89,contrastive,,1.2772368572248014,2.6574802173135104,0.9838921301250296,,1.7240894210855924,3.587223077299633,0.3454358395222418
0.3,90,contrastive,,1.28834585825981,1.8474484931121087,0.988050247724842,,1.7390850039760695,2.493794619970395,0.5121951219512195
0.3,91,contrastive,,1.4859957520747953,3.232868986678818,0.981206656612315,,2.0058844539586893,4.363916675407711,0.5888294524858402
0.3,92,contrastive,,1.9433900355395102,6.799319985512755,0.9882212032,,2.6233021560284495,9.178121967971935,0.5331010452961673
0.3,93,contrastive,,1.1706290105027868,2.073399065555971,0.9824727837660854,,1.5801838802311683,2.7987959902605826,0.5213471502590673
0.3,94,contrastive,,1.0932819365188402,2.0158614880329795,0.983744907496319,,1.4757762511737054,2.721128384474585,0.5577142857142856
0.3,95,contrastive,,1.4351980349277342,3.910560105847559,0.9864538202053686,,1.9373147080629742,5.278704001433675,0.5256020278833967
0.3,96,contrastive,,1.103680381657489,1.6555206261909998,0.9844435601029271,,1.489812683929206,2.2347190983876613,0.4744991289198605
0.3,97,contrastive,,1.4548194010383257,1.7171696062984556,0.9856559405306216,,1.9638007819240295,2.3179365171637882,0.5967633928571429
0.3,98,contrastive,,1.3355035425761663,2.9856697152468015,0.9859729305999325,,1.8027412194953918,4.030232561638832,0.5005219660722053
0.3,99,contrastive,,1.6324545582343266,3.700058078773825,0.9824037192318336,,2.203583163400199,4.994555986175593,0.47176079734219273
0.3,100,contrastive,,1.9824798595246866,5.569704573258402,0.9885139885622382,,2.6760678992214357,7.518314773809199,0.37174917491749165
0.3,1,balanced,,4.1303760342123015,7.2058950164664735,0.5787966254785172,,5.575424468382318,9.726940854445298,0.43892617449664445
0.3,2,balanced,,4.693385563364041,9.902192244572943,0.5507917574042859,,6.335407840057012,13.36656141564758,0.32688981111585147
0.3,3,balanced,,4.271783549616625,6.731004029849895,0.5478112148333443,,5.766304648508283,9.085905073522452,0.4166363636363637
0.3,4,balanced,,4.238151875116278,7.973549182472577,0.5301703363908501,,5.7209066364704615,10.763165591601048,0.3465151297863186
0.3,5,balanced,,4.352266749581927,12.650695437842312,0.6054400966824459,,5.874945604843347,17.076652658733007,0.4479047619047618
0.3,6,balanced,,4.810248522126016,9.8233576921242,0.6180155090942075,,6.493156334221255,13.26014590068333,0.36274038461538466
0.3,7,balanced,,4.00986947270065,8.611335828008603,0.5030300941349817,,5.412757624955116,11.624087512432206,0.42517605633802813
0.3,8,balanced,,4.617480240564838,8.531195618786308,0.6081240718835771,,6.2329463715346085,11.515909545172509,0.4034466911764706
0.3,9,balanced,,4.533030103077852,9.187617523210848,0.5610232712080658,,6.118950609646796,12.401986434345789,0.42937734082397006
0.3,10,balanced,,4.479994536738349,9.502230551179743,0.6242502078133997,,6.047360083308637,12.826669601127755,0.5115840681058071
0.3,11,balanced,,4.3839326616511345,11.30466454319973,0.596758013925129,,5.917690115149894,15.25970100033031,0.4253432785217834
0.3,12,balanced,,4.293264943006982,5.799586914954119,0.5914914485842808,,5.795301496575261,7.828623477453359,0.5312109862671659
0.3,13,balanced,,4.5786218280097275,11.2425359519867,0.6490155278424844,,6.180493001098671,15.175836174279112,0.5608778625954198
0.3,14,balanced,,4.77134594606897,11.812909557472763,0.6268434746526625,,6.440643349293256,15.945760009253354,0.4265615615615615
0.3,15,balanced,,4.183322379951077,8.243209613773013,0.5666860272738153,,5.646894559506769,11.127169099846684,0.3623928085634869
0.3,16,balanced,,4.197282543812004,11.634490206326548,0.5799239492621735,,5.665738809649645,15.704919076666641,0.5631906077348067
0.3,17,balanced,,4.646663176279635,12.488711314258321,0.6008215530116078,,6.2723392143401515,16.857996962825677,0.3717785035629454
0.3,18,balanced,,4.679480196233973,8.619566127366372,0.6219800969929123,,6.316637557763912,11.63519725450928,0.480847308031774
0.3,19,balanced,,4.091345609542053,8.604840597743634,0.5795196083058991,,5.522738905877752,11.615319868651802,0.4092705167173252
0.3,20,balanced,,4.476366512674492,7.225287178193117,0.6093488031474792,,6.042462763071941,9.753117534749945,0.4466836734693878
0.3,21,balanced,,4.610680470627281,12.727646630264873,0.610440920460102,,6.223767642194906,17.180525903578076,0.42200449071239027
0.3,22,balanced,,4.385703238602867,10.076899819539582,0.6306451215938964,,5.9200801440426805,13.602391974466542,0.4299145299145299
0.3,23,balanced,,4.322873769162862,5.5707118576300205,0.5536913097410453,,5.835269231343763,7.5196744654899605,0.41688144329896903
0.3,24,balanced,,4.25746993631168,10.650217466602529,0.614372405121478,,5.746983291520367,14.376289849893212,0.4190512820512821
0.3,25,balanced,,4.402307151878149,11.13748751000401,0.5525389615491269,,5.942493082617549,15.034035609646642,0.3554890219560878
0.3,26,balanced,,4.19960236355375,11.178529586683227,0.5241898292045348,,5.6688702387600305,15.089436618333293,0.43781094527363196
0.3,27,balanced,,4.502411946100589,13.22641594968771,0.6319105315429785,,6.077620420779294,17.85379406234968,0.5397727272727273
0.3,28,balanced,,5.099976127505143,11.814992141840536,0.7255626672709385,,6.884247694140175,15.948571204104715,0.47304075235109727
0.3,29,balanced,,4.349245345700182,7.049228105057841,0.53734295756473,,5.870867136202329,9.515462644224625,0.5379219409282701
0.3,30,balanced,,4.705187836740639,14.442744578331576,0.694482548345664,,6.351339242723833,19.495665974631446,0.4143835616438357
0.3,31,balanced,,4.317898215659852,7.756624360796105,0.5725346902719717,,5.82855293662516,10.470347710479208,0.3611194922748791
0.3,32,balanced,,4.238611828865076,8.44417361453199,0.6049455897947202,,5.721527509089354,11.398442126276903,0.3588047929622327
0.3,33,balanced,,4.525546079673331,13.401474748217415,0.6321434576318492,,6.108848234738099,18.090098723388678,0.3476171599718112
0.3,34,balanced,,4.028098830721136,8.856771875069095,0.4973432429455804,,5.437364684435526,11.95539152225345,0.4734640522875817
0.3,35,balanced,,4.616375383169992,8.285052326861845,0.6633868374934139,,6.231454970049061,11.18365085464252,0.454257907542579
0.3,36,balanced,,4.210220071943094,11.877003311565067,0.5911188672000001,,5.683202645945659,16.032277527725462,0.4024240465416936
0.3,37,balanced,,4.61736557377458,7.406692620901995,0.6302754009462948,,6.232791587557843,9.997989269332749,0.3501587301587301
0.3,38,balanced,,4.467408141831693,9.060079057458658,0.5887138364553459,,6.030370227288257,12.229827513045462,0.5844988344988346
0.3,39,balanced,,4.663084808077656,9.208525879907363,0.6045635390041443,,6.294506098657481,12.430209763784518,0.4965751562924708
0.3,40,balanced,,4.581782004449865,7.123610306608439,0.5965026842737094,,6.184758793099885,9.615868114114594,0.34672108656880235
0.3,41,balanced,,4.2967401392302795,9.68328191104376,0.5635838222428161,,5.799992520805335,13.071063373863812,0.41068836045056323
0.3,42,balanced,,4.893450310289463,10.315447753819909,0.5960356608,,6.605467000779758,13.924398004583903,0.42827715355805235
0.3,43,balanced,,4.357249629125647,8.351028137654772,0.5966789617925881,,5.881671788682528,11.27270888392832,0.4145348837209302
0.3,44,balanced,,4.4496923022254755,12.51228911322716,0.639980319949619,,6.006456345162201,16.88982366242702,0.330952380952381
0.3,45,balanced,,4.670303660992454,8.955171634374604,0.6091018340877477,,6.304250530845117,12.088217304015352,0.4179874213836478
0.3,46,balanced,,4.460557314043041,7.17819144634708,0.5219134790150793,,6.021122577058559,9.689544946318335,0.5179347826086956
0.3,47,balanced,,4.620947804781321,10.333382849433756,0.6295477737487941,,6.237627093633064,13.94860785136297,0.4098669623059867
0.3,48,balanced,,4.7249250077235265,6.840590844198061,0.5949186877918408,,6.377981636811717,9.23383180006452,0.49862637362637363
0.3,49,balanced,,4.2494173616120685,9.348941314322094,0.5854900878422886,,5.736113452638432,12.619750774648853,0.43116615067079467
0.3,50,balanced,,4.566977726861603,6.729587190846836,0.5812274039643984,,6.16477510860757,9.083992540915254,0.42973856209150335
0.3,51,balanced,,4.284571289667865,9.59755532175085,0.6181327261012362,,5.7835662920454425,12.955344582263326,0.37385141739980454
0.3,52,balanced,,4.421126911205871,10.186709371670135,0.6411383725534903,,5.967897100502535,13.750619365565946,0.3858676599474145
0.3,53,balanced,,4.769312006653633,13.562113227132302,0.6821202968081428,,6.437897818259389,18.30693798898755,0.4174295774647887
0.3,54,balanced,,4.6743201678049,8.993079489182907,0.6382604057819575,,6.3096722479415845,12.139387555704651,0.37253513901713353
0.3,55,balanced,,4.640358584379596,7.707833141581426,0.6356860477565821,,6.2638289054357115,10.404486453489902,0.37784653465346535
0.3,56,balanced,,4.157625996968272,7.401561388071895,0.5776289236959629,,5.6122080706145825,9.991062829503315,0.411484375
0.3,57,balanced,,4.746327788310088,9.818802806747223,0.6405832643679927,,6.406872368693104,13.25399744853972,0.46071428571428574
0.3,58,balanced,,4.485797932281768,11.309793469543061,0.5801091680174669,,6.055193847896768,15.266624326728264,0.4745942131263233
0.3,59,balanced,,4.8405481466592875,14.533875540521995,0.6179757876536885,,6.534056549263738,19.618679906587058,0.3931294511939673
0.3,60,balanced,,3.952999314011944,10.455410971227373,0.5680289779385459,,5.335990940360921,14.113328586338042,0.494113712374582
0.3,61,balanced,,4.053122514234478,9.84595164058493,0.491684397557802,,5.471143124024005,13.290644541010966,0.5722222222222222
0.3,62,balanced,,4.430479117859744,10.123104738243882,0.62528569618244,,5.980521259024537,13.664762090932873,0.43726591760299627
0.3,63,balanced,,4.290017359582617,8.981589511981454,0.5455980412160784,,5.790917717486545,12.123877708780421,0.43333333333333324
0.3,64,balanced,,4.375049085526578,8.125112846717508,0.5676761177807634,,5.905698541675389,10.96775513869056,0.4267732899611458
0.3,65,balanced,,4.297878496441879,9.355344802531846,0.6150081501750764,,5.801529142313579,12.628394579607997,0.4028963414634146
0.3,66,balanced,,4.263841149678893,6.07564529993916,0.5181508646311267,,5.755583529999044,8.201263319830623,0.5136363636363638
0.3,67,balanced,,4.948710442495426,8.510838586250133,0.6131103073243905,,6.680060376945791,11.48843042550744,0.3690242190242191
0.3,68,balanced,,4.227210000434178,8.277159872966672,0.516397737506664,,5.706136650559436,11.172997156238734,0.44708897088970884
0.3,69,balanced,,4.591773717813654,10.174761088101766,0.6335143848956316,,6.19824619538677,13.734490869755767,0.6138317757009346
0.3,70,balanced,,4.512099437351372,9.147401554879504,0.5685840984191244,,6.090697166167478,12.347700555288524,0.3547275641025641
0.3,71,balanced,,4.538228000932049,8.430417266554628,0.6261359829439317,,6.125967037846165,11.379872998799579,0.4108924485125859
0.3,72,balanced,,4.50839728449435,5.591256985304505,0.628815249090411,,6.085699782526435,7.547407487034137,0.5238734419942475
0.3,73,balanced,,4.493440270639688,6.690997543245323,0.603721458293323,,6.065509925639683,9.031901965219099,0.4155204216073781
0.3,74,balanced,,4.254162627561968,7.574647886467911,0.5336489525652742,,5.742518891675194,10.224705163835667,0.44086629001883243
0.3,75,balanced,,4.5983356718488055,12.186789738825565,0.5941959696865532,,6.2071039068360285,16.450445465030548,0.3491390728476821
0.3,76,balanced,,4.416069511033599,7.691062614376742,0.6147242659764836,,5.961070324336557,10.381848609634966,0.467520273154076
0.3,77,balanced,,4.4102436883765845,8.541598755204197,0.5795630964177171,,5.953206286311611,11.529952310492611,0.42802259887005645
0.3,78,balanced,,4.352880118395405,9.470742229702934,0.6119153198322422,,5.8757735661385135,12.7841648130465,0.46121495327102807
0.3,79,balanced,,4.303776481657633,8.708562401868365,0.5484441599078101,,5.809490589604019,11.755329659487245,0.4432977461447213
0.3,80,balanced,,4.727937893241228,8.397162973090731,0.5839684633145872,,6.382048606864005,11.33498439787762,0.37252479023646073
0.3,81,balanced,,5.182222063876884,8.990385269630483,0.6728479475898111,,6.995268095738904,12.135750739712268,0.4077592126344701
0.3,82,balanced,,4.38515646117736,7.751437543634358,0.5684133454425131,,5.919342071719077,10.463346239650138,0.48144796380090493
0.3,83,balanced,,4.196277543148087,7.272637243917062,0.5605132053104486,,5.664382200651836,9.817033438006716,0.448888888888889
0.3,84,balanced,,4.546836452702414,9.511292313710742,0.5924686913916147,,6.137587232287984,12.838901701092386,0.342807924203273
0.3,85,balanced,,4.187764852373693,10.61909518806515,0.6153314652773101,,5.65289127003385,14.334279168097698,0.4237749546279492
0.3,86,balanced,,4.274738816842242,6.035698544161297,0.5667544134648825,,5.770293842001523,8.147340839709788,0.463376251788269
0.3,87,balanced,,4.4171603174170615,14.033897265527761,0.627580785833361,,5.962542758940634,18.943779828489436,0.34324465856723924
0.3,88,balanced,,4.372540201749011,14.377727477198782,0.5734455637512903,,5.902311902811057,19.407902068024285,0.5277952755905512
0.3,89,balanced,,4.250176771133595,9.313907642293257,0.6265469385560521,,5.7371385482696216,12.572460263898998,0.43020216103171843
0.3,90,balanced,,4.602055178763929,6.504475100798083,0.6029466423539396,,6.212124716005247,8.780123003471104,0.4782106782106782
0.3,91,balanced,,4.701070506852978,9.435889282176646,0.617123646759392,,6.345781428711278,12.737118254858157,0.4226530275532091
0.3,92,balanced,,4.901425282396857,10.160694401838962,0.615176704,,6.616232087119096,13.71550282941051,0.39995173745173745
0.3,93,balanced,,4.135315567477955,8.773792786271216,0.598913949524104,,5.5820921408662745,11.843381468395002,0.39144499658969123
0.3,94,balanced,,4.385652782088786,9.726920344121492,0.570492266820306,,5.92001203487275,13.129969097102604,0.4293384467881112
0.3,95,balanced,,3.897688801792136,7.321523631672512,0.5305193310247117,,5.261329558289473,9.883023159088985,0.5020251778872469
0.3,96,balanced,,4.220491948543451,6.79835129220363,0.5958924395360824,,5.6970682290449846,9.176814368776773,0.6118181818181818
0.3,97,balanced,,5.211476655535286,14.367725426526729,0.6495089560310008,,7.034757663951038,19.39440071183079,0.4046514657980456
0.3,98,balanced,,4.118585332599466,5.339865717225106,0.5196850311031787,,5.559508685962731,7.20806476966946,0.379328165374677
0.3,99,balanced,,4.433528661544636,6.885046115213815,0.638651230534409,,5.984637712426675,9.293840139188314,0.46369731800766295
0.3,100,balanced,,4.203433880015091,7.322680897079019,0.6002545536407285,,5.674042245001743,9.884585303990661,0.4508108108108108
0.3,1,ldm,0.0,2.930563691119931,3.7285124067214284,0.9785680604501762,0.015708787366747856,3.9558472096206803,5.032965311369321,0.39057929176289446
0.3,2,ldm,0.0,2.3290878968387716,4.567148745645201,0.9904163198935942,0.025008345022797585,3.1439398111664856,6.1650059598188705,0.3322665093470006
0.3,3,ldm,0.0,2.0005426971527847,3.134591436976572,0.9881267773230342,0.08023825287818909,2.700450179683539,4.231255859355146,0.4317027863777089
0.3,4,ldm,0.0,0.924457224846532,1.441339279288505,0.9889908914546343,1.2997633218765259,1.2478867271863607,1.9456045208528372,0.3681139095592444
0.3,5,ldm,0.0,3.9971231414926844,5.4090036675734705,0.9581191730847183,0.10320617258548737,5.395551877509763,7.301391240884953,0.5188654696851417
0.3,6,ldm,0.0,2.729629556786697,6.0475399196514825,0.9897232563877859,0.039578426629304886,3.6846144986483047,8.163325024709028,0.4020964360587002
0.3,7,ldm,0.0,3.744444739498015,3.8773478645382795,0.9314407702337085,0.013276339508593082,5.054471711093028,5.233872164983004,0.45912846481876335
0.3,8,ldm,0.0,2.289544654998269,14.819613847641739,0.9814735480418665,0.12596561014652252,3.0905620178879754,20.004386277114502,0.4105115408608858
0.3,9,ldm,0.0,4.41274329576997,6.898338868592324,0.9531880293894149,0.12452609091997147,5.956580403367054,9.31178347941323,0.40124074861760956
0.3,10,ldm,0.0,3.4753311745920423,4.746018509665759,0.9622658375580321,0.27909931540489197,4.691206395266525,6.406454886191061,0.38979223125564594
0.3,11,ldm,0.0,3.9597718639398005,4.304078634765009,0.9119501964481258,0.01456053089350462,5.345132926530787,5.809898453637246,0.3518194070080863
0.3,12,ldm,0.0,4.429962992708665,5.7970948186340525,0.987869517373294,0.15522637963294983,5.979824562943541,7.825259499286388,0.4755232029117379
0.3,13,ldm,0.0,1.8728465959807838,3.1077028105378464,0.9919255155080825,0.03447148948907852,2.5280784728233976,4.194960010133211,0.5372121812329784
0.3,14,ldm,0.0,1.493484321377203,2.883738973930957,0.9881690928797212,0.07086411863565445,2.015992965187688,3.8926404527108884,0.3582815734989647
0.3,15,ldm,0.0,2.6513238843148397,5.9038503715129975,0.9822941967460098,0.06520115584135056,3.5789128969790065,7.969364422597678,0.33763922436929683
0.3,16,ldm,0.0,4.025922711357677,7.468162301126419,0.9179579296854687,0.3775426149368286,5.434427230546424,10.080964658582568,0.39117602312490485
0.3,17,ldm,0.0,1.532257050477169,2.7983902121834,0.9887269762805998,0.2174191176891327,2.068330675057035,3.777431674950243,0.4760533675668241
0.3,18,ldm,0.0,4.540504070117545,5.01862877731569,0.9230896838768488,0.2193118780851364,6.129039409882858,6.774440257013971,0.3868679896462468
0.3,19,ldm,0.0,3.8166864561699465,6.1949083517982215,0.9198974171070158,0.016128219664096832,5.151987828617045,8.36225160080097,0.34002344443036375
0.3,20,ldm,0.0,4.024296318185541,7.95275007641255,0.9074072473704323,0.03454890102148056,5.432231829398434,10.735089735096214,0.37068396226415085
0.3,21,ldm,0.0,2.7873229977909384,6.196368362875672,0.9619715687554563,0.34857791662216187,3.762492498127247,8.364222409613026,0.39051484725486013
0.3,22,ldm,0.0,3.5511667871964514,6.266498407107389,0.9812453850904115,0.10276631265878677,4.793573764868508,8.458888067494904,0.35959183673469386
0.3,23,ldm,0.0,4.898880433948393,6.748151071961529,0.9188956684538575,0.05379509925842285,6.61279690102699,9.109051159340718,0.3814784224654139
0.3,24,ldm,0.0,3.458081296308586,4.817434137824718,0.9797784786017154,0.11195354163646698,4.667921495135987,6.502855900860005,0.3140763078536778
0.3,25,ldm,0.0,2.1860085621839813,3.542967799403712,0.9884710841196955,0.07860980927944183,2.9508029111006024,4.782506288983271,0.5094232943837166
0.3,26,ldm,0.0,3.992980390692381,4.56767397708775,0.9255884251874389,0.014097390696406364,5.3899597488543805,6.165714948107611,0.34549159897956194
0.3,27,ldm,0.0,3.7729039420681607,4.969996229427143,0.877704604260901,0.08063691854476929,5.092887616338929,6.708793183911755,0.4273566433566433
0.3,28,ldm,0.0,3.772624241605204,19.620498890868863,0.9833423462003531,1.0254933834075928,5.092510060205524,26.484903236874537,0.5440532611148725
0.3,29,ldm,0.0,1.7455131447722243,2.3098386590143716,0.989302274157473,0.08977573364973068,2.356196292210474,3.117956057950094,0.45677530017152657
0.3,30,ldm,0.0,2.131168166863072,3.5577065399959698,0.9867260160291934,0.023556383326649666,2.876776120465723,4.802401507784308,0.5189532520325202
0.3,31,ldm,0.0,1.4526687017183066,2.5630473235831617,0.9877240829568105,0.09841318428516388,1.9608976415044541,3.459752003972833,0.475448717948718
0.3,32,ldm,0.0,2.286594121654606,2.8932019621644174,0.9893994099660595,0.026937777176499367,3.086579214466985,3.9054141507238134,0.41762232415902145
0.3,33,ldm,0.0,1.8740235129106626,3.3472693209500743,0.9863710640621501,0.06618356704711914,2.5296671445069796,4.518340974213405,0.4787265917602996
0.3,34,ldm,0.0,2.2589731747124038,3.2504453098475703,0.9904969597545265,0.08123823255300522,3.0492948359634635,4.387642230041854,0.3293969171483623
0.3,35,ldm,0.0,1.1170207517614317,1.8356680342536495,0.988287118601057,1.1993223428726196,1.5078203000103367,2.477892663823017,0.42742616033755276
0.3,36,ldm,0.0,3.3165377209801874,6.328203866622352,0.9871639296000001,0.055626608431339264,4.476857653323151,8.5421817254967,0.4174818840579711
0.3,37,ldm,0.0,3.997627766320509,4.633738185916798,0.9202899499713244,0.02699742652475834,5.3962330497781235,6.25489230226104,0.4782764811490126
0.3,38,ldm,0.0,1.8175243777743109,2.3766985237378893,0.9896903011612045,0.017317328602075577,2.4534012893227484,3.2082074352204746,0.3550209112920978
0.3,39,ldm,0.0,1.841889031617322,3.865149375693191,0.9925669602686289,0.0625641867518425,2.4862901319062773,5.217405927376344,0.49271010387157704
0.3,40,ldm,0.0,2.755116059148801,4.6392871307612955,0.9678065018007204,0.45004990696907043,3.7190176783360975,6.26238259433214,0.3825175761633747
0.3,41,ldm,0.0,2.5763504884149087,3.470997508072792,0.9876302519502513,0.041588813066482544,3.477709398189602,4.6853565573464175,0.5012631578947369
0.3,42,ldm,0.0,3.344406839565238,8.334981487215856,0.9742483648,0.03757525607943535,4.514477028504562,11.251048171501257,0.4053931519826769
0.3,43,ldm,0.0,3.615431974091184,4.119378783041086,0.9258231611615526,0.01048779021948576,4.880322693418881,5.560579732029728,0.4350722311396469
0.3,44,ldm,0.0,0.9740032770857241,1.3663793033590366,0.9844177841095273,0.48262929916381836,1.314766902182055,1.844419137128759,0.5033370828646418
0.3,45,ldm,0.0,3.73519624503816,9.140626880250244,0.9463530838164849,0.6263807415962219,5.041987549389575,12.338555701071757,0.38051391862955025
0.3,46,ldm,0.0,2.003272295306369,2.382275690473549,0.9873961154699077,0.5019708275794983,2.7041347517922985,3.2157358228599247,0.4141851106639839
0.3,47,ldm,0.0,3.3972884381376227,4.82303791745462,0.909979678370737,0.1552325040102005,4.5858597200961935,6.510420212149143,0.3891171993911719
0.3,48,ldm,0.0,3.2605124123491347,4.977645294481586,0.982151634308184,0.02725232206285,4.401231397020361,6.719118341745217,0.42919939577039273
0.3,49,ldm,0.0,2.2604259549456587,5.718933242998112,0.9847706006015088,0.07304667681455612,3.051255884156795,7.719752408000197,0.4008013112365689
0.3,50,ldm,0.0,4.997759734942074,6.689157308123135,0.9396637527801243,0.2889085114002228,6.746269996360269,9.029417907631402,0.3297991967871486
0.3,51,ldm,0.0,2.538395988707845,5.294670245527521,0.9896353711416592,0.024182777851819992,3.4264761824728813,7.147057264135923,0.41522564144872537
0.3,52,ldm,0.0,1.8420934877628656,4.41917447367422,0.9843209932839732,0.053063925355672836,2.4865661188351025,5.965261585504194,0.4035511363636363
0.3,53,ldm,0.0,2.827187485778842,4.174889295801366,0.9878995941953663,0.027270887047052383,3.816303928347226,5.635511086592252,0.4031197604790419
0.3,54,ldm,0.0,1.964578133505959,5.127941797695989,0.988955541725572,0.040931254625320435,2.6519030966842436,6.921997400357054,0.43633440514469457
0.3,55,ldm,0.0,4.19509415678329,8.705704144038046,0.9398662170425794,0.341555118560791,5.66278479614455,11.751471414980667,0.44341433644030187
0.3,56,ldm,0.0,3.1879139319040495,6.311532796080669,0.9852536601108597,0.023937301710247993,4.303233698774928,8.519678134094288,0.5296852122986823
0.3,57,ldm,0.0,2.6754047185590553,11.803793115180007,0.9818187328426713,0.11159476637840271,3.6114186231773386,15.93345409933072,0.4749468650371945
0.3,58,ldm,0.0,2.3350288242010957,4.340107133296246,0.9812461601993856,0.05022403970360756,3.1519592242916876,5.858531839703375,0.4413092806898117
0.3,59,ldm,0.0,3.8713468024005966,5.5279930472871,0.9149546234631147,0.14126056432724,5.225771578401642,7.4620101030994,0.33494623655913974
0.3,60,ldm,0.0,1.0292807795847068,2.057531665650449,0.9885892790971385,0.8638738989830017,1.3893837257911112,2.7773772407447828,0.3922186322024771
0.3,61,ldm,0.0,2.481374879211154,3.512820556797025,0.9843761465318787,0.03924326226115227,3.349505735601017,4.741811768026504,0.38902370990237106
0.3,62,ldm,0.0,2.718016312894347,6.1237450892339025,0.9803219530177975,0.015347464941442013,3.668938259095688,8.266191244052681,0.33033729806497425
0.3,63,ldm,0.0,3.6570727413969104,6.2874506345188745,0.9509513592664163,0.04962325841188431,4.936531849920739,8.487170616204633,0.4606140350877193
0.3,64,ldm,0.0,3.592951207970342,5.2220781623949675,0.9442326059836308,0.2321142554283142,4.849976833269606,7.049068201359157,0.40812945973496423
0.3,65,ldm,0.0,2.7269418739975584,3.8077681188960466,0.9703165359347756,0.2464703470468521,3.6809865063634155,5.139949332498938,0.4834827144686299
0.3,66,ldm,0.0,2.724939099932462,2.928549838856111,0.9884441343888379,0.031885817646980286,3.67828304415206,3.9531287934052064,0.47438058317883025
0.3,67,ldm,0.0,1.9352666928406657,3.050594576393189,0.9867894058698126,0.1001032367348671,2.612336790339456,4.1178719572879325,0.45858585858585854
0.3,68,ldm,0.0,2.846642577505121,5.139688353733366,0.9907107814775922,0.050261832773685455,3.842565555266143,6.937853592482792,0.36866809991809996
0.3,69,ldm,0.0,2.4509695675349783,4.032447689013459,0.9883673947166329,0.056554678827524185,3.308462857837838,5.443235029104318,0.3700611099979964
0.3,70,ldm,0.0,4.992261828621684,7.986773869574466,0.904756022152855,0.18084999918937683,6.738848599090464,10.78101705196297,0.46927437641723346
0.3,71,ldm,0.0,2.8407996617412032,4.26619228817216,0.9740887923551694,0.015675755217671394,3.8346784439602937,5.758757235002013,0.49747311827956986
0.3,72,ldm,0.0,2.4677227366371457,4.029685139479414,0.9857511566695087,0.031247703358530998,3.331077270705209,5.439505977284423,0.46040711925823297
0.3,73,ldm,0.0,3.0801938704549934,4.866432223844768,0.9884915946482299,0.04609367996454239,4.157826825075292,6.568996398828537,0.4093123543123543
0.3,74,ldm,0.0,4.569550517094957,5.661966514480252,0.9477468057272906,0.1630409061908722,6.168248012164107,7.642855367771571,0.45825715421303653
0.3,75,ldm,0.0,4.279764203257005,6.263207045575339,0.9071733267785209,0.15818999707698822,5.777077404114964,8.454445194141949,0.37931302801245
0.3,76,ldm,0.0,2.43305424893414,6.612607763127083,0.9914155984957288,0.033825188875198364,3.2842797072339662,8.926086830102546,0.4328125
0.3,77,ldm,0.0,2.76557314454964,3.631633629700779,0.9812339813755084,0.08682160079479218,3.7331332671659947,4.902192640940806,0.4089068825910931
0.3,78,ldm,0.0,2.443391906440199,3.2370983951943693,0.9847381776919035,0.03880603238940239,3.2982340852682244,4.369625779743265,0.4287093461143444
0.3,79,ldm,0.0,1.6271722311509087,2.0550305042871577,0.9856884766664399,0.22078600525856018,2.19645276766215,2.7740010260493753,0.44170739654610625
0.3,80,ldm,0.0,2.1325368290276785,2.695013842724149,0.9878566353135548,0.09584919363260269,2.878623621143213,3.6378881721404417,0.37759287925696594
0.3,81,ldm,0.0,2.566707738794301,3.2234570809335388,0.9890637964995432,0.03859546408057213,3.4646930476849747,4.35121193154137,0.4850934654098099
0.3,82,ldm,0.0,3.2590992904186407,5.474831666822619,0.9895080293718012,0.03502480313181877,4.399323881936304,7.390249745456523,0.41624113475177305
0.3,83,ldm,0.0,2.8762698870339376,3.543186961477265,0.9710878552686263,0.3664069175720215,3.8825582399783967,4.7828021268385426,0.5620366132723112
0.3,84,ldm,0.0,2.4859792786939736,3.515270841991774,0.9869226046496445,0.0304997731000185,3.3557210247965,4.745119307077709,0.4288760250844187
0.3,85,ldm,0.0,3.6784475260799536,4.207240839601335,0.9132103198228605,0.010827142745256424,4.965384791285185,5.67918110292932,0.3454275952165612
0.3,86,ldm,0.0,3.3024965622148024,5.0529181277973505,0.9839151381889524,0.0421280562877655,4.457904071495123,6.820726038767702,0.4288346776837826
0.3,87,ldm,0.0,2.99093521081756,3.433470267108353,0.9746607421402184,0.1314268410205841,4.037340237211273,4.634700080606542,0.36270753512132825
0.3,88,ldm,0.0,2.7566948947969463,5.704923051094833,0.9721081491373038,0.829870879650116,3.7211488835414617,7.700840627063726,0.43843137254901954
0.3,89,ldm,0.0,1.1549065361803037,2.078672732993874,0.9871863525956053,1.5715104341506958,1.558960759790077,2.8059146966998627,0.47279654924514747
0.3,90,ldm,0.0,1.3124747909133192,3.0477579774266728,0.9903085535954184,3.960766553878784,1.7716556562358172,4.11404294918942,0.2615318416523236
0.3,91,ldm,0.0,4.734702555983002,9.129355020894206,0.9640463750563316,0.27997151017189026,6.39117994644627,12.323340282442249,0.412807881773399
0.3,92,ldm,0.0,1.5629598870435493,2.7196397052213013,0.9866407552,0.5579758286476135,2.10977516941373,3.6711296095263783,0.43580419580419577
0.3,93,ldm,0.0,2.8985002637586854,5.6766121537232115,0.9512072824989711,0.08291498571634293,3.9125661097960296,7.662624912896262,0.433271375464684
0.3,94,ldm,0.0,2.613654203285319,5.7538956583582825,0.9902367582101017,0.035217855125665665,3.5280641462627296,7.766946732308253,0.49269393511988707
0.3,95,ldm,0.0,3.5464991393729304,3.855177880342593,0.9270122492671118,0.21343843638896942,4.787273099343265,5.203945816552636,0.3802435723951285
0.3,96,ldm,0.0,2.9963368833029134,6.259480126053209,0.9880269225987287,0.037539828568696976,4.044631732391268,8.449414378999874,0.4630756302521009
0.3,97,ldm,0.0,2.9134541675552343,3.9206854824936537,0.9866143088901647,0.04131626337766647,3.9327517685434454,5.29237183027943,0.5040152155536771
0.3,98,ldm,0.0,3.890109118030865,5.130947189664586,0.9237288796389893,0.022555770352482796,5.251098055405681,6.9260542551760835,0.3725592646347363
0.3,99,ldm,0.0,1.0793344902546522,1.4480988189571065,0.9863520289843231,0.9059016704559326,1.4569491679907982,1.954728945009658,0.33899755501222495
0.3,100,ldm,0.0,4.012184596188401,4.503228490194117,0.9141202102592336,0.016321556642651558,5.415882714785683,6.078722640015716,0.3364683211129912
0.3,1,sprl_lambda_0.5,0.5,1.9703904132075154,2.337139496968706,0.9928722234000423,0.8428285121917725,2.659748853631485,3.154808334516957,0.358945934318084
0.3,2,sprl_lambda_0.5,0.5,1.9832893911391567,3.506956382553652,0.992762972516352,0.9378080368041992,2.6771606526012395,4.733895960774927,0.45215277777777774
0.3,3,sprl_lambda_0.5,0.5,1.4399311880746213,2.916976087013209,0.9890867897647952,1.7437210083007812,1.9437037965259059,3.937505862543366,0.41274175199089874
0.3,4,sprl_lambda_0.5,0.5,1.6396978717734236,2.402029580762192,0.9898725405295384,1.4323655366897583,2.2133606139769837,3.2424007856499393,0.32969538896787143
0.3,5,sprl_lambda_0.5,0.5,1.567640706740697,2.383203208411568,0.9914689647524183,1.071122169494629,2.1160936151086003,3.2169878411177444,0.4609834157695665
0.3,6,sprl_lambda_0.5,0.5,1.4965499737589771,2.771942250375707,0.9922518897995737,0.9559407234191895,2.020131163056192,3.7417306607616947,0.5410283687943263
0.3,7,sprl_lambda_0.5,0.5,1.133875504991925,2.741440935817206,0.9940353420625975,1.3792154788970947,1.5305718371080381,3.7005581926622555,0.503532008830022
0.3,8,sprl_lambda_0.5,0.5,1.9710085771494006,3.2953367250989265,0.9891682348633812,1.1474380493164062,2.6605832876729645,4.448239302303448,0.5755084745762711
0.3,9,sprl_lambda_0.5,0.5,1.5296234019763257,2.370471477170815,0.9888532763487166,1.0898123979568481,2.0647756214321125,3.199801801566723,0.4092039800995024
0.3,10,sprl_lambda_0.5,0.5,1.3024468210867606,2.40453367495084,0.9903362007020434,1.2197264432907104,1.7581193128433306,3.2457809592454856,0.3663269927536231
0.3,11,sprl_lambda_0.5,0.5,1.8317489903996633,2.8774432652454673,0.9878731314388041,0.8285804390907288,2.4726025079594374,3.8841421348918477,0.4571681415929203
0.3,12,sprl_lambda_0.5,0.5,1.4784504605116462,2.3840597795137093,0.9891103224488986,1.5909686088562012,1.9956993756864436,3.2181440911642847,0.39388518219810836
0.3,13,sprl_lambda_0.5,0.5,1.4613555729923728,4.037191613938128,0.9920833779333404,1.1756702661514282,1.9726236912040314,5.449638657946362,0.3814735844586591
0.3,14,sprl_lambda_0.5,0.5,1.6721245403295384,2.0270905317087444,0.9901756542085911,1.0349609851837158,2.257132038127803,2.736286007980972,0.5286339754816113
0.3,15,sprl_lambda_0.5,0.5,1.9924914679993408,2.470448771070802,0.9900337674589476,0.8045750856399536,2.6895821570989504,3.334757032295235,0.4164502164502165
0.3,16,sprl_lambda_0.5,0.5,1.1791124137042006,1.705352760205492,0.9935365417155019,1.1437093019485474,1.5916352767608153,2.3019854433874314,0.46695245979186384
0.3,17,sprl_lambda_0.5,0.5,1.250915557639416,2.110073799574798,0.991267480038588,0.9911748766899109,1.6885593830134131,2.848301702991403,0.4896184560780835
0.3,18,sprl_lambda_0.5,0.5,1.0438253734006309,1.4196316154096995,0.9915547928018354,2.22904896736145,1.409016873856152,1.916302239574132,0.3371225722213155
0.3,19,sprl_lambda_0.5,0.5,1.2706947806146864,1.7848869155122398,0.9922422615214148,0.9675744771957397,1.7152585413535917,2.409345323431362,0.48489771359807454
0.3,20,sprl_lambda_0.5,0.5,1.091053136337927,1.5927449638256754,0.9936802102757821,1.6949501037597656,1.4727676856191727,2.1499808176424104,0.4227967032967033
0.3,21,sprl_lambda_0.5,0.5,1.6486200597165954,3.087779050871767,0.9952038291488421,1.2094573974609375,2.2254043079549226,4.168065747667926,0.5568948655256724
0.3,22,sprl_lambda_0.5,0.5,1.6275559501205514,2.413332045368935,0.9809315576363022,1.0729247331619263,2.1969707340929565,3.2576575170466673,0.4835995740149096
0.3,23,sprl_lambda_0.5,0.5,1.3762893241761436,2.1631508815073826,0.9904544266294877,1.6255764961242676,1.8577962660119924,2.9199482695185357,0.4901724829522663
0.3,24,sprl_lambda_0.5,0.5,3.3995432471270695,4.125684478748835,0.9249875765939317,0.5787522792816162,4.58890339387,5.569091530918727,0.4766812574612018
0.3,25,sprl_lambda_0.5,0.5,1.54808475754869,1.8905053886067853,0.991322427710499,0.7503989934921265,2.089695844851261,2.5519153495807636,0.35562112193532136
0.3,26,sprl_lambda_0.5,0.5,1.5584630156841455,2.1881298918470913,0.9925182654550126,1.0685219764709473,2.1037050280027025,2.9536664066301235,0.44782608695652176
0.3,27,sprl_lambda_0.5,0.5,1.598619709872328,2.2084756807104404,0.9941889856986987,1.0126752853393555,2.157910895335757,2.981130348924397,0.49512027491408944
0.3,28,sprl_lambda_0.5,0.5,1.3029999994774801,1.7649841819990335,0.9921784765310191,1.237221121788025,1.758866025566204,2.3824794433037226,0.4770851246775581
0.3,29,sprl_lambda_0.5,0.5,0.9379214371068206,1.107713861659021,0.9917163790442722,2.5303080081939697,1.2660615126929842,1.4952573124344557,0.42529644268774713
0.3,30,sprl_lambda_0.5,0.5,2.47247007900699,4.6514929658787345,0.9866054649706505,0.7962865829467773,3.3374855126157215,6.278858748369235,0.45872442839951877
0.3,31,sprl_lambda_0.5,0.5,1.2766152600134433,1.9260496280667132,0.9932980018563345,0.9539003968238831,1.7232503526150758,2.599895054274338,0.37223818932998026
0.3,32,sprl_lambda_0.5,0.5,1.3863400490109343,1.775932446725228,0.9947484643100193,1.1353273391723633,1.8713633254527577,2.39725805487205,0.3355590531152127
0.3,33,sprl_lambda_0.5,0.5,2.190068496347315,4.117724933360766,0.9865498915816154,0.9504685997962952,2.956283248989157,5.558347268472342,0.4839313984168864
0.3,34,sprl_lambda_0.5,0.5,1.5611316654828347,2.077951362445899,0.9942497803697983,1.0440673828125,2.107307328437799,2.8049409483121526,0.45664136622390883
0.3,35,sprl_lambda_0.5,0.5,3.0664909655928927,3.753085155462644,0.9736256101879082,0.87041175365448,4.139329838257809,5.066135052684003,0.4009090909090909
0.3,36,sprl_lambda_0.5,0.5,1.4378827311106293,2.4316857333246626,0.9932050816000001,0.9782345294952393,1.9409386688511208,3.282432404385208,0.5239080459770116
0.3,37,sprl_lambda_0.5,0.5,1.9548970499524474,2.5430376973366458,0.9930712972635288,0.8571699857711792,2.638835000782657,3.4327418337476696,0.3800196270853778
0.3,38,sprl_lambda_0.5,0.5,1.4282238410971015,2.4600905742977237,0.990542099768399,0.9291728138923645,1.9279005310949526,3.32077492915049,0.41416267942583734
0.3,39,sprl_lambda_0.5,0.5,1.1478873311118685,1.5136032053853017,0.9934216039210688,1.4463422298431396,1.5494858240062674,2.0431506179646197,0.4296735604217356
0.3,40,sprl_lambda_0.5,0.5,1.2557973179279438,1.8279931393972635,0.989588987595038,1.184470772743225,1.6951490701353573,2.4675326394039048,0.44824884792626724
0.3,41,sprl_lambda_0.5,0.5,3.6523351000399837,4.661522607764649,0.8565655802177421,0.5781147480010986,4.930136703007955,6.292397348805769,0.3038946162657503
0.3,42,sprl_lambda_0.5,0.5,1.6892456233545492,2.2975649291006133,0.9927718528,1.1533167362213135,2.280243082844354,3.101388255524198,0.4217394206380991
0.3,43,sprl_lambda_0.5,0.5,3.5773086423208724,4.2758989713123245,0.9384820665800037,1.208462119102478,4.828861578254584,5.771859886731113,0.3286117513012404
0.3,44,sprl_lambda_0.5,0.5,1.7840946156815376,3.1051967212877636,0.9924736319324976,1.0974832773208618,2.408275830526648,4.191577143486415,0.3975574712643678
0.3,45,sprl_lambda_0.5,0.5,1.9394596953460528,5.716381024436707,0.9873443208318852,1.0059407949447632,2.6179967517015412,7.716307273296224,0.5184724186704385
0.3,46,sprl_lambda_0.5,0.5,2.088590189216595,3.637992545492361,0.9916234345495416,0.7608083486557007,2.8193018623308514,4.910776279428707,0.3645383411580595
0.3,47,sprl_lambda_0.5,0.5,4.727941136547654,5.479095255426441,0.9215059157685188,1.322957992553711,6.382052984869749,7.396004988085272,0.4528531709254602
0.3,48,sprl_lambda_0.5,0.5,1.5828690471058016,2.4830333801524964,0.9905863247009914,1.10305655002594,2.136649724475202,3.3517444777040613,0.5329275970619098
0.3,49,sprl_lambda_0.5,0.5,2.1038060861653562,5.521656882678398,0.9820229374598295,1.0806055068969727,2.839841174842306,7.453457175496093,0.39210625827188506
0.3,50,sprl_lambda_0.5,0.5,1.7567014597737096,2.189012504820935,0.9904971635891611,1.1175614595413208,2.371298937757164,2.954857809526547,0.4413382594417077
0.3,51,sprl_lambda_0.5,0.5,1.666694550639132,3.456500386520536,0.9904114416658308,1.0588679313659668,2.249802318719161,4.665787490134605,0.45797317436661694
0.3,52,sprl_lambda_0.5,0.5,1.3130628127072066,1.8111781107925085,0.9935679358717435,0.9520555734634399,1.7724494026333426,2.4448347249421336,0.4468007996388728
0.3,53,sprl_lambda_0.5,0.5,2.075182575559645,2.8812210905519744,0.9847972120912852,0.8885192275047302,2.8012034769474417,3.88924166565532,0.3693681893917119
0.3,54,sprl_lambda_0.5,0.5,1.4389357832367715,1.8860313024317399,0.9907244478251072,1.203903079032898,1.9423601405384305,2.5458759649515246,0.4744623655913978
0.3,55,sprl_lambda_0.5,0.5,1.3470161587803031,2.1305399244228593,0.9923293780774489,1.2257508039474487,1.8182816258767882,2.875928081874509,0.42875881523272213
0.3,56,sprl_lambda_0.5,0.5,1.0562147256075145,1.3827778227726066,0.9927974349583406,1.4410079717636108,1.4257407500527748,1.8665548229903726,0.48489208633093517
0.3,57,sprl_lambda_0.5,0.5,2.374626954382037,5.905612857550367,0.9869592717260024,1.2406615018844604,3.205411109079973,7.971743529898451,0.4744480238862262
0.3,58,sprl_lambda_0.5,0.5,1.4992107174703435,2.1499650684743186,0.9937256885961101,1.0670177936553955,2.023722791389682,2.902149283660804,0.4370116518163125
0.3,59,sprl_lambda_0.5,0.5,1.9026053820300146,3.2009180554578527,0.9932018698770491,1.4340583086013794,2.5682486322747216,4.320787429488836,0.5748164464023495
0.3,60,sprl_lambda_0.5,0.5,2.1423974717420897,5.113348996051699,0.9857017956491493,1.0918128490447998,2.891934096559621,6.902299178530299,0.48342021614748887
0.3,61,sprl_lambda_0.5,0.5,3.295243825986793,4.186164907271892,0.9563261078971074,0.6669762134552002,4.448113901618719,5.650731570046546,0.37212543554006966
0.3,62,sprl_lambda_0.5,0.5,1.3218301081303387,3.3221170902030694,0.9926682214758229,1.5206619501113892,1.7842840135788784,4.484389014009377,0.4632804232804233
0.3,63,sprl_lambda_0.5,0.5,1.2158260847150741,3.1697430738004333,0.9930206096394893,1.026578664779663,1.6411935489332907,4.278705605922548,0.4460435383552178
0.3,64,sprl_lambda_0.5,0.5,1.285536996701828,2.3474166399626113,0.992140488781432,1.1773701906204224,1.735293437462766,3.1686810265039984,0.41948320413436696
0.3,65,sprl_lambda_0.5,0.5,1.5157803065664615,2.3860749950307385,0.9844268243567266,0.8210821747779846,2.046089397168992,3.2208643475791106,0.31274657845401793
0.3,66,sprl_lambda_0.5,0.5,1.0973292626692237,2.1251922460000157,0.9917374625486518,1.656092643737793,1.4812395700249332,2.868709471055349,0.5257317073170732
0.3,67,sprl_lambda_0.5,0.5,1.2307872703752971,2.2554957006480505,0.9913979898148012,1.260996699333191,1.6613890371685223,3.0446007369695796,0.3849045496594063
0.3,68,sprl_lambda_0.5,0.5,3.6439361867324473,4.09591019018146,0.9301626353140311,0.6658031344413757,4.918799355905709,5.528900445256745,0.34978029923799986
0.3,69,sprl_lambda_0.5,0.5,1.726470021347396,2.908975126276253,0.9874053516641199,0.9339922070503235,2.3304907643317128,3.9267056952235158,0.38629974811083123
0.3,70,sprl_lambda_0.5,0.5,2.623102334329034,4.1420690467950925,0.9769369758928108,1.3243045806884766,3.5408177891672206,5.591208384404296,0.32272537016690206
0.3,71,sprl_lambda_0.5,0.5,1.172777249827786,1.4729604372051721,0.9925426709706838,1.3264397382736206,1.5830837000047997,1.988288619372402,0.39156632572324607
0.3,72,sprl_lambda_0.5,0.5,3.038233904257461,5.356610435688208,0.9707189785974534,1.0213911533355713,4.101186795137961,7.23066777536726,0.5212075848303394
0.3,73,sprl_lambda_0.5,0.5,2.1676323801777615,3.4161778032295866,0.9864151590807247,0.9727394580841064,2.925997659969887,4.6113576959351,0.4700445434298441
0.3,74,sprl_lambda_0.5,0.5,1.8959845739278935,2.8027273432546123,0.9922338276743954,0.908162534236908,2.559311476144803,3.7832861895263306,0.4782639714625446
0.3,75,sprl_lambda_0.5,0.5,2.6892395396744004,3.6549893530602224,0.9882280370577343,1.1990790367126465,3.630093678311126,4.933719569824859,0.38196353855349674
0.3,76,sprl_lambda_0.5,0.5,1.454845190455028,2.139367967080325,0.9871650205698106,1.3122572898864746,1.9638355939953072,2.8878446930093458,0.4062792740046839
0.3,77,sprl_lambda_0.5,0.5,4.111922093601567,5.9319236348014215,0.953801288403092,1.595616102218628,5.550514254114434,8.007259364304957,0.3659733477399604
0.3,78,sprl_lambda_0.5,0.5,2.015465048146609,2.477126557487472,0.9904712155142014,0.6232637763023376,2.7205932466022937,3.3437711011048883,0.4462732919254659
0.3,79,sprl_lambda_0.5,0.5,1.5297616720737006,2.1814856001365923,0.9926639335144586,1.0083928108215332,2.064962266540878,2.944697550944602,0.3494499046501393
0.3,80,sprl_lambda_0.5,0.5,2.3490276308383407,4.5031795319730366,0.9874284938970311,0.8856408596038818,3.170855636726526,6.078656553329787,0.45119617224880376
0.3,81,sprl_lambda_0.5,0.5,1.9546951667431756,2.4790480977216385,0.9848600348624547,1.00862717628479,2.6385624869545197,3.34636490911409,0.44489465153970825
0.3,82,sprl_lambda_0.5,0.5,2.0410158314198665,2.8984552970140993,0.9881250420013172,0.9142593145370483,2.7550831964441658,3.9125054110398025,0.3863507964704854
0.3,83,sprl_lambda_0.5,0.5,1.085149581692242,1.7458786281772862,0.9941814221354676,1.3320989608764648,1.4647987203846884,2.35668964320382,0.4337341772151899
0.3,84,sprl_lambda_0.5,0.5,1.0642692319090352,4.289040967900912,0.9926960005209902,1.836830973625183,1.4366131963245592,5.789599726575352,0.5207599309153714
0.3,85,sprl_lambda_0.5,0.5,1.7016083298066629,2.2037021637805307,0.9914471364838766,0.7913343906402588,2.296930991034216,2.974686775053445,0.4212280701754387
0.3,86,sprl_lambda_0.5,0.5,1.1904064373442917,2.1783034489421493,0.9914701756415089,1.4039162397384644,1.6068806140443639,2.9404020961277446,0.4722267206477734
0.3,87,sprl_lambda_0.5,0.5,3.3644523275978204,3.9605628402331594,0.9511563082654568,0.6717748641967773,4.541535607077503,5.346200632846961,0.4506756756756757
0.3,88,sprl_lambda_0.5,0.5,1.2995402632870023,1.9696149261757345,0.9913498162159705,1.2639210224151611,1.7541958701975982,2.6587020556314744,0.4324675324675325
0.3,89,sprl_lambda_0.5,0.5,1.8921152808361,2.3351799345104793,0.9904101591910207,0.6773499846458435,2.5540884767857523,3.152163201873725,0.41424148606811145
0.3,90,sprl_lambda_0.5,0.5,1.3362298926595455,2.246855966452713,0.9915431007943452,1.3954904079437256,1.803721689552825,3.0329383156708873,0.41031789713635736
0.3,91,sprl_lambda_0.5,0.5,2.1146306452877126,2.362353276566096,0.9932122052828873,0.6898561120033264,2.8544528013117456,3.1888433769787743,0.475
0.3,92,sprl_lambda_0.5,0.5,1.5146173255679596,2.177613829688985,0.9915695360000002,1.1337844133377075,2.044519537025121,2.939471207504987,0.4085764331210191
0.3,93,sprl_lambda_0.5,0.5,1.5559281407072347,2.7852588483705847,0.9874645422417331,1.0416709184646606,2.1002833046890155,3.7597061878520295,0.4949918566775244
0.3,94,sprl_lambda_0.5,0.5,1.913438155693533,2.4538270744735806,0.9910371999231804,0.9616683721542358,2.582871347214899,3.31232008874662,0.49847792998477936
0.3,95,sprl_lambda_0.5,0.5,1.0955608920265083,1.5557788728173512,0.9926623797752968,1.4963304996490479,1.4788525193378048,2.100081814113168,0.39973318510283495
0.3,96,sprl_lambda_0.5,0.5,1.664818384557237,2.508019676013757,0.9845388577689216,0.9755479097366333,2.24726975940904,3.385472449241084,0.39493575450756657
0.3,97,sprl_lambda_0.5,0.5,1.5404767599840685,2.3937686539169287,0.9931397430443073,1.0986659526824951,2.0794261223306396,3.2312497007891197,0.4142916150351095
0.3,98,sprl_lambda_0.5,0.5,3.0571232711256155,3.4579144773435337,0.9825015508377084,0.924738347530365,4.126684773374474,4.667696313086741,0.4155040871934605
0.3,99,sprl_lambda_0.5,0.5,1.532401399459053,1.865456165892447,0.9860555016975293,1.0700609683990479,2.0685255258015958,2.518102435676881,0.33118228548833534
0.3,100,sprl_lambda_0.5,0.5,2.163540024129715,2.5370295164998047,0.9859925353588056,1.5039008855819702,2.9204735571146943,3.42463163792755,0.39776142287641825
0.3,1,sprl,1.0,0.9667363958521435,1.7904767666969956,0.994590128444624,3.2551209926605225,1.3049576385452974,2.416890833286144,0.37498704588634924
0.3,2,sprl,1.0,1.3780440846014028,1.8805699182598736,0.9910830595988388,2.0687952041625977,1.8601649448272144,2.538503867425575,0.44879478289582303
0.3,3,sprl,1.0,1.377884460644187,6.750853638758372,0.9943685734167115,3.7155745029449463,1.8599494750226664,9.112699242934498,0.5298360044726054
0.3,4,sprl,1.0,1.0191459928147215,1.558037232337631,0.9950767515436395,3.753185510635376,1.375703194606742,2.103130280602291,0.3106017191977078
0.3,5,sprl,1.0,1.0090214280478216,1.5687906309849027,0.9932972257086075,3.91156005859375,1.3620364616832683,2.1176458504776865,0.486896551724138
0.3,6,sprl,1.0,2.252474564118192,3.7702953116079345,0.980625196249495,2.163959264755249,3.0405226292158605,5.089366333536482,0.47003236245954694
0.3,7,sprl,1.0,1.2887554524241491,1.922575404086586,0.9949951834790451,2.4662368297576904,1.7396378982663343,2.5952053424352712,0.5429992892679459
0.3,8,sprl,1.0,3.7848840499315393,6.970388286142204,0.9478838177460981,1.5221235752105713,5.1090590704540215,9.409040020273656,0.34781721746226035
0.3,9,sprl,1.0,1.704042190020882,2.42700509655292,0.9894922022791713,1.652219533920288,2.300216358680789,3.276114205613807,0.40069206571128974
0.3,10,sprl,1.0,1.0363392195516263,1.535240725771357,0.9936837340174168,2.3960413932800293,1.398911623148204,2.0723582154318416,0.37207277212457607
0.3,11,sprl,1.0,1.9915907721834334,2.7415762950773823,0.9844042652187298,1.9404687881469727,2.688366344918901,3.700740908551792,0.37409790209790206
0.3,12,sprl,1.0,1.6089596433931754,2.9833919030231377,0.9850470796772886,3.009895086288452,2.171868345668623,4.027157836746715,0.30312124849939975
0.3,13,sprl,1.0,2.1321735105019304,3.104388130766317,0.9762061209929792,1.9913455247879028,2.8781331924312767,4.190485660449318,0.476551724137931
0.3,14,sprl,1.0,1.5198482907900672,1.9103314316673758,0.993006278245343,2.0711588859558105,2.0515806015023066,2.578677708425483,0.44569502074688805
0.3,15,sprl,1.0,1.3011798425140626,1.9779093378512969,0.9835969576005906,1.8284180164337158,1.756409070657964,2.6698983402853935,0.5476616915422885
0.3,16,sprl,1.0,0.914772300443298,1.5655655979815535,0.9905883203795337,3.159376382827759,1.2348134466799476,2.113292511273392,0.4561156307879868
0.3,17,sprl,1.0,2.5000990328809913,3.7121308429486444,0.9731651856845006,1.5070997476577759,3.374780699346654,5.010852513228761,0.5332080924855491
0.3,18,sprl,1.0,1.0883578042175635,2.3945788206108634,0.9927964262669507,2.1911370754241943,1.4691293678171573,3.2323433114365323,0.49440993788819887
0.3,19,sprl,1.0,1.3219118425780962,2.1074707447023386,0.9775473581048918,1.8882864713668823,1.7843943435430663,2.8447879464452104,0.41944005175388155
0.3,20,sprl,1.0,0.8794712596347105,1.3327450106458218,0.9930564245563294,3.0299675464630127,1.1871620258278759,1.7990175908732369,0.45884297520661155
0.3,21,sprl,1.0,1.3821479114310051,2.0825324617564815,0.989530291160726,2.286379098892212,1.86570453161792,2.811124785564923,0.5268354430379747
0.3,22,sprl,1.0,1.5463104918292876,2.022225026742217,0.9925292897035848,2.6915695667266846,2.087300836642945,2.7297182632486003,0.29964850615114236
0.3,23,sprl,1.0,0.9786243486729138,2.246314319807079,0.9890287210649336,3.2629106044769287,1.3210046963644622,3.0322071691756842,0.4150102309266296
0.3,24,sprl,1.0,1.396312393741283,3.8066090059232893,0.990124374908369,1.6939769983291626,1.8848245828192027,5.138384693643686,0.39006734006734006
0.3,25,sprl,1.0,1.5841120411364942,4.382936976274817,0.9830670484109358,1.6307038068771362,2.1383275909152966,5.9163460804750985,0.5041818181818181
0.3,26,sprl,1.0,1.1275346673152824,2.053664321285694,0.9930611672130183,3.057917594909668,1.5220126015228126,2.7721568718920886,0.43654867256637164
0.3,27,sprl,1.0,2.473295149839602,3.887334806293013,0.9853385220532597,2.1096274852752686,3.338599241745997,5.2473531262713795,0.5552755905511811
0.3,28,sprl,1.0,1.2277306830252868,1.8156938901463333,0.9920911387770281,3.24639892578125,1.6572630758129856,2.450930389475964,0.4444562493189495
0.3,29,sprl,1.0,0.9218736613487147,1.3235295231411492,0.9937450261355386,3.642683506011963,1.2443992812439002,1.786577983898948,0.41291237774799694
0.3,30,sprl,1.0,1.176987836436143,1.9312551589927538,0.9928889920334187,1.9850207567214966,1.588767397423152,2.606921786042963,0.5219771241830065
0.3,31,sprl,1.0,0.8778554735522808,1.6237157252390828,0.9928564687947153,2.4709339141845703,1.1849809427533493,2.1917869727136337,0.42296296296296293
0.3,32,sprl,1.0,1.2810987659958228,6.2428365389586515,0.9908294574052747,2.6349477767944336,1.7293024526542107,8.426947886370629,0.4057823129251702
0.3,33,sprl,1.0,1.56325977081559,1.8526020016924525,0.9867729474644951,2.580988883972168,2.110179970164668,2.5007511289174906,0.4909565217391304
0.3,34,sprl,1.0,1.2604909971751943,1.6738732643541192,0.9905446893033049,1.6853950023651123,1.701484874407195,2.2594925686544034,0.4509410288582183
0.3,35,sprl,1.0,1.0538088746892422,2.560138314651984,0.9911858121681256,3.990227460861206,1.4224931910010303,3.455825252645765,0.4559935117599351
0.3,36,sprl,1.0,1.2019330448516523,1.638246506380117,0.9916873664000001,2.9299426078796387,1.622439906709646,2.211401475617818,0.48532545299012364
0.3,37,sprl,1.0,1.2241262519898009,3.3668700328695462,0.9906283924255459,3.288861036300659,1.6523976028334346,4.5447991678326645,0.36869786839666363
0.3,38,sprl,1.0,1.1593927051009307,2.196613082540555,0.9864075936303744,2.103274345397949,1.565016454419859,2.9651175163040424,0.41271735926908343
0.3,39,sprl,1.0,1.0785282087958894,1.6715952234829194,0.9939129799905342,2.249805212020874,1.4558608018623018,2.2564175351203963,0.4494344533838145
0.3,40,sprl,1.0,3.9087872859095842,4.58941292274623,0.9521866282513005,1.7879012823104858,5.276310944826153,6.195059455372125,0.39867275581561284
0.3,41,sprl,1.0,1.0239820758985023,1.4132348893394733,0.9939424419084654,2.6325106620788574,1.3822312239515528,1.9076675625485862,0.47174995213478843
0.3,42,sprl,1.0,1.3246244857223106,2.115566249188315,0.9910885952,2.240074634552002,1.7880560287830947,2.8557157344773767,0.45377289377289376
0.3,43,sprl,1.0,1.1783062539511604,3.537649520357189,0.9922947833674366,2.800443410873413,1.5905470749178605,4.775327363171175,0.31338425543627857
0.3,44,sprl,1.0,1.3104810130066096,2.1079784712298153,0.986724983615958,1.9304033517837524,1.7689643375680948,2.8454733055701644,0.35321485170930494
0.3,45,sprl,1.0,2.58159577476434,8.46552725970054,0.9765808548407025,2.3785812854766846,3.48478979416664,11.42726653228152,0.34832435029270237
0.3,46,sprl,1.0,1.600147863240731,5.286344195907381,0.9840989996254136,2.7184906005859375,2.1599736866194226,7.135818272723862,0.49631372549019603
0.3,47,sprl,1.0,1.0744700120781818,2.5026574357728104,0.9915049093670695,2.5798609256744385,1.4503828092800282,3.3782341820235033,0.4243184105728415
0.3,48,sprl,1.0,1.0580498235102538,1.8762337230939177,0.9919216689194725,4.609775066375732,1.4282178731195518,2.5326506161894407,0.3396901172529313
0.3,49,sprl,1.0,1.1482834988448625,2.1935511504182594,0.9927838090250629,2.237384080886841,1.5500205945099268,2.960984340260562,0.4362369337979094
0.3,50,sprl,1.0,1.2360942701708133,1.480430082480862,0.9933630274635235,2.011014223098755,1.6685527375843041,1.9983715858372606,0.46893939393939393
0.3,51,sprl,1.0,2.3536975817827335,3.66632185724951,0.9773053467688555,1.5122127532958984,3.1771594111397627,4.949016850416661,0.4812006319115324
0.3,52,sprl,1.0,1.3078007618458272,2.971924551563456,0.9927580446321785,2.0913872718811035,1.7653463769321966,4.011678531379294,0.4033473994440537
0.3,53,sprl,1.0,0.9638171926613377,1.6227108100611851,0.9944766854749272,2.8573060035705566,1.3010171264070842,2.1904304791098816,0.42606505379687787
0.3,54,sprl,1.0,0.9144571434881738,1.285736131946644,0.9925282810355072,3.3256938457489014,1.2343880292883043,1.7355622419268797,0.36679328268692524
0.3,55,sprl,1.0,0.9260462545947716,1.709663791132631,0.992395647004655,3.180976152420044,1.2500316929875224,2.307804726454162,0.4727383202808534
0.3,56,sprl,1.0,1.5363330268568582,2.731869822271439,0.9798577924468618,1.7701934576034546,2.0738326676726304,3.6876385407441923,0.4457869587154601
0.3,57,sprl,1.0,1.0509557594412848,1.8642394346178015,0.991040566981507,3.2224559783935547,1.4186418882545455,2.516460020249348,0.37002855901160986
0.3,58,sprl,1.0,1.182674851877553,1.528614336033187,0.9894326383092222,2.1198110580444336,1.5964440653055598,2.0634135248813417,0.4559961777353082
0.3,59,sprl,1.0,1.0114855579995325,1.5475958060232333,0.9933954405737704,3.0222585201263428,1.3653626892015973,2.0890358293281452,0.3834335337341349
0.3,60,sprl,1.0,1.3816834462446441,2.0083329949317545,0.9875941808602756,2.7015395164489746,1.865077569195298,2.7109659817541214,0.47074074074074074
0.3,61,sprl,1.0,1.563810529484352,2.3089157201401127,0.9884840804724252,1.7714918851852417,2.1109234166045456,3.116710220781821,0.3347426470588235
0.3,62,sprl,1.0,1.5686542513847574,2.4706214872654337,0.9892344655620865,2.4567019939422607,2.1174617572732566,3.33499017477177,0.4945725915875169
0.3,63,sprl,1.0,1.1222740142989613,2.676722930507265,0.9935936819616644,2.2919278144836426,1.5149114627151303,3.6131980231858813,0.4689297124600639
0.3,64,sprl,1.0,1.2471165640786293,1.9096230342880662,0.9920351439555286,2.6647634506225586,1.6834312780954606,2.5777214719837582,0.3430469191633692
0.3,65,sprl,1.0,2.6390781251606406,3.089297075815676,0.9763876331113924,2.118849277496338,3.5623828511292563,4.170114867008582,0.4150948509485094
0.3,66,sprl,1.0,1.9064908830074534,3.105888510917895,0.9875256949250173,3.4196956157684326,2.5734935099909624,4.192510961811638,0.4665594855305467
0.3,67,sprl,1.0,1.0955714301256865,1.3862367106138467,0.992300839932406,2.2717161178588867,1.4788667442837955,1.8712238332072881,0.5313347921225382
0.3,68,sprl,1.0,1.0790772707419085,1.523654980720095,0.9892349272608809,2.3231894969940186,1.4566019579660405,2.0567190954320655,0.4598857958601001
0.3,69,sprl,1.0,0.9639154308658926,1.5961996050901432,0.9935162155419632,2.591439723968506,1.3011497341127432,2.154644095580268,0.557014157014157
0.3,70,sprl,1.0,1.1198815767943124,1.7393077762368248,0.9910782692893787,2.957429885864258,1.511682009877905,2.34781992083871,0.4016252390057361
0.3,71,sprl,1.0,1.0487356766346931,1.443085087939475,0.9925859159436639,2.695779323577881,1.4156450899245197,1.9479611160366914,0.393923906871096
0.3,72,sprl,1.0,2.2297076964154945,2.691640822367885,0.9817385760482997,2.731768846511841,3.009790572326456,3.6333350709044057,0.4031708840987191
0.3,73,sprl,1.0,1.2040917529199922,1.6829657873181487,0.989262467191601,2.4160590171813965,1.6253538578086801,2.2717661908604856,0.3781250000000001
0.3,74,sprl,1.0,1.5882242885763647,2.86541159022254,0.9871120472273636,2.075434923171997,2.1438785443409376,3.867901072392257,0.3784927661412222
0.3,75,sprl,1.0,1.288029600161941,2.069705269117318,0.9874392639662632,1.6500325202941895,1.7386581001971937,2.793809886604474,0.34601750883120874
0.3,76,sprl,1.0,1.223949703103827,1.9600244093651797,0.9920066125477125,1.9053066968917847,1.6521592867647348,2.6457562120455416,0.4326052133391583
0.3,77,sprl,1.0,1.2078862016733196,2.301920296432314,0.99117769055282,2.5481483936309814,1.630475827878255,3.1072673864771234,0.5101590106007068
0.3,78,sprl,1.0,1.933775467002258,5.0313845932724925,0.9847021710845054,1.8067271709442139,2.6103238460073968,6.79165880753108,0.5126442307692307
0.3,79,sprl,1.0,1.534642061039983,1.942841136586077,0.9901562474241653,2.030796766281128,2.071550102571411,2.6225612199416886,0.468343949044586
0.3,80,sprl,1.0,3.065654354302883,5.108449572647836,0.9729792570901303,2.065760850906372,4.138200531139471,6.895685648696551,0.4731972038263428
0.3,81,sprl,1.0,2.406110986111392,3.7037400703817895,0.9879774655136323,4.981830596923828,3.247910106607845,4.9995261549770245,0.5237623762376239
0.3,82,sprl,1.0,1.3194958163478314,1.7616622556327295,0.9868736555578383,1.8654167652130127,1.7811330492568085,2.3779953117400483,0.45285769828926903
0.3,83,sprl,1.0,1.4214460605036732,3.538686810028539,0.984506014444781,2.6546688079833984,1.9187514842650957,4.776727557770054,0.44290540540540535
0.3,84,sprl,1.0,1.1614616927920252,5.150357666173037,0.9918211723909174,3.298722267150879,1.5678092956774492,6.952255657850262,0.39393512440359923
0.3,85,sprl,1.0,0.9715197270655481,5.684581332277279,0.9938992872149736,2.618377923965454,1.311414460313265,7.673382178756615,0.4522501308215593
0.3,86,sprl,1.0,4.161859632828848,5.462039317714663,0.7214395737814322,1.490373969078064,5.617922881269051,7.372981880343561,0.3090094339622641
0.3,87,sprl,1.0,0.8896646562253706,1.1111609165462546,0.9933866361512274,2.5009515285491943,1.2009216719948936,1.4999103498341861,0.48679517204107353
0.3,88,sprl,1.0,1.2885272693079874,2.015504904810775,0.9896959023513444,2.0669314861297607,1.7393298832772435,2.720647047471459,0.3712599752725637
0.3,89,sprl,1.0,1.2032183384688409,1.6019900977749397,0.9940512315337152,1.8452725410461426,1.6241748716191293,2.162460443131045,0.5062976629766298
0.3,90,sprl,1.0,1.9317610361261284,4.0911362924982875,0.9868103626491999,2.1478254795074463,2.607604648747,5.522456357422649,0.5197259400892289
0.3,91,sprl,1.0,1.0876672807241146,1.584837004539452,0.9946846450079888,1.844791054725647,1.4681972585976872,2.1393061891499494,0.47161904761904766
0.3,92,sprl,1.0,1.5745934224282443,4.884740236414636,0.986027488,2.867198944091797,2.125478799616008,6.593709630845185,0.4741001564945228
0.3,93,sprl,1.0,1.480308171476299,2.551509224429017,0.9846756424068195,1.7010223865509033,1.9982070231940106,3.4441771992069254,0.429592684954281
0.3,94,sprl,1.0,1.160404322761151,3.3950896495848,0.9910515908072467,3.589423894882202,1.5663819954284066,4.582891666002169,0.4393790849673202
0.3,95,sprl,1.0,1.0298810766951574,1.429176424747578,0.994483405901902,2.5526840686798096,1.3901940421328154,1.929186384525501,0.388912285319471
0.3,96,sprl,1.0,0.9208849247171753,1.3492381682642993,0.9897609573674316,2.7689225673675537,1.2430646263934437,1.821281024949278,0.3743290652722844
0.3,97,sprl,1.0,0.9203405109454594,1.8212726556038317,0.993661977426035,3.4038424491882324,1.2423297446687274,2.458460935164169,0.4645691461498168
0.3,98,sprl,1.0,1.1161614441563286,1.895231087236505,0.9938398933715051,2.2262020111083984,1.5066603560711713,2.5582943754980407,0.5431722689075631
0.3,99,sprl,1.0,1.1994803181254579,2.960020597322027,0.9894065849487939,2.6794426441192627,1.6191290719357156,3.99560987390152,0.48936766509020835
0.3,100,sprl,1.0,1.4643119074559272,2.0240967195155597,0.9902049264327881,2.8223750591278076,1.9766143253178006,2.732244784223773,0.5022499999999999
0.3,1,sprl_lambda_2.0,2.0,1.4291324370376797,3.89081199745931,0.9892670312131236,4.336784362792969,1.9291270073278697,5.252046843392831,0.3121539183481934
0.3,2,sprl_lambda_2.0,2.0,0.9348513198836168,1.7922098606415195,0.9946398973872052,5.9387359619140625,1.2619172879189517,2.4192302654115165,0.3489670537402107
0.3,3,sprl_lambda_2.0,2.0,0.863381547343246,1.2527191549594252,0.9946197894724716,6.265417098999023,1.1654431859798786,1.6909939847411481,0.3462229437229437
0.3,4,sprl_lambda_2.0,2.0,1.2278002754550548,1.7795471852491147,0.9915551732326152,4.768013954162598,1.6573570157672486,2.402137441505603,0.33465859982713914
0.3,5,sprl_lambda_2.0,2.0,0.8978617522606096,1.113998857742064,0.9913951214859676,5.389779090881348,1.2119865942746073,1.503741169752732,0.4010903426791278
0.3,6,sprl_lambda_2.0,2.0,1.793188413678033,3.445873004727277,0.9840765677662615,3.4829225540161133,2.420551173846534,4.6514420252195015,0.4830033003300331
0.3,7,sprl_lambda_2.0,2.0,0.9319621391568963,1.8296747608021966,0.9927026219155864,6.7948737144470215,1.2580173018683092,2.469802590868362,0.5093133385951065
0.3,8,sprl_lambda_2.0,2.0,1.9375577103272472,2.8662344083076574,0.9878359973475072,3.1423306465148926,2.615429340472029,3.8690117606314853,0.4010808409831211
0.3,9,sprl_lambda_2.0,2.0,2.7023095067660523,4.7451440271227385,0.9829585502212145,3.8667986392974854,3.647736288504521,6.405274458228294,0.3375205254515599
0.3,10,sprl_lambda_2.0,2.0,1.8203886935982463,2.708145449146021,0.9836117320568556,6.707834720611572,2.457267711265367,3.6556139867266273,0.4208016476552598
0.3,11,sprl_lambda_2.0,2.0,3.652138228175323,3.8614620695473088,0.9618252619681676,2.688929319381714,4.9298709537874785,5.212428584699095,0.405044390637611
0.3,12,sprl_lambda_2.0,2.0,1.0280078435551434,1.2606870064586388,0.9903666831184677,5.789425849914551,1.3876654418801244,1.7017494592648192,0.30829528082253377
0.3,13,sprl_lambda_2.0,2.0,1.073604478552756,2.4920817797099613,0.9945544375287101,5.784952163696289,1.44921446122748,3.3639585395411724,0.43953513054553167
0.3,14,sprl_lambda_2.0,2.0,1.0026447350986039,1.655366781282273,0.9943995420735893,3.659122943878174,1.353428826542559,2.2345114294826156,0.5193924364538127
0.3,15,sprl_lambda_2.0,2.0,0.7960975180009725,0.930912059728809,0.9934576188309265,6.009096145629883,1.0746192463630084,1.2565998429036511,0.4552400835073069
0.3,16,sprl_lambda_2.0,2.0,0.9585669325822608,1.9316974661990869,0.9922108299898798,6.8566718101501465,1.2939300165972776,2.607518838321086,0.5100750375187595
0.3,17,sprl_lambda_2.0,2.0,0.9573071318467812,1.4835865617275117,0.9922513681560986,4.301051139831543,1.2922294634786997,2.0026323871492813,0.33328714254629577
0.3,18,sprl_lambda_2.0,2.0,0.9745755932248298,1.5102883497885824,0.9936752709041747,4.811769485473633,1.3155394481631446,2.0386760309415455,0.416220337367769
0.3,19,sprl_lambda_2.0,2.0,2.2199027710841155,3.052472723034777,0.9818937801760863,2.604491710662842,2.9965553075102696,4.120407190073999,0.43897900163460324
0.3,20,sprl_lambda_2.0,2.0,3.7985919099991943,4.7230561981738095,0.9576523856071707,5.789184093475342,5.127562746099365,6.375459007781349,0.3974910394265233
0.3,21,sprl_lambda_2.0,2.0,0.8829132451314362,1.2801856619454413,0.9935313446438767,4.085577964782715,1.19180822026618,1.7280698911095698,0.42561146051712084
0.3,22,sprl_lambda_2.0,2.0,0.9704365387504053,1.9461107126382078,0.9932081908914314,5.904839515686035,1.3099523090258058,2.626974685972697,0.4947960618846695
0.3,23,sprl_lambda_2.0,2.0,0.900130585278898,1.5246058730743632,0.9905369646115678,5.494435787200928,1.2150491985072631,2.0580026658515314,0.4113495898415553
0.3,24,sprl_lambda_2.0,2.0,1.001063492930394,1.8455428080451302,0.9892385518040989,3.8551433086395264,1.3512943728748905,2.491222214198268,0.5103354978354978
0.3,25,sprl_lambda_2.0,2.0,1.1226707240151486,1.8169019630129493,0.9921764655714108,4.877137660980225,1.5154469648195765,2.452561117275159,0.4898373622467117
0.3,26,sprl_lambda_2.0,2.0,0.9903454988235324,1.3829304312541695,0.9913328497854036,4.452415943145752,1.3368265941301956,1.866760822893321,0.4889344262295081
0.3,27,sprl_lambda_2.0,2.0,1.3802352371714226,2.57394278320332,0.9865065120611177,3.397594451904297,1.8631226914225985,3.474459336103693,0.45004837929366237
0.3,28,sprl_lambda_2.0,2.0,1.3501813348162401,2.9226879785957567,0.9919445964725635,6.1252970695495605,1.8225541666264262,3.9452161097039875,0.3329692556634304
0.3,29,sprl_lambda_2.0,2.0,1.0444168655093713,2.769772465914298,0.9897360973798219,8.488728523254395,1.4098153046887467,3.73880175809592,0.35377257285893077
0.3,30,sprl_lambda_2.0,2.0,1.1837480982832624,1.7914359833668796,0.9861320315782316,3.6081221103668213,1.5978927964190062,2.4181856403563606,0.4436331569664903
0.3,31,sprl_lambda_2.0,2.0,0.9493185891423623,1.3562534891370714,0.9940172586953081,3.888688564300537,1.281446058749443,1.8307507176173612,0.41427279682826734
0.3,32,sprl_lambda_2.0,2.0,1.048557865316705,2.1746028539265265,0.9922718130862597,4.504630088806152,1.4154050697508467,2.9354068153526343,0.3999186991869918
0.3,33,sprl_lambda_2.0,2.0,1.0061837216930993,1.7840864894633255,0.9911975890452702,5.146894931793213,1.358205958767032,2.408264861279422,0.4316910499139415
0.3,34,sprl_lambda_2.0,2.0,0.9318787862286421,1.3583687842541607,0.993816481357686,5.392448902130127,1.257904787183968,1.8336060673617867,0.4397611189690398
0.3,35,sprl_lambda_2.0,2.0,1.0227800237704303,1.696067435706969,0.9897776787187162,6.8871331214904785,1.3806086232993093,2.2894515663318984,0.45622119815668205
0.3,36,sprl_lambda_2.0,2.0,1.0266476198109107,2.0040020273026293,0.991836512,5.868617534637451,1.3858293318786978,2.70511978695462,0.42117834394904463
0.3,37,sprl_lambda_2.0,2.0,1.1121552269180048,3.1129241927523115,0.9904794521424767,3.392500638961792,1.5012525284469573,4.202008138903127,0.36186040633411215
0.3,38,sprl_lambda_2.0,2.0,0.9148781893936029,1.2828122954646726,0.991367178268713,4.999015808105469,1.2349563818121416,1.7316154754997783,0.48118119414583604
0.3,39,sprl_lambda_2.0,2.0,1.1754212818488916,3.761225299886086,0.993912262690605,5.935440540313721,1.586652769916002,5.077123098328927,0.3746937543133195
0.3,40,sprl_lambda_2.0,2.0,0.8729069762519757,1.2604080218499478,0.9946851188475391,6.5382771492004395,1.1783011700882664,1.7013728694335994,0.47747223691168694
0.3,41,sprl_lambda_2.0,2.0,1.878468718472912,2.3554245952514954,0.9801592265171447,2.810668468475342,2.535667544386668,3.1794906354813732,0.44372951526651716
0.3,42,sprl_lambda_2.0,2.0,1.3784661932424458,2.0822147686876633,0.9901775104,3.434269666671753,1.8607347318940803,2.8106959447778728,0.3924019607843138
0.3,43,sprl_lambda_2.0,2.0,1.013695906515276,1.4964274941006108,0.9917148235102786,4.883133888244629,1.368346347613386,2.019965832810597,0.32268816062038563
0.3,44,sprl_lambda_2.0,2.0,3.628460536575591,5.316843294438219,0.9566746282870485,4.864229679107666,4.897909413238512,7.176987749498843,0.46431670281995663
0.3,45,sprl_lambda_2.0,2.0,1.1729747903372567,1.7529141570666265,0.9933243648612574,6.548260688781738,1.5833503518013616,2.3661866138410512,0.4150226830848995
0.3,46,sprl_lambda_2.0,2.0,3.6588176947076385,9.623425273629229,0.9689300829066498,3.5792665481567383,4.938887290516034,12.990265364657922,0.3825176858222696
0.3,47,sprl_lambda_2.0,2.0,1.3619079431677386,1.9544683591233674,0.9927595287737215,7.103034019470215,1.8383834321926906,2.638256328691296,0.5125816993464053
0.3,48,sprl_lambda_2.0,2.0,1.080313095647784,4.610885627703596,0.9894417265708202,4.989641189575195,1.4582701470998585,6.224044575281307,0.4889655172413794
0.3,49,sprl_lambda_2.0,2.0,3.1340303994587986,4.793452913418122,0.9701614300656117,3.4192254543304443,4.230498537920399,6.470484633878304,0.47111927314904306
0.3,50,sprl_lambda_2.0,2.0,1.4520546426786052,2.074165371254998,0.9932997688850429,3.4977235794067383,1.9600687485013415,2.7998303947577097,0.45473380210949277
0.3,51,sprl_lambda_2.0,2.0,1.0833637668109362,1.4740403546049548,0.9921019507363122,3.826831102371216,1.4623881224384574,1.9897463553859531,0.41445186834941855
0.3,52,sprl_lambda_2.0,2.0,0.9080288154625134,1.8480249662471344,0.9944168160672645,5.599102973937988,1.225710694084879,2.4945727773090405,0.3257019251568246
0.3,53,sprl_lambda_2.0,2.0,0.9160848674545536,1.7283077813426273,0.9931849527302646,5.693296909332275,1.2365852268206248,2.3329714808474864,0.37561926522322564
0.3,54,sprl_lambda_2.0,2.0,1.1593217651094707,2.4932637621286773,0.9921286777511423,5.572175979614258,1.5649206954475774,3.365554048919476,0.41960810810810817
0.3,55,sprl_lambda_2.0,2.0,0.8577393652366475,1.250369140583527,0.9933473410089079,4.7140021324157715,1.1578270367693388,1.687821797137912,0.37332822868810617
0.3,56,sprl_lambda_2.0,2.0,0.9113051877839248,1.4839478590063788,0.993628132640648,6.201844215393066,1.2301333341198344,2.0031200874633135,0.4024790638345073
0.3,57,sprl_lambda_2.0,2.0,0.9075506537420791,1.4891467123166562,0.991758088146346,6.403653621673584,1.225065243275105,2.010137805393487,0.39391147279522676
0.3,58,sprl_lambda_2.0,2.0,2.3078546769463437,3.98729964185422,0.9807930017268803,3.9295401573181152,3.1152779622814935,5.382291540001562,0.45628865979381433
0.3,59,sprl_lambda_2.0,2.0,0.7986752119451257,0.9439198928952137,0.9938218109631147,5.63399600982666,1.078098769236759,1.2741585810708018,0.3078088578088578
0.3,60,sprl_lambda_2.0,2.0,0.9685536525319478,1.9984720429258398,0.9945960925414992,5.519327163696289,1.3074106784801576,2.697655088837853,0.3288752254467946
0.3,61,sprl_lambda_2.0,2.0,1.1894310345315666,1.9790976108686575,0.9928024758282453,6.732508659362793,1.6055639579666723,2.671502341083683,0.3676950998185118
0.3,62,sprl_lambda_2.0,2.0,2.798165803356156,3.559728037340671,0.9709804065885679,4.065852642059326,3.7771287547182895,4.805130243779544,0.4262127036426871
0.3,63,sprl_lambda_2.0,2.0,1.1061823454366813,1.9190771355251597,0.9919399946389492,4.3436408042907715,1.493189981772785,2.590483173806364,0.5020629750271445
0.3,64,sprl_lambda_2.0,2.0,1.2429363506018132,2.4158965768281133,0.9938009433993962,5.597021579742432,1.6777885801162324,3.261119272424145,0.43604626258299417
0.3,65,sprl_lambda_2.0,2.0,1.1160422197812614,2.863656769852437,0.9920861103959494,4.50683069229126,1.5064994199984092,3.8655323126599597,0.43359905521110126
0.3,66,sprl_lambda_2.0,2.0,1.0319953502132735,1.55468647226138,0.9895953822337605,5.605875015258789,1.393048012862869,2.0986072276012893,0.3889796731765644
0.3,67,sprl_lambda_2.0,2.0,2.144709265564387,2.7021521165223956,0.9838417189207165,2.9582359790802,2.895054691811949,3.6475238338978944,0.4343382352941177
0.3,68,sprl_lambda_2.0,2.0,1.0930116026620806,1.8146275422713471,0.989185267769617,5.375533103942871,1.4754113386361722,2.449490970404974,0.36511562640323303
0.3,69,sprl_lambda_2.0,2.0,1.119047393655417,2.235948410071445,0.9886005140851751,3.636043071746826,1.5105559804207354,3.018214654620501,0.41229508196721315
0.3,70,sprl_lambda_2.0,2.0,0.8907325007924339,1.222253212502538,0.9927325810356737,5.67175817489624,1.2023631113888662,1.6498692639846153,0.4643406004288778
0.3,71,sprl_lambda_2.0,2.0,0.9073738928820527,1.9187311175494988,0.9931481453925816,4.03481912612915,1.2248266410713637,2.5900160983943383,0.3298918652129044
0.3,72,sprl_lambda_2.0,2.0,1.1770401695156492,2.0974002410106363,0.9931839520587052,5.165149211883545,1.5888380396914508,2.8311941883402394,0.36191885038038885
0.3,73,sprl_lambda_2.0,2.0,1.3154906200154222,3.7614088526647516,0.9842742206004739,3.8301491737365723,1.7757265997114349,5.077370868663864,0.5083479276123759
0.3,74,sprl_lambda_2.0,2.0,3.061441540070561,4.599435933639237,0.9730325174529788,3.3804402351379395,4.13251382674329,6.2085891049044815,0.5551418439716311
0.3,75,sprl_lambda_2.0,2.0,0.8738115253136729,1.2997854729379248,0.9945517538923999,6.842575550079346,1.179522183606083,1.7545268686045985,0.4124675831139709
0.3,76,sprl_lambda_2.0,2.0,1.0339563935193654,1.6790384732630603,0.9936172466406056,4.058823108673096,1.3956951444416354,2.2664648713931075,0.5188649706457926
0.3,77,sprl_lambda_2.0,2.0,0.8792863732832791,1.2441281452026147,0.99250301489396,6.480097770690918,1.1869124553579955,1.679397334554946,0.43714416896235075
0.3,78,sprl_lambda_2.0,2.0,0.946104399540321,1.338296397861462,0.993081764950966,4.624262809753418,1.2771073566059081,1.8065111798005333,0.39788554607593674
0.3,79,sprl_lambda_2.0,2.0,1.0101116207238712,1.3648893862732892,0.9934784758261677,4.1872453689575195,1.3635080678689886,1.842407959428005,0.5032061068702292
0.3,80,sprl_lambda_2.0,2.0,0.889575799565859,1.2158364895378941,0.9915883142871726,5.882481575012207,1.20080172805044,1.6412075939750155,0.400727380518059
0.3,81,sprl_lambda_2.0,2.0,1.9691460873046696,6.131665790299681,0.9914609711427729,4.725982666015625,2.6580691893520334,8.276883072148498,0.3736206202174788
0.3,82,sprl_lambda_2.0,2.0,1.2807937960139566,3.334977600382341,0.9929523229848489,4.805185317993164,1.728890786238142,4.501748886944787,0.4539533011272142
0.3,83,sprl_lambda_2.0,2.0,0.821135373013794,1.0916354943107416,0.99454629103771,5.383347034454346,1.1084168154748766,1.4735537866579385,0.40144563798815386
0.3,84,sprl_lambda_2.0,2.0,0.8913846940072532,1.2905439202642022,0.9918475739158694,5.753403186798096,1.2032434801441312,1.7420520773322965,0.44003874717468516
0.3,85,sprl_lambda_2.0,2.0,0.9542154849170656,1.3663115994682558,0.9921382286790494,5.4919023513793945,1.288056176640708,1.8443277464354815,0.48955266955266963
0.3,86,sprl_lambda_2.0,2.0,1.0115691028860128,2.354028592327628,0.993756752777884,6.652674198150635,1.3654754630024404,3.177606228639189,0.4475195094760311
0.3,87,sprl_lambda_2.0,2.0,0.9846165980550222,3.245832251008079,0.9934674495848047,4.745283126831055,1.3290933869700932,4.3814152519375,0.49321428571428577
0.3,88,sprl_lambda_2.0,2.0,0.9353219133692132,1.2781334551938945,0.9935166069626572,5.8534064292907715,1.2625525226802718,1.7252997017510274,0.504971939670291
0.3,89,sprl_lambda_2.0,2.0,0.8342882066281372,1.243549831846318,0.9929240590613874,5.3876953125,1.1261712837737794,1.67861669317741,0.47283950617283954
0.3,90,sprl_lambda_2.0,2.0,0.9280585650789819,1.5907164620852101,0.9934881680266304,5.457691669464111,1.252748028018211,2.14724262670186,0.3854470802919709
0.3,91,sprl_lambda_2.0,2.0,1.2114381125269709,1.7678664336359198,0.991010551948052,3.6566600799560547,1.6352704060277807,2.386370076061424,0.3645203969128997
0.3,92,sprl_lambda_2.0,2.0,1.2015238316225936,3.603048627905026,0.9927688640000001,8.212126731872559,1.6218875266282244,4.863606924502233,0.3707155322862129
0.3,93,sprl_lambda_2.0,2.0,0.8931434610602137,1.7854130696013808,0.9918507487144823,4.295407772064209,1.2056175673410445,2.4100555571627313,0.35686946011281223
0.3,94,sprl_lambda_2.0,2.0,2.508001922716133,5.088822852920725,0.9856713270597274,3.8698782920837402,3.3854484847959228,6.869192348209084,0.48287292817679567
0.3,95,sprl_lambda_2.0,2.0,1.0409676717595333,2.245311759588576,0.9929352081440693,4.2613348960876465,1.4051593801264919,3.030853854434613,0.3930685787828645
0.3,96,sprl_lambda_2.0,2.0,0.9566717988733267,1.9947975386429735,0.9927278964891588,5.266092300415039,1.2913718536687386,2.6926950268681504,0.38139297250972376
0.3,97,sprl_lambda_2.0,2.0,1.0264020711470931,1.6898515430961893,0.9936852036475099,6.465551853179932,1.3854978758521552,2.281060988944291,0.3980145308781159
0.3,98,sprl_lambda_2.0,2.0,3.7045184431811546,4.8440332212835,0.9482335558388,3.061535596847534,5.000576848355825,6.53876090794029,0.5165695792880258
0.3,99,sprl_lambda_2.0,2.0,1.2231371061041516,3.388479895304379,0.9901288987857352,4.2617878913879395,1.6510623955477133,4.573969430970829,0.3467274939172749
0.3,100,sprl_lambda_2.0,2.0,1.4186663442018366,2.751382128051065,0.9920302323248371,6.9698944091796875,1.9149992597324987,3.7139773985569366,0.39409506398537475
0.3,1,sprl_lambda_5.0,5.0,0.9042689907190864,1.718061102574461,0.9932414142909145,14.56701374053955,1.220635461540022,2.3191399112638753,0.4061567164179104
0.3,2,sprl_lambda_5.0,5.0,1.4237735565348693,3.4909952461284277,0.9928692308332997,12.752509117126465,1.9218932752824038,4.712350680192415,0.4366762767710049
0.3,3,sprl_lambda_5.0,5.0,1.2171452646479761,2.4731737952393114,0.9911265666003031,20.600004196166992,1.642974255584496,3.338435430169955,0.48628719275549803
0.3,4,sprl_lambda_5.0,5.0,1.1119389555787424,3.963106042990531,0.9931652755189361,17.590410232543945,1.5009605926748275,5.349633597488451,0.3417485571673686
0.3,5,sprl_lambda_5.0,5.0,0.8775299020583648,1.4070620487716923,0.9950695857246166,13.26943588256836,1.1845414672047911,1.8993350993404046,0.3216307988092285
0.3,6,sprl_lambda_5.0,5.0,1.0181982822946947,1.2365812505109846,0.9867262469859039,17.29576873779297,1.374423919214251,1.6692100922856004,0.38507546687132266
0.3,7,sprl_lambda_5.0,5.0,1.0783099914702805,2.2254612523164146,0.993833425823337,13.084473609924316,1.455566239283363,3.0040584723584343,0.39788937468060775
0.3,8,sprl_lambda_5.0,5.0,1.1791671037077085,1.749373930582953,0.9899932215497111,14.025385856628418,1.5917091005437367,2.3614078079412506,0.4085275080906149
0.3,9,sprl_lambda_5.0,5.0,0.9248628389980301,1.6549786700297089,0.9926749245707108,12.41609001159668,1.248434249021238,2.2339875340900224,0.29968925269061697
0.3,10,sprl_lambda_5.0,5.0,0.9453390200954858,1.8492382850697338,0.9926167392672963,16.553964614868164,1.2760742024211598,2.496210586408124,0.44703880914407235
0.3,11,sprl_lambda_5.0,5.0,0.9997964974576002,1.8958383645116068,0.9947350366304234,13.81118392944336,1.3495841078767807,2.5591141140764777,0.4552226539151225
0.3,12,sprl_lambda_5.0,5.0,0.9825023750753156,1.8501366646940012,0.9928026955347763,21.463123321533203,1.3262394844597565,2.497423272056488,0.284638720353006
0.3,13,sprl_lambda_5.0,5.0,1.1053264826887867,3.5154353153975295,0.9914524274323884,13.127052307128906,1.4920346879044635,4.74534132295308,0.5174549819927972
0.3,14,sprl_lambda_5.0,5.0,0.9134013765121375,1.5991438751852372,0.9934277830559227,12.518209457397461,1.2329628929369538,2.158618444500013,0.3108622350674374
0.3,15,sprl_lambda_5.0,5.0,0.9563017706578518,1.6396321220351713,0.9932886855331785,8.299213409423828,1.2908723678230283,2.213271861113708,0.5406187161639597
0.3,16,sprl_lambda_5.0,5.0,1.1039228213248378,1.6642959179041752,0.9931313879299655,17.84387969970703,1.4901399432494826,2.2465645031957395,0.30666843884099804
0.3,17,sprl_lambda_5.0,5.0,1.3977893400604362,2.6950101041029915,0.9884049242737042,12.356605529785156,1.886818251816429,3.6378831255297444,0.3138228429006607
0.3,18,sprl_lambda_5.0,5.0,0.840256928543121,1.2935219386716164,0.9936889121328198,12.910734176635742,1.1342282156206922,1.7460719817086678,0.36335430257844054
0.3,19,sprl_lambda_5.0,5.0,0.999794066465078,1.7680786342530597,0.9951150753427124,14.186123847961426,1.3495808263801135,2.3866565169334435,0.3110287918657231
0.3,20,sprl_lambda_5.0,5.0,0.8684256857142736,1.3011262874398655,0.9959473900850053,17.384857177734375,1.1722520605866422,1.756336778869369,0.2706743737957611
0.3,21,sprl_lambda_5.0,5.0,1.021221186894563,2.0233130873117267,0.9946663159323006,16.963050842285156,1.3785044136128457,2.731186991391529,0.3800884955752212
0.3,22,sprl_lambda_5.0,5.0,0.9449810842544629,1.8605060874275192,0.9898091466543896,16.949575424194336,1.2755910395736079,2.511420528662806,0.3809325108853411
0.3,23,sprl_lambda_5.0,5.0,0.8679333163263776,1.1521102719696001,0.9943646459106472,19.1904354095459,1.17158743143181,1.5551861979169492,0.540898699814259
0.3,24,sprl_lambda_5.0,5.0,1.1766396690655658,3.4351324170668986,0.9918331582340518,10.879746437072754,1.5882974206314677,4.636943748367598,0.4481924360400445
0.3,25,sprl_lambda_5.0,5.0,0.9252743230581567,1.707100263392975,0.9940004982751584,11.687067985534668,1.248989694403977,2.3043443259563223,0.37345288326300985
0.3,26,sprl_lambda_5.0,5.0,0.9194159701871406,1.1512697472044844,0.9934658177856353,16.337007522583008,1.2410817451831477,1.554051608159772,0.43267007393440177
0.3,27,sprl_lambda_5.0,5.0,1.2656577871188845,3.036916422018482,0.9937894216228559,12.129154205322266,1.7084593113195803,4.09940838013385,0.34409270216962523
0.3,28,sprl_lambda_5.0,5.0,1.4049445556373124,5.105546895589422,0.9851844597176693,16.222454071044922,1.89647678258298,6.891767444503702,0.3989720611491829
0.3,29,sprl_lambda_5.0,5.0,0.9394178739906938,1.5713747843307428,0.993873514200744,12.510306358337402,1.268081491200662,2.1211340926316957,0.3574176747311827
0.3,30,sprl_lambda_5.0,5.0,1.3263943128133355,4.348447250606118,0.9924124088204579,11.95255184173584,1.7904450454698013,5.8697898205103245,0.37247745358090184
0.3,31,sprl_lambda_5.0,5.0,0.9145022702936109,1.29019905517098,0.9921274774794234,14.63008975982666,1.2344489441040813,1.7415865581487853,0.36739168877099915
0.3,32,sprl_lambda_5.0,5.0,0.9442314845467812,1.5192416412219505,0.9944717240867266,12.580516815185547,1.2745791858060374,2.050761710239672,0.32468251383914043
0.3,33,sprl_lambda_5.0,5.0,0.9911368900252373,2.000972094689159,0.9906422154895616,9.304550170898438,1.337894860514055,2.701029805729966,0.3688974358974359
0.3,34,sprl_lambda_5.0,5.0,2.448945766884133,3.7942847456245055,0.974978555640078,9.768134117126465,3.305731012704516,5.121748682332513,0.5192465753424658
0.3,35,sprl_lambda_5.0,5.0,1.1058660415983526,2.547686479401001,0.9831073714715342,9.287792205810547,1.492763016250747,3.4390170331617402,0.39135429262394206
0.3,36,sprl_lambda_5.0,5.0,0.995842736406185,3.023554963392647,0.9873986752,16.25389289855957,1.344247088698477,4.0813722975257045,0.3503335092854743
0.3,37,sprl_lambda_5.0,5.0,1.096432042474729,1.9347109296858815,0.9924299368112736,11.453906059265137,1.4800284494430591,2.6115865885500447,0.4694189315838801
0.3,38,sprl_lambda_5.0,5.0,1.025994051697123,2.6481577754399916,0.994110005240021,10.244647979736328,1.3849471072039508,3.574639097028548,0.44882352941176473
0.3,39,sprl_lambda_5.0,5.0,2.418895640617625,13.549570435889272,0.9936661263434163,18.919588088989258,3.2651675850948996,18.29000699175656,0.33353894045079835
0.3,40,sprl_lambda_5.0,5.0,1.0496289838102222,1.7839885052612119,0.9907068299319727,13.661735534667969,1.4168509284832784,2.4081325964411957,0.4338695102114586
0.3,41,sprl_lambda_5.0,5.0,0.9639060778970377,1.3928198409747599,0.9928069281679062,14.171587944030762,1.3011371089253574,1.8801101297063878,0.4246169382922413
0.3,42,sprl_lambda_5.0,5.0,1.0009803294670385,1.4039082695394112,0.9924498624,8.988581657409668,1.3511821139414115,1.8950779426665596,0.3585211361737678
0.3,43,sprl_lambda_5.0,5.0,1.1351598004534222,2.3825697376175436,0.9920734486907796,22.934728622436523,1.5323054546482702,3.2161327449870885,0.43770956710317793
0.3,44,sprl_lambda_5.0,5.0,1.515061977031422,2.6079322617502747,0.9915152230789712,10.811175346374512,2.0451197537193773,3.520340333085215,0.45012180267965907
0.3,45,sprl_lambda_5.0,5.0,0.8689521499990983,1.3942456253424917,0.9949950036456423,12.829301834106445,1.172962713038387,1.8820347372928747,0.3266393825277769
0.3,46,sprl_lambda_5.0,5.0,0.8882107471055474,1.2985583093292037,0.9930610015842718,16.84571075439453,1.1989590999640851,1.7528703709990296,0.36390465380249715
0.3,47,sprl_lambda_5.0,5.0,0.8973471713158024,1.436056681254975,0.9949431927181976,14.058599472045898,1.2112919826540485,1.9384737593703931,0.4769794558578567
0.3,48,sprl_lambda_5.0,5.0,1.0749287426500893,2.289413484990333,0.9943960048537723,12.674284934997559,1.451002030782822,3.0903849568974726,0.44793386156047105
0.3,49,sprl_lambda_5.0,5.0,1.1700947570807994,2.5672150674416123,0.9939775655841143,14.606974601745605,1.579462713544021,3.4653778697278836,0.3544199554423934
0.3,50,sprl_lambda_5.0,5.0,0.9292690278197028,1.3479688031237793,0.9922480494124835,11.417798042297363,1.2543819818100157,1.819567561234317,0.3093293426247703
0.3,51,sprl_lambda_5.0,5.0,1.964156740123656,2.430722913004963,0.9815366754458682,18.432119369506836,2.651334275115688,3.2811327328965483,0.3720030192822343
0.3,52,sprl_lambda_5.0,5.0,1.9340347511165303,4.852846838361308,0.9816441761767049,9.057132720947266,2.610673842952712,6.550658046579373,0.44526315789473686
0.3,53,sprl_lambda_5.0,5.0,0.9240005433369454,1.7876467267235951,0.9939708833855316,11.795412063598633,1.247270271628388,2.4130706789022573,0.405003819709702
0.3,54,sprl_lambda_5.0,5.0,0.8383285747000645,1.1338584045269606,0.9941526446001598,13.853165626525879,1.1316252102015194,1.5305487538947926,0.3161422803842405
0.3,55,sprl_lambda_5.0,5.0,0.915718645452828,1.3660712368453751,0.992737266141088,11.379199028015137,1.2360908788260672,1.844003290831974,0.3892958892958892
0.3,56,sprl_lambda_5.0,5.0,0.9821808842561359,1.4844103103094837,0.9910015921908248,15.413414001464844,1.325805517245932,2.0037443314278844,0.3976809254775357
0.3,57,sprl_lambda_5.0,5.0,1.0786907768223857,1.9592312802922753,0.9895672816902941,16.18149757385254,1.456080245744698,2.644685599780937,0.4268226822682267
0.3,58,sprl_lambda_5.0,5.0,3.4537880200875066,5.63297661816187,0.9655825608932098,11.027810096740723,4.6621261784156065,7.603723100895489,0.46550084889643467
0.3,59,sprl_lambda_5.0,5.0,1.008452040612257,1.8176301981461367,0.9923494428790984,14.635584831237793,1.3612678690384483,2.4535441318836786,0.399668758912631
0.3,60,sprl_lambda_5.0,5.0,0.9836415743939176,2.343530383556825,0.9885637430807956,11.289974212646484,1.3277772426935561,3.163435129066149,0.3824752475247525
0.3,61,sprl_lambda_5.0,5.0,0.9244097929008789,1.2705373818530319,0.9927280536482834,13.903680801391602,1.2478227007567604,1.7150460752488708,0.585778251599147
0.3,62,sprl_lambda_5.0,5.0,0.8508848189609418,1.049711485739061,0.9931937311835665,16.088539123535156,1.1485743671071402,1.4169622944385636,0.253675827911042
0.3,63,sprl_lambda_5.0,5.0,0.9311477204480306,1.5552110106500547,0.9951543334493561,12.469878196716309,1.2569179516010922,2.0993152803651536,0.35143298245614035
0.3,64,sprl_lambda_5.0,5.0,1.089388645905473,1.5677541430477673,0.9916934260764603,12.510193824768066,1.4705208585487983,2.1162467381067978,0.37131425053862727
0.3,65,sprl_lambda_5.0,5.0,0.9560049972550849,2.2909503150881116,0.991304890473072,13.401670455932617,1.290471765631449,3.092459460540707,0.33724626645148087
0.3,66,sprl_lambda_5.0,5.0,1.0673654341841565,1.8128359631569975,0.9881138312979267,9.426091194152832,1.4407926322356686,2.447072591558,0.4026228249744115
0.3,67,sprl_lambda_5.0,5.0,0.9457974157664832,1.7163361009313187,0.9943009746851993,11.584826469421387,1.2766929718550104,2.3168114026027964,0.44087662337662337
0.3,68,sprl_lambda_5.0,5.0,0.8351013370570727,1.3299036808488804,0.989072492006035,11.026586532592773,1.127268895044986,1.7951821968216073,0.30499620060790267
0.3,69,sprl_lambda_5.0,5.0,1.399337915100325,4.392949254722397,0.9928800723425345,17.848154067993164,1.8889086094732148,5.929861242721467,0.4490963855421688
0.3,70,sprl_lambda_5.0,5.0,1.2018604047438306,1.813340390985143,0.9932872576240724,15.09055233001709,1.6223418528203197,2.4477534979046087,0.2938755537241166
0.3,71,sprl_lambda_5.0,5.0,1.0457311009708115,1.6261636428473556,0.9906811339245358,13.211715698242188,1.4115893370016006,2.195091315857381,0.32549268912905277
0.3,72,sprl_lambda_5.0,5.0,1.0618065874698668,1.8026234625408826,0.9892504371916294,9.423811912536621,1.4332889740384194,2.433287157653962,0.47493074792243767
0.3,73,sprl_lambda_5.0,5.0,0.9799646985226561,3.094680070964503,0.9940637219128096,11.517354011535645,1.32281397941437,4.177381150421365,0.4557120500782473
0.3,74,sprl_lambda_5.0,5.0,1.2849119904557587,3.1642599770370095,0.9930413751436814,11.552966117858887,1.7344497672767192,4.271304199463649,0.5769299023957409
0.3,75,sprl_lambda_5.0,5.0,1.667212718472901,4.767193071561841,0.9889693069630161,12.32504940032959,2.250501772133377,6.43503755506305,0.5068051948051948
0.3,76,sprl_lambda_5.0,5.0,2.599638038184082,3.2149505696606973,0.9819051139083665,8.46371841430664,3.509144302352385,4.339729342377981,0.32811445539209066
0.3,77,sprl_lambda_5.0,5.0,0.7857733056105306,0.994126791857493,0.993773162194894,13.012370109558105,1.0606830173364852,1.341930805836113,0.41107867240319595
0.3,78,sprl_lambda_5.0,5.0,0.9273498710063396,1.3721488684981067,0.9948497559345942,11.01559066772461,1.251791391082378,1.8522072354476162,0.36897516614200765
0.3,79,sprl_lambda_5.0,5.0,1.2979973070356952,2.5660082134498,0.9933728544048271,9.876126289367676,1.7521130971120669,3.4637487872375776,0.2928739874910284
0.3,80,sprl_lambda_5.0,5.0,0.836209900544148,1.000542652364648,0.9944057519442828,16.09286880493164,1.1287652992317718,1.3505913116498751,0.48491659350307287
0.3,81,sprl_lambda_5.0,5.0,1.1081725672538085,1.6902303070260098,0.9898875772258422,12.862231254577637,1.4958765002216643,2.2815722667709513,0.3623603493804591
0.3,82,sprl_lambda_5.0,5.0,1.2172724842999953,2.860539862225347,0.990823814634827,21.991531372070312,1.6431459841522709,3.8613249274471313,0.4164988601823708
0.3,83,sprl_lambda_5.0,5.0,1.1871538482180766,2.9090568811577406,0.994013249077178,18.002534866333008,1.6024900779649163,3.9268160527703544,0.32403495205691313
0.3,84,sprl_lambda_5.0,5.0,1.4840071472964855,3.727497767610977,0.9949750633596596,15.868647575378418,2.0032001182839,5.031595691829567,0.4716039603960397
0.3,85,sprl_lambda_5.0,5.0,0.9422435394153544,1.3746219939600006,0.9934269857348595,10.640482902526855,1.271895740561403,1.8555456056345943,0.4660676532769556
0.3,86,sprl_lambda_5.0,5.0,1.2475706825816133,2.381430260576608,0.9947596761582146,14.025750160217285,1.6840442739563968,3.21459461186735,0.5028474199597193
0.3,87,sprl_lambda_5.0,5.0,2.0803952032381754,3.033239788294535,0.9796060673115679,8.3729887008667,2.80823978832992,4.09444544371935,0.40758693361433085
0.3,88,sprl_lambda_5.0,5.0,0.9644161378921923,1.2714566094088577,0.9956555577048892,18.24131202697754,1.301825617902209,1.7162869026612688,0.33661180861893447
0.3,89,sprl_lambda_5.0,5.0,0.8559033607120132,1.2162529650534888,0.9934799418609767,10.30735969543457,1.155348689891012,1.6417697771178807,0.2958786917549804
0.3,90,sprl_lambda_5.0,5.0,0.8336089112102125,1.2841364994729516,0.993063838829405,14.381210327148438,1.1252543308709477,1.7334029639433814,0.37583540055450165
0.3,91,sprl_lambda_5.0,5.0,1.4631629587170742,2.819308241986758,0.9917859895427914,13.775595664978027,1.9750634067432067,3.805668061717443,0.3024756869404137
0.3,92,sprl_lambda_5.0,5.0,0.857835427755424,1.214401663142085,0.9937194112,14.552128791809082,1.1579567076063872,1.63927078092729,0.4244943365695793
0.3,93,sprl_lambda_5.0,5.0,0.8973959882493651,1.4616366836325514,0.9898594364013568,11.419639587402344,1.211357878621777,1.9730031508775796,0.42385964912280694
0.3,94,sprl_lambda_5.0,5.0,1.203651349320769,2.54073686326367,0.9943854490749632,12.590277671813965,1.6247593751313805,3.4296360326094923,0.4430321720286715
0.3,95,sprl_lambda_5.0,5.0,0.9914817581629897,1.6609519110039845,0.9924807822936534,12.918087005615234,1.3383603838072524,2.2420505660289223,0.49792315680166144
0.3,96,sprl_lambda_5.0,5.0,0.9928525200464341,2.1920196794790843,0.9921918703199037,11.067732810974121,1.3402107188087093,2.958917070724769,0.4115151515151515
0.3,97,sprl_lambda_5.0,5.0,1.113425069093171,1.3343284386086505,0.9901209621614417,16.569673538208008,1.5029666360913367,1.8011549950550232,0.35306927044952097
0.3,98,sprl_lambda_5.0,5.0,1.0097377451838012,2.2502603831723618,0.9920232270355985,9.211281776428223,1.363003388678288,3.0375337975645644,0.41713121783876506
0.3,99,sprl_lambda_5.0,5.0,1.17105051683189,2.4530995800850133,0.9931683307114595,12.82091999053955,1.5807528542619576,3.3113380740387504,0.452744094764141
0.3,100,sprl_lambda_5.0,5.0,0.7857357357406853,0.937516965775774,0.9949298807887808,15.930516242980957,1.060632303316775,1.2655155335043589,0.34691539365452406
0.5,1,raw,,1.0,1.0,0.9903874491481693,,1.6487212707001282,1.6487212707001282,0.0
0.5,2,raw,,1.0,1.0,0.9905125001681809,,1.6487212707001282,1.6487212707001282,0.0
0.5,3,raw,,1.0,1.0,0.9901942281171964,,1.6487212707001282,1.6487212707001282,0.0
0.5,4,raw,,1.0,1.0,0.9902288369211313,,1.6487212707001282,1.6487212707001282,0.0
0.5,5,raw,,1.0,1.0,0.990278184470862,,1.6487212707001282,1.6487212707001282,0.0
0.5,6,raw,,1.0,1.0,0.9900584044902044,,1.6487212707001282,1.6487212707001282,0.0
0.5,7,raw,,1.0,1.0,0.9917569708339653,,1.6487212707001282,1.6487212707001282,0.0
0.5,8,raw,,1.0,1.0,0.9910306636864528,,1.6487212707001282,1.6487212707001282,0.0
0.5,9,raw,,1.0,1.0,0.9909078274252126,,1.6487212707001282,1.6487212707001282,0.0
0.5,10,raw,,1.0,1.0,0.9899317245142656,,1.6487212707001282,1.6487212707001282,0.0
0.5,11,raw,,1.0,1.0,0.9914977929585875,,1.6487212707001282,1.6487212707001282,0.0
0.5,12,raw,,1.0,1.0,0.9894484101606834,,1.6487212707001282,1.6487212707001282,0.0
0.5,13,raw,,1.0,1.0,0.9904957488793199,,1.6487212707001282,1.6487212707001282,0.0
0.5,14,raw,,1.0,1.0,0.9906881234058551,,1.6487212707001282,1.6487212707001282,0.0
0.5,15,raw,,1.0,1.0,0.9906268036565627,,1.6487212707001282,1.6487212707001282,0.0
0.5,16,raw,,1.0,1.0,0.990063885499878,,1.6487212707001282,1.6487212707001282,0.0
0.5,17,raw,,1.0,1.0,0.990611686924147,,1.6487212707001282,1.6487212707001282,0.0
0.5,18,raw,,1.0,1.0,0.9898970794583963,,1.6487212707001282,1.6487212707001282,0.0
0.5,19,raw,,1.0,1.0,0.9901277982007353,,1.6487212707001282,1.6487212707001282,0.0
0.5,20,raw,,1.0,1.0,0.991094684916003,,1.6487212707001282,1.6487212707001282,0.0
0.5,21,raw,,1.0,1.0,0.991041041041041,,1.6487212707001282,1.6487212707001282,0.0
0.5,22,raw,,1.0,1.0,0.9892650373921494,,1.6487212707001282,1.6487212707001282,0.0
0.5,23,raw,,1.0,1.0,0.9894770416008858,,1.6487212707001282,1.6487212707001282,0.0
0.5,24,raw,,1.0,1.0,0.989529562328622,,1.6487212707001282,1.6487212707001282,0.0
0.5,25,raw,,1.0,1.0,0.9904504621846117,,1.6487212707001282,1.6487212707001282,0.0
0.5,26,raw,,1.0,1.0,0.9905877635492225,,1.6487212707001282,1.6487212707001282,0.0
0.5,27,raw,,1.0,1.0,0.9902950456429105,,1.6487212707001282,1.6487212707001282,0.0
0.5,28,raw,,1.0,1.0,0.9905248074683892,,1.6487212707001282,1.6487212707001282,0.0
0.5,29,raw,,1.0,1.0,0.9905222579684633,,1.6487212707001282,1.6487212707001282,0.0
0.5,30,raw,,1.0,1.0,0.9897036207731306,,1.6487212707001282,1.6487212707001282,0.0
0.5,31,raw,,1.0,1.0,0.9902790085874272,,1.6487212707001282,1.6487212707001282,0.0
0.5,32,raw,,1.0,1.0,0.9908774166645464,,1.6487212707001282,1.6487212707001282,0.0
0.5,33,raw,,1.0,1.0,0.98981205506172,,1.6487212707001282,1.6487212707001282,0.0
0.5,34,raw,,1.0,1.0,0.9904410404964795,,1.6487212707001282,1.6487212707001282,0.0
0.5,35,raw,,1.0,1.0,0.990024395516166,,1.6487212707001282,1.6487212707001282,0.0
0.5,36,raw,,1.0,1.0,0.9902749503999999,,1.6487212707001282,1.6487212707001282,0.0
0.5,37,raw,,1.0,1.0,0.990045880955307,,1.6487212707001282,1.6487212707001282,0.0
0.5,38,raw,,1.0,1.0,0.9911775839103356,,1.6487212707001282,1.6487212707001282,0.0
0.5,39,raw,,1.0,1.0,0.9918307351491696,,1.6487212707001282,1.6487212707001282,0.0
0.5,40,raw,,1.0,1.0,0.9903379911964786,,1.6487212707001282,1.6487212707001282,0.0
0.5,41,raw,,1.0,1.0,0.9898585399851904,,1.6487212707001282,1.6487212707001282,0.0
0.5,42,raw,,1.0,1.0,0.9903731391999999,,1.6487212707001282,1.6487212707001282,0.0
0.5,43,raw,,1.0,1.0,0.9903611975366209,,1.6487212707001282,1.6487212707001282,0.0
0.5,44,raw,,1.0,1.0,0.990259591064553,,1.6487212707001282,1.6487212707001282,0.0
0.5,45,raw,,1.0,1.0,0.9903700438949415,,1.6487212707001282,1.6487212707001282,0.0
0.5,46,raw,,1.0,1.0,0.9913700982741342,,1.6487212707001282,1.6487212707001282,0.0
0.5,47,raw,,1.0,1.0,0.9909329853434988,,1.6487212707001282,1.6487212707001282,0.0
0.5,48,raw,,1.0,1.0,0.990062675360449,,1.6487212707001282,1.6487212707001282,0.0
0.5,49,raw,,1.0,1.0,0.9905228440990977,,1.6487212707001282,1.6487212707001282,0.0
0.5,50,raw,,1.0,1.0,0.9909910003902856,,1.6487212707001282,1.6487212707001282,0.0
0.5,51,raw,,1.0,1.0,0.990201931232309,,1.6487212707001282,1.6487212707001282,0.0
0.5,52,raw,,1.0,1.0,0.9903941951767806,,1.6487212707001282,1.6487212707001282,0.0
0.5,53,raw,,1.0,1.0,0.9910717796247703,,1.6487212707001282,1.6487212707001282,0.0
0.5,54,raw,,1.0,1.0,0.9896600129079846,,1.6487212707001282,1.6487212707001282,0.0
0.5,55,raw,,1.0,1.0,0.9897567071922623,,1.6487212707001282,1.6487212707001282,0.0
0.5,56,raw,,1.0,1.0,0.9899398116347533,,1.6487212707001282,1.6487212707001282,0.0
0.5,57,raw,,1.0,1.0,0.9902550725528185,,1.6487212707001282,1.6487212707001282,0.0
0.5,58,raw,,1.0,1.0,0.9905791920926708,,1.6487212707001282,1.6487212707001282,0.0
0.5,59,raw,,1.0,1.0,0.9901832735655738,,1.6487212707001282,1.6487212707001282,0.0
0.5,60,raw,,1.0,1.0,0.9904598018942732,,1.6487212707001282,1.6487212707001282,0.0
0.5,61,raw,,1.0,1.0,0.9901915564007607,,1.6487212707001282,1.6487212707001282,0.0
0.5,62,raw,,1.0,1.0,0.9896829110942716,,1.6487212707001282,1.6487212707001282,0.0
0.5,63,raw,,1.0,1.0,0.9907441634560372,,1.6487212707001282,1.6487212707001282,0.0
0.5,64,raw,,1.0,1.0,0.990193222314863,,1.6487212707001282,1.6487212707001282,0.0
0.5,65,raw,,1.0,1.0,0.9903100106743531,,1.6487212707001282,1.6487212707001282,0.0
0.5,66,raw,,1.0,1.0,0.9902602381685741,,1.6487212707001282,1.6487212707001282,0.0
0.5,67,raw,,1.0,1.0,0.9900408915513679,,1.6487212707001282,1.6487212707001282,0.0
0.5,68,raw,,1.0,1.0,0.989214402788921,,1.6487212707001282,1.6487212707001282,0.0
0.5,69,raw,,1.0,1.0,0.9909312981154744,,1.6487212707001282,1.6487212707001282,0.0
0.5,70,raw,,1.0,1.0,0.9907130716482883,,1.6487212707001282,1.6487212707001282,0.0
0.5,71,raw,,1.0,1.0,0.9900905395621582,,1.6487212707001282,1.6487212707001282,0.0
0.5,72,raw,,1.0,1.0,0.9901773986649973,,1.6487212707001282,1.6487212707001282,0.0
0.5,73,raw,,1.0,1.0,0.9908251520389221,,1.6487212707001282,1.6487212707001282,0.0
0.5,74,raw,,1.0,1.0,0.991242470322896,,1.6487212707001282,1.6487212707001282,0.0
0.5,75,raw,,1.0,1.0,0.9901053698892147,,1.6487212707001282,1.6487212707001282,0.0
0.5,76,raw,,1.0,1.0,0.9905749178871592,,1.6487212707001282,1.6487212707001282,0.0
0.5,77,raw,,1.0,1.0,0.9899041122897576,,1.6487212707001282,1.6487212707001282,0.0
0.5,78,raw,,1.0,1.0,0.9906044130814192,,1.6487212707001282,1.6487212707001282,0.0
0.5,79,raw,,1.0,1.0,0.9905428814936039,,1.6487212707001282,1.6487212707001282,0.0
0.5,80,raw,,1.0,1.0,0.9910102910548193,,1.6487212707001282,1.6487212707001282,0.0
0.5,81,raw,,1.0,1.0,0.9902323224757847,,1.6487212707001282,1.6487212707001282,0.0
0.5,82,raw,,1.0,1.0,0.9898616404610451,,1.6487212707001282,1.6487212707001282,0.0
0.5,83,raw,,1.0,1.0,0.9904789776476031,,1.6487212707001282,1.6487212707001282,0.0
0.5,84,raw,,1.0,1.0,0.9902051430490625,,1.6487212707001282,1.6487212707001282,0.0
0.5,85,raw,,1.0,1.0,0.9907824955267935,,1.6487212707001282,1.6487212707001282,0.0
0.5,86,raw,,1.0,1.0,0.990374788283603,,1.6487212707001282,1.6487212707001282,0.0
0.5,87,raw,,1.0,1.0,0.9905659676371864,,1.6487212707001282,1.6487212707001282,0.0
0.5,88,raw,,1.0,1.0,0.9909548785527806,,1.6487212707001282,1.6487212707001282,0.0
0.5,89,raw,,1.0,1.0,0.9900023987227721,,1.6487212707001282,1.6487212707001282,0.0
0.5,90,raw,,1.0,1.0,0.9909457834294131,,1.6487212707001282,1.6487212707001282,0.0
0.5,91,raw,,1.0,1.0,0.9914841605555328,,1.6487212707001282,1.6487212707001282,0.0
0.5,92,raw,,1.0,1.0,0.990523712,,1.6487212707001282,1.6487212707001282,0.0
0.5,93,raw,,1.0,1.0,0.9898781342597127,,1.6487212707001282,1.6487212707001282,0.0
0.5,94,raw,,1.0,1.0,0.9909646629537163,,1.6487212707001282,1.6487212707001282,0.0
0.5,95,raw,,1.0,1.0,0.9902617398146316,,1.6487212707001282,1.6487212707001282,0.0
0.5,96,raw,,1.0,1.0,0.9908525185571705,,1.6487212707001282,1.6487212707001282,0.0
0.5,97,raw,,1.0,1.0,0.9902636320300165,,1.6487212707001282,1.6487212707001282,0.0
0.5,98,raw,,1.0,1.0,0.9897409700913986,,1.6487212707001282,1.6487212707001282,0.0
0.5,99,raw,,1.0,1.0,0.9904687859225959,,1.6487212707001282,1.6487212707001282,0.0
0.5,100,raw,,1.0,1.0,0.9906527665044426,,1.6487212707001282,1.6487212707001282,0.0
0.5,1,ae,,0.9802943104297571,1.3926172884660508,0.9874385301870866,,1.6162320811518551,2.2960377454387144,0.4265041888804265
0.5,2,ae,,1.183464859438539,2.0521357418381014,0.9871256564662526,,1.9512036868824567,3.3833998479324645,0.36820512820512813
0.5,3,ae,,1.428044615046598,1.966928842345225,0.9863298324346284,,2.3544475323361023,3.2429174203281512,0.36854536152796724
0.5,4,ae,,1.5088738527953622,2.901938674100205,0.9866898684634137,,2.4877124159069677,4.784488018256335,0.38523936170212764
0.5,5,ae,,1.2157098131792268,1.962189131588403,0.9863710588933016,,2.00436662798747,3.235102958386413,0.4659935897435898
0.5,6,ae,,1.3096965545279742,2.1985248076341875,0.9867494262429348,,2.1593245676129413,3.6247546145083924,0.3870476858345021
0.5,7,ae,,1.732093165948891,2.313766710304165,0.9868707591413086,,2.8557388455342636,3.8147563907163384,0.4200027159152634
0.5,8,ae,,1.2246841187099298,1.5759137449113363,0.9850817382532465,,2.019162756405702,2.598242512024016,0.3757550796265788
0.5,9,ae,,1.2725691024973604,2.076559786107935,0.9853317320280476,,2.09811174772317,3.4236682892366606,0.37759657359360843
0.5,10,ae,,1.4249073774685759,2.590636232580171,0.9872137157323988,,2.349275102009978,4.271237061301372,0.40870350306970016
0.5,11,ae,,1.2430627457318408,1.503391339464341,0.9885802294913468,,2.049463989702991,2.478673279561216,0.3061425199505451
0.5,12,ae,,1.1960940322221614,2.4711397327000184,0.9862721947278699,,1.9720256726821621,4.074220640174749,0.35888879027247717
0.5,13,ae,,1.2814127973021188,2.1661098352119486,0.987324337171894,,2.112692535459355,3.571311359986689,0.35766621438263224
0.5,14,ae,,2.4177674169153773,4.480394174145366,0.9843615570330093,,3.9862245678740873,7.3869211760344,0.5091880341880342
0.5,15,ae,,1.3607448673746356,1.64272064423544,0.9864908403527535,,2.2434890068365867,2.708388467969188,0.5016991947591101
0.5,16,ae,,1.1986066619017592,2.5258157499548783,0.9860617062214239,,1.9761682986803075,4.164366152820004,0.41338244321669737
0.5,17,ae,,1.0443157950246655,1.8679266119577576,0.9846614609839457,,1.7217856645852812,3.0796903372415794,0.4455007824726135
0.5,18,ae,,1.219978465445037,1.8739716241907123,0.9861750020484248,,2.0114044457753337,3.089656877491694,0.42548923679060663
0.5,19,ae,,1.0497237465651104,1.4729303858383378,0.9854928473425044,,1.7307018693209282,2.4284516573922144,0.4452779051828378
0.5,20,ae,,1.3690057255420252,1.8457187805393322,0.9839933386209551,,2.2571088594113986,3.043075813205899,0.4287093474276459
0.5,21,ae,,1.2991902806660842,2.405847414343067,0.9854570363202076,,2.1420026504210425,3.9665718060863195,0.37346917117690753
0.5,22,ae,,1.2760135891290383,1.7039939634949115,0.9861115669145288,,2.103790746099459,2.8094110927586784,0.34071428571428564
0.5,23,ae,,1.4518610124222515,1.9554146167356796,0.9853612206036126,,2.393714133280789,3.223933671650054,0.3165181224004753
0.5,24,ae,,1.6308213253958006,3.206411271047511,0.9834200506923625,,2.6887698078914317,5.286478465188665,0.35491923122273317
0.5,25,ae,,1.1363785275360943,1.8150813542107953,0.9861206718746074,,1.87357144991565,2.992563236738532,0.40181593794076165
0.5,26,ae,,1.2239759208934373,2.6002052985935395,0.9865041036770286,,2.0179951356017876,4.287013783978347,0.39468911917098454
0.5,27,ae,,1.2611634069544342,2.133405648115632,0.9855983676685209,,2.0793069348744178,3.5173912710800357,0.3586645905843562
0.5,28,ae,,1.4859936157369118,2.3640028276960687,0.9867822976537741,,2.4499892823900393,3.897581746017759,0.4102279635258358
0.5,29,ae,,1.1640540348969302,1.8418926639012487,0.9869513764898393,,1.919200647578878,3.036767613320511,0.38586413586413587
0.5,30,ae,,1.4056091577094663,2.223374309696559,0.9844302642056026,,2.317457716606488,3.665724517124931,0.37248282397536137
0.5,31,ae,,1.176701503759547,2.006653537936496,0.9864577434287085,,1.9400527985131921,3.308412370921567,0.35182935972409657
0.5,32,ae,,1.1456991466699737,1.701467538476935,0.987241192094499,,1.8889385529377716,2.8052457220927116,0.3738977072310406
0.5,33,ae,,1.3302647820531528,1.9105857634060812,0.9852470593243572,,2.193235841834303,3.1500233876244486,0.3963293310463122
0.5,34,ae,,1.1284782348201516,2.27393478503309,0.9860953207881588,,1.8605460692701181,3.7490846482689792,0.4218407248450167
0.5,35,ae,,1.1543532217408177,1.8762524869293293,0.9854369056622974,,1.9032067105853079,3.0934173844043995,0.47241610738255035
0.5,36,ae,,1.227968635124834,2.253541541230143,0.987153792,,2.0245780084829184,3.7154618734324867,0.3240792473429021
0.5,37,ae,,1.1892344769246974,1.9921462133219867,0.9858431137601901,,1.9607161779556894,3.2844938362486746,0.3515606936416185
0.5,38,ae,,1.395946268699887,2.1422998524981516,0.987419335277341,,2.30152630595998,3.5320553350314494,0.39408335994889815
0.5,39,ae,,1.029598916447786,2.0912052792545297,0.9875467830058839,,1.6975216338372687,3.4478146253073443,0.36357804704205277
0.5,40,ae,,1.4671350072346692,1.8657610469843038,0.9859475182072828,,2.4188966934165856,3.076119924206763,0.30819243649432326
0.5,41,ae,,1.5459557617777384,2.423197412435605,0.9844854402361357,,2.5488501480043775,3.995177116988093,0.3792124542124542
0.5,42,ae,,1.3886809541020066,2.2608147035241357,0.98517584,,2.2895478272441268,3.7274532908118467,0.46922413793103457
0.5,43,ae,,1.1352007307191767,1.9606039558217818,0.9879995409136682,,1.8716295912510352,3.232489445382186,0.40230303030303033
0.5,44,ae,,1.468936553510723,1.9780031437644745,0.9859696088821986,,2.421866941082066,3.261175856636213,0.4179216867469878
0.5,45,ae,,1.3811906132957408,2.124603298217741,0.9870029107525002,,2.277198343032043,3.5028786495712376,0.41604938271604947
0.5,46,ae,,1.4568575644439257,2.1498637261497313,0.9871676449490274,,2.401952054879083,3.5445260544096975,0.3281612510414664
0.5,47,ae,,1.3596429292010057,2.2264946745844756,0.9866389439600795,,2.2416722179307267,3.670869129087985,0.3889685514094835
0.5,48,ae,,1.151089979239502,2.3459264232915884,0.9865188262881954,,1.8978265332619357,3.8677787935783146,0.33533380963721526
0.5,49,ae,,1.2802268828130816,1.945380515628323,0.9875077484607481,,2.110737293016048,3.2073902357219994,0.2860950479936596
0.5,50,ae,,1.2668120497382866,1.8467743974746753,0.9859842340010538,,2.088619972382742,3.0448162313009104,0.2872047763557198
0.5,51,ae,,1.4945103327085982,2.552876331798212,0.9863584682173548,,2.4640309748177915,4.20898150970263,0.401738845144357
0.5,52,ae,,1.3174308130309136,2.1320604015144586,0.9841609734438936,,2.172076204119831,3.515173334394344,0.40350405921681
0.5,53,ae,,1.6447794234202022,2.542271214868116,0.9864560235370207,,2.71178282100278,4.191496627841719,0.43529887848306165
0.5,54,ae,,1.3095744441442172,1.7672809604216506,0.9846020422275493,,2.159123241625868,2.9137537107505267,0.3376503237742831
0.5,55,ae,,1.1864887292995574,2.103227927942569,0.9836822753185215,,1.9561892054421466,3.4676366219294703,0.428498727735369
0.5,56,ae,,1.066649345716485,1.6554492025490901,0.9846427362833743,,1.7586074646611434,2.7293743128062498,0.4190409318078559
0.5,57,ae,,1.5038114154939906,2.060978124146486,0.985585725358572,,2.4793658678466106,3.397978471727961,0.5022335025380709
0.5,58,ae,,1.2352154487832168,2.2691934754751553,0.9847415335586454,,2.0365259843062944,3.7412675503498383,0.3728614457831325
0.5,59,ae,,1.6534971615974265,2.3428304648942873,0.9858086385758196,,2.7261559413679644,3.8626744211154813,0.3830530973451328
0.5,60,ae,,0.9921352829381338,1.5194210795331171,0.9859728102225985,,1.6357545443921913,2.5051018529764013,0.3560483870967741
0.5,61,ae,,1.232578015015315,1.9823918572769978,0.9871336618957062,,2.0321775911530917,3.268411621955319,0.31004006961589836
0.5,62,ae,,1.7569066723054887,2.075876282152026,0.9862705636737871,,2.896649401265039,3.422541381725946,0.40858123569794047
0.5,63,ae,,1.1149746631708801,1.4341236126868957,0.987817170565431,,1.838282443461541,2.3644701050501973,0.43658669574700115
0.5,64,ae,,1.5996024826648596,2.7356840056727663,0.9864225687529391,,2.637298637834287,4.51038041006682,0.46465240641711236
0.5,65,ae,,1.2648310790588253,2.2146641382201455,0.986289765405847,,2.085353903886881,3.651363872140323,0.32205673758865244
0.5,66,ae,,1.1795126595349708,1.8658270351234914,0.9880545331631938,,1.9446876108353846,3.0762287202554552,0.3874961794730729
0.5,67,ae,,1.4785176768302348,3.005925162456685,0.9865783016955006,,2.4376635428961464,4.955932753475075,0.452447192168985
0.5,68,ae,,1.316131237464182,2.1981922404022405,0.9831895547978917,,2.1699335662400783,3.6242063038391437,0.42121468926553673
0.5,69,ae,,1.2843306905620642,2.123424500907234,0.9879307727647832,,2.1175033281426594,3.50093514137156,0.3910779220779221
0.5,70,ae,,1.162465871418865,1.8549964926100788,0.9871428431867606,,1.916582208671243,3.05837217444037,0.49642857142857155
0.5,71,ae,,1.7265612379747564,5.3692309033285595,0.9850440745762983,,2.846618238215327,8.85236519761826,0.3953733766233767
0.5,72,ae,,1.3137904348137055,1.9058369902509558,0.9880228184585763,,2.1660742351197264,3.1421939843138635,0.4789518174133559
0.5,73,ae,,1.3252031468437404,1.7650973119627174,0.9886680750272071,,2.18489061620002,2.910153483088552,0.35281548516842637
0.5,74,ae,,1.3062692151013342,2.647924037200748,0.9877171606237248,,2.153673840198331,4.36568868333103,0.5176086956521739
0.5,75,ae,,1.1450010662811634,1.7504092668039242,0.9850956240866311,,1.8877876129520814,2.8859369906102454,0.30163422039649934
0.5,76,ae,,1.20362485939165,1.8208533331664134,0.9868458557015625,,1.9844419076224646,3.002079621216693,0.4575029446407538
0.5,77,ae,,1.2360947789230892,2.585970210592964,0.9864299302797772,,2.0379757546118697,4.26354409160151,0.4140809011776754
0.5,78,ae,,1.4442882264554215,2.4754544004651398,0.9859347541841841,,2.381228719978817,4.081334324695109,0.39836765827612497
0.5,79,ae,,1.205706304656205,1.5504027492988768,0.9874306155194282,,1.9878736307039342,2.5561819909210164,0.4068318318318318
0.5,80,ae,,1.3886392802411291,2.899791259211012,0.9879116369927572,,2.289479118663266,4.780947529651505,0.39852605863192175
0.5,81,ae,,1.1814971690620129,1.917133704958021,0.9868994884578133,,1.947959513904526,3.160819118140433,0.37094551282051275
0.5,82,ae,,1.656141871692055,2.518826080376024,0.9849290825760297,,2.7305163311558136,4.1528421359101815,0.3628226431815665
0.5,83,ae,,1.14092679722024,2.059279115206777,0.9849717884621939,,1.8810702788887816,3.3951772795499533,0.5024337410805301
0.5,84,ae,,1.440640471964987,2.2437536848408417,0.9868663261990012,,2.3752145895601458,3.6993244264088876,0.5111111111111111
0.5,85,ae,,1.3253844069201288,2.8308386893605113,0.9857580210915504,,2.1851894635434905,4.667263961069548,0.2761611702009053
0.5,86,ae,,1.342423879879212,2.065484375012777,0.9857519097928353,,2.2132828050526507,3.405408023382326,0.4057205720572058
0.5,87,ae,,1.0521354956970446,1.6935647167321206,0.9869843203570717,,1.7346781714143407,2.7922161717834846,0.3994733146067416
0.5,88,ae,,1.2617620307021864,2.568905368898706,0.9869063147050103,,2.080293898580483,4.235408924119056,0.5160889929742389
0.5,89,ae,,1.5317900600161358,2.3756250648302593,0.9836457801761805,,2.525494854195629,3.9167435755940194,0.3984134615384616
0.5,90,ae,,1.6102033690983004,3.6231746749360894,0.9882715455969235,,2.6547765447853773,5.973605154029153,0.2726155205572015
0.5,91,ae,,1.5816116261986402,2.7245685495435845,0.9879314110573968,,2.6076367301003183,4.492054121113104,0.4027225786261931
0.5,92,ae,,1.4569279819006395,1.9759354058218812,0.9858768000000001,,2.4020681536377957,3.2577667331080256,0.3679214586255259
0.5,93,ae,,1.5094493998213308,3.0968274014672383,0.9857400056714491,,2.4886613325309703,5.105805208486041,0.408160975609756
0.5,94,ae,,1.3468979129161744,1.9744633045682096,0.9861710966007297,,2.2206592384865056,3.255339648458473,0.4541964285714286
0.5,95,ae,,1.2427064892113602,1.6275077638565085,0.9869803408642029,,2.048876621999849,2.683306668499827,0.4250077279752705
0.5,96,ae,,1.001316385502522,1.725204886129112,0.9871879011839563,,1.6508916234785773,2.8443819920768596,0.4267598475222364
0.5,97,ae,,1.438807544674748,2.5398180373042796,0.9860664391671622,,2.372192603349082,4.187452021811417,0.39153225806451614
0.5,98,ae,,1.205318509170296,1.577431306109041,0.9860787652707099,,1.9872342640376346,2.600744547450261,0.408134092346616
0.5,99,ae,,1.1268942784384037,1.9271408940836603,0.9862157908742768,,1.857934566691669,3.1773181837117934,0.34409852756892234
0.5,100,ae,,1.1284054970857087,2.031110834007258,0.985589956094393,,1.8604261450201593,3.3487356351772433,0.37000366367466564
0.5,1,vae,,0.991080287011037,9.021645437825514,0.9877732046353669,,1.6340151501666846,14.874178730057695,0.29395619628500136
0.5,2,vae,,1.1197535119736852,2.40137949128821,0.9876743299511346,,1.8461614331321856,3.9592054463099253,0.37881291661677247
0.5,3,vae,,1.8943247369006841,6.049163065731741,0.9875758261827073,,3.123213487341582,9.97338381640552,0.3523666210670314
0.5,4,vae,,0.9901163435844337,14.894741176792051,0.987763750024802,,1.6324258761354922,24.557276599750114,0.3539148556117892
0.5,5,vae,,0.8853578220827387,41.47283627490186,0.9875088699454994,,1.459708273448551,68.37714732269457,0.3352567361464159
0.5,6,vae,,1.3256852340948921,2.790136682931002,0.9875926413704904,,2.1856854437053275,4.600157697309042,0.2679689529747986
0.5,7,vae,,1.2621659121591564,3.137160003353307,0.9895635239907548,,2.080959786529431,5.172302427118283,0.40119699522606
0.5,8,vae,,1.177816269531323,2.3508564821395077,0.9886490273339889,,1.9418907365529676,3.875907086466682,0.3937386569872957
0.5,9,vae,,1.4205441101343648,7.814103601978093,0.9885470011055921,,2.3420812903463126,12.883278820035772,0.33742021276595746
0.5,10,vae,,0.8699680567406167,1.914191882442541,0.9878755940069703,,1.4343348399779108,3.1559688727845367,0.19628811061997048
0.5,11,vae,,1.34771480196044,5.7255219617194255,0.9890739066073002,,2.222006060829588,9.439789844147542,0.31804089709762534
0.5,12,vae,,2.049189555242491,71.79780542000226,0.9871257679374243,,3.3785424074248303,118.37456898554667,0.4824207492795388
0.5,13,vae,,0.8112953332884315,3.725851083032928,0.9884492333518773,,1.3375998728123868,6.142889932057498,0.2759420771381898
0.5,14,vae,,0.9559908425103123,2.398750552850912,0.9877664517696241,,1.5761624366412883,3.9548710595889904,0.5000498753117207
0.5,15,vae,,1.2066969031989407,3.774058281815839,0.987992647449424,,1.989506851592067,6.2223701660917525,0.1998571428571429
0.5,16,vae,,1.5505108648848915,9.2263762338928,0.9872691736902528,,2.556360243387373,15.211722748301202,0.47113960504662644
0.5,17,vae,,0.8732292764685626,1.6278128364005857,0.9881244050625457,,1.4397116823118021,2.6838096480923537,0.49103398409255244
0.5,18,vae,,1.2320086349678259,2.803296723695984,0.9871796903805973,,2.031238842157684,4.621854936441549,0.38947715000658506
0.5,19,vae,,0.7919951664173762,1.6867799593937018,0.9877470724946099,,1.305779277164016,2.7810299980430946,0.3311466821885914
0.5,20,vae,,1.2164206171848821,37.53023297067967,0.9888545321511082,,2.005538545670893,61.87689339309083,0.342
0.5,21,vae,,1.1642704963105655,12.962689628193763,0.9884643659004273,,1.9195575321158245,21.371862115486994,0.3497378611855824
0.5,22,vae,,0.9656643975586736,7.540887917405309,0.986849133122709,,1.59211143261281,12.432822309391725,0.33285714285714285
0.5,23,vae,,1.1260445609053444,3.0148805582626155,0.9863728651097944,,1.8565336193208273,4.970697705027852,0.3819103972950127
0.5,24,vae,,1.4680590355890324,9.319789782189822,0.987151067465401,,2.4204201586191543,15.365735652350073,0.4442278403898873
0.5,25,vae,,0.9067313786758937,1.5334682073760384,0.9878297652682373,,1.4949473108341986,2.5282616514432696,0.35346526720615334
0.5,26,vae,,1.248565753800172,17.64490907897268,0.9876259284736285,,2.058536916158083,29.091536918072066,0.33225957049486465
0.5,27,vae,,1.3848019466647972,3.5292450422079162,0.987255481093446,,2.2831524251731956,5.818741370601163,0.2844459532862575
0.5,28,vae,,1.2228641066327275,2.8313690165176704,0.9878516538418947,,2.0161620637810875,4.668138322733986,0.37047361299052767
0.5,29,vae,,1.7056823619029924,4.851598086772578,0.9879187106264896,,2.8121947911274976,7.998932962549994,0.2896817267239803
0.5,30,vae,,2.429598177615779,10.06209480150308,0.9865911627367268,,4.005730194689403,16.589589727039314,0.3822793487574978
0.5,31,vae,,1.2037615491085845,2.624077633727954,0.9871961236176091,,1.98466727086626,4.326372610695738,0.3951857444880701
0.5,32,vae,,0.9879163462889528,8.665541036922113,0.98860092958268,,1.62879869379895,14.287061829698333,0.3491238095238095
0.5,33,vae,,0.8620673707240225,3.670596400598912,0.9869156894021729,,1.421308810889229,6.051790361822755,0.3243686417990363
0.5,34,vae,,1.1683333162659395,3.481431671861583,0.9883815687359289,,1.9262559897952745,5.739910449887301,0.36700029788501637
0.5,35,vae,,1.3593417502028198,2.8087030575797267,0.9875435121639177,,2.241175657710129,4.630768474112182,0.48942552109811893
0.5,36,vae,,0.986392416043736,1.4493312477291604,0.9882194816000001,,1.6262861575885978,2.389543256421424,0.44044776119402984
0.5,37,vae,,1.037803731699425,2.234051389427315,0.9876982904735571,,1.711049087264811,3.683328045585989,0.3302739726027398
0.5,38,vae,,1.0032080901040314,1.7613730938279994,0.9888230400921603,,1.6540105170929675,2.9040132854331153,0.3550594402321444
0.5,39,vae,,1.1792403600104482,2.3237715234851892,0.9891154539067549,,1.944238664817303,3.8312515390172743,0.3858826610790989
0.5,40,vae,,0.9247913742262359,1.971412819645232,0.9879245010004002,,1.5247232096467975,3.2503102490800098,0.23017858989320064
0.5,41,vae,,1.1057009966867521,2.3749782536569946,0.9872284320357687,,1.8229927522717804,3.9156771642545314,0.24754207436399217
0.5,42,vae,,1.578957914093574,17.51932609266266,0.9880441024000002,,2.6032614985063813,28.88448557730469,0.4538318670576735
0.5,43,vae,,0.9386700558065075,1.188576626267873,0.9877325217045548,,1.5476052871774653,1.9596315655848389,0.1939299824639243
0.5,44,vae,,1.2852851608335485,1.6465083985547642,0.9877011973150651,,2.1190769835815066,2.714633419083644,0.3745840158634365
0.5,45,vae,,0.7577791752899321,1.5457233510781057,0.9879019600688543,,1.249366644794112,2.548466967540355,0.36544342507645255
0.5,46,vae,,1.2126770794424533,3.7750779169977715,0.9886354541176425,,1.999366495367282,6.224051260304559,0.40230871386249883
0.5,47,vae,,1.1259564357535898,1.3910346398929199,0.9882576662910396,,1.8563883255086457,2.29342839907215,0.4218076285240465
0.5,48,vae,,1.6799852167009148,17.343008229527985,0.9874114237732448,,2.7698273612365627,28.59378656595016,0.27981246832235174
0.5,49,vae,,1.091491260206555,1.404506231517515,0.9879762193335596,,1.7995648574858354,2.3156392987338057,0.2433075933075933
0.5,50,vae,,0.9490544425711943,2.2269688575698483,0.988560553702984,,1.5647262465195813,3.671650924662173,0.2624942623703296
0.5,51,vae,,1.047364284475821,2.432601101504856,0.9876367340218775,,1.7268117739869062,4.010681179179618,0.38589743589743586
0.5,52,vae,,1.0815136986737492,1.2535846567687097,0.9878832219328878,,1.7831146395569795,2.066811688237891,0.46756728507969686
0.5,53,vae,,1.1233689281003012,20.5850470744883,0.9890715360875864,,1.8521222466025695,33.93900497007231,0.40384233025151606
0.5,54,vae,,0.8972083725845719,1.3247579965481333,0.9869221948183662,,1.4792465281304294,2.1841566874389944,0.3833915159208717
0.5,55,vae,,0.8921189019540574,1.6638167279689806,0.9872195201424219,,1.4708554096452966,2.7431700299491473,0.35391986062717773
0.5,56,vae,,0.974162545504641,3.9028143092335688,0.9871921552401255,,1.606122509892883,6.434652967226213,0.3180204087215824
0.5,57,vae,,1.1497195902542292,3.7176900321624773,0.9874734555443974,,1.8955671437927837,6.12943463389612,0.24743450767841013
0.5,58,vae,,1.1244953787267118,3.397610790699557,0.9875821164131388,,1.8539794497107263,5.601713180186641,0.4742714404662781
0.5,59,vae,,0.8775172261980042,1.5733910030979632,0.9878261078381149,,1.4467813162384253,2.594083213935823,0.37960398846935395
0.5,60,vae,,0.8338640044905039,4.005657008226828,0.9877575153648098,,1.374809321074681,6.604211912592611,0.4110873058382432
0.5,61,vae,,0.9947357065275454,1.5013894586837946,0.9878874218796918,,1.6400419180768844,2.4753727361369235,0.40224089635854343
0.5,62,vae,,1.0361419610541625,1.5241307683810834,0.987299816187765,,1.7083092906549413,2.5128668171584225,0.30185612952022733
0.5,63,vae,,1.0945678565997239,3.6140665782824817,0.9879698596924998,,1.8046373074006126,5.9585884413407575,0.417389896373057
0.5,64,vae,,2.0074335042589397,5.1999438082783405,0.9876631416790309,,3.3096983179878103,8.57325796315393,0.3918216918216918
0.5,65,vae,,1.1194630745363332,2.915809944069233,0.9877783632413104,,1.8456825827514156,4.807357876105895,0.31165465705898054
0.5,66,vae,,1.2521571433348064,2.163270495707567,0.9877482245360832,,2.0644581164752047,3.566630080551076,0.34475461679615815
0.5,67,vae,,1.0944173091168834,150.28194238392368,0.9878637345184322,,1.804389096563403,247.7730350105061,0.2839033648333399
0.5,68,vae,,1.2514252861592345,5.863128316648657,0.9869081781154136,,2.0632514879827246,9.666664368502877,0.3573173114497851
0.5,69,vae,,1.7272076410973705,144.16583914963326,0.9882324325561248,,2.8476839767930278,237.68928551433362,0.459963768115942
0.5,70,vae,,1.0129088857104838,7.474566853231124,0.988230204301008,,1.6700044251520396,12.323477360192278,0.3893681572351932
0.5,71,vae,,0.9598085936161734,1.6247767358078522,0.9875925967703871,,1.5824568440957605,2.6788039644651285,0.3431378357030016
0.5,72,vae,,1.050097411450516,1.7693920170784667,0.9877149664200984,,1.73131793856561,2.9172342547642724,0.4038545669524091
0.5,73,vae,,1.1083896244781508,2.734733215525345,0.9887700019204916,,1.8274255501004546,4.508812822126794,0.35744438106103826
0.5,74,vae,,3.2019917599265737,12.818096511233719,0.9880917884599139,,5.27919192319748,21.133468367958137,0.3581404606198465
0.5,75,vae,,1.4220917098294232,3.6199251937893826,0.9873617584308394,,2.3446328508820846,5.9682476653438385,0.46712393288195475
0.5,76,vae,,0.9783276160232693,2.76415520444254,0.9874833662296701,,1.6129895502509117,4.557321481080877,0.4567910522620123
0.5,77,vae,,1.2505429802520636,2.1767361577262605,0.9875789761394507,,2.0617968114663077,3.5888312039453547,0.42102318145483614
0.5,78,vae,,0.960830487020763,1.7040011462750377,0.988239772261088,,1.5841416614882955,2.8094229351610553,0.44817119155354446
0.5,79,vae,,0.9365306112422795,2.373654852283468,0.9879139337145233,,1.5440779394169388,3.9134952442603246,0.40623136553369105
0.5,80,vae,,0.9163269423950187,3.3599787864711663,0.9885664667357119,,1.5107677208422783,5.539668494356216,0.30964180224108023
0.5,81,vae,,1.0209257416405273,1.470956421423001,0.9877081424892408,,1.683221986048041,2.4251971402730437,0.4345949535192563
0.5,82,vae,,1.1420055013230015,3.164639955428934,0.9869854222628421,,1.8828487612877958,5.217609208623189,0.3625536480686695
0.5,83,vae,,1.3053787115079947,2.3621808658664865,0.9878971150604116,,2.152205647982357,3.894577838794923,0.45559779276517476
0.5,84,vae,,0.8438735792570111,5.268724179430094,0.9875995909523735,,1.3913123199028847,8.686657624078475,0.3081168522219051
0.5,85,vae,,0.9316455953115748,1.6330833623543635,0.988541397899613,,1.536023909744277,2.692499276340124,0.43111756168359944
0.5,86,vae,,1.1104007749821219,2.8246210950442094,0.9877917176817814,,1.830741376714931,4.6570128810676765,0.3377758420441347
0.5,87,vae,,1.4998335722050413,4.016236657661798,0.9877373438607757,,2.472807513004608,6.621654805652595,0.31179112137541687
0.5,88,vae,,1.0300177320149497,4.1696875147840515,0.9882969837275174,,1.698212143971352,6.874652497797221,0.34121673003802283
0.5,89,vae,,1.4066238572479037,5.137923844463444,0.9875922696157995,,2.3191306733188797,8.471004329604257,0.4757224191642496
0.5,90,vae,,1.2093067886457098,2.6687106270871936,0.9885860258995827,,1.9938098252422463,4.399959976222134,0.3222118380062306
0.5,91,vae,,1.0077600321721916,3.8794210408635323,0.988941476504568,,1.6615154008037376,6.396083988073337,0.2571858366118954
0.5,92,vae,,0.9385733925418702,2.3474442526902304,0.9878398016000001,,1.5474459163969625,3.870281271193149,0.3557748496132914
0.5,93,vae,,1.9630171458465788,10.342883314114456,0.9875647207707536,,3.2364681231063104,17.05253172034994,0.2711394357919482
0.5,94,vae,,1.081644316223565,7.755969184730759,0.9886008642212404,,1.7833299914896874,12.787431369760334,0.3613091899687525
0.5,95,vae,,1.124148602393463,11.09953916885273,0.9876353082099475,,1.8534077121939236,18.300046322656716,0.4633730041082547
0.5,96,vae,,0.8792604685018246,3.7526561186543668,0.9881962617315929,,1.4496554369047183,6.187083964448439,0.30784022898776997
0.5,97,vae,,1.115357881869777,2.5892237851355695,0.9876452712053799,,1.8389142642817422,4.268908329155712,0.3453871004094511
0.5,98,vae,,0.9195248413604433,2.0230648070217896,0.9871601136704825,,1.5160401648881239,3.335469979341674,0.382955383480826
0.5,99,vae,,0.8752948985986464,1.2289933003114955,0.9882197003742077,,1.4431173174549001,2.026267395771513,0.34592480698220884
0.5,100,vae,,1.363810931711582,7.959155180737697,0.9885012717602035,,2.248544092326245,13.122428443285363,0.3723567269384002
0.5,1,contrastive,,1.69937263386448,4.9135128190540724,0.9815798360740987,,2.801791808298069,8.1010130986322,0.478299230336024
0.5,2,contrastive,,1.4430048292317852,2.1071653160591604,0.9873127441426583,,2.3791127556774505,3.4741282774682958,0.44446526736631686
0.5,3,contrastive,,1.5380894244816463,6.197009917785848,0.9846715581433935,,2.535880750381809,10.21714206619318,0.3980996884735203
0.5,4,contrastive,,1.984838363765616,11.073082444109396,0.9883222764770905,,3.2724452292420096,18.256426557819324,0.5401345291479821
0.5,5,contrastive,,1.127501886272872,2.319911727564391,0.9865503989415118,,1.8589363426526009,3.8248878113820917,0.417082841633231
0.5,6,contrastive,,1.2629075051763556,1.8335566353747563,0.9860369795295263,,2.0821824667110898,3.02302382577572,0.5381184668989547
0.5,7,contrastive,,2.0103356761208704,15.87345508855473,0.9877102867446144,,3.3144831904678025,26.17090304400337,0.5114285714285716
0.5,8,contrastive,,0.9941395801771178,1.360325330355806,0.9841581792019991,,1.6390590718829097,2.242797307229796,0.49497435897435904
0.5,9,contrastive,,1.2736525780232628,2.159272397818718,0.9757442836666219,,2.099898096869008,3.5600383315193893,0.36034528907922914
0.5,10,contrastive,,2.0972799829588795,12.647881164619678,0.9770045769370587,,3.457830118517907,20.852830705395974,0.4541396761133603
0.5,11,contrastive,,1.6863161088172736,5.420913510492895,0.9868527211857416,,2.780265237731311,8.937575411375338,0.384502772002772
0.5,12,contrastive,,1.1777796354167802,2.561617690250868,0.9861565584112553,,1.9418303371090877,4.223393573318338,0.5976190476190476
0.5,13,contrastive,,1.6308988224638044,5.696165044135883,0.9888634414181504,,2.6888975789558662,9.391388469685365,0.3825771031810108
0.5,14,contrastive,,1.160460300472059,1.4990043525395955,0.9839249394986973,,1.9132755811913458,2.4714403609041047,0.608079800498753
0.5,15,contrastive,,0.9144867972823458,1.3605581950743402,0.9796023235288659,,1.5077338344538398,2.243181236244439,0.492443729903537
0.5,16,contrastive,,1.6858314438894804,5.705630457689229,0.9858690464856734,,2.779466160355696,9.40699429834674,0.45652173913043476
0.5,17,contrastive,,2.1094688819790286,7.299377371402511,0.9882628242429132,,3.477926215598843,12.03463873509851,0.42927530484782406
0.5,18,contrastive,,1.3388124472290674,5.173846429012534,0.9871219632102913,,2.2073285592246563,8.530230658848867,0.4487338748208313
0.5,19,contrastive,,1.542856677442861,7.039977858554415,0.9867493405762606,,2.5437406217417715,11.606961240656602,0.41821128451380557
0.5,20,contrastive,,1.1618544526646974,1.5733051997894332,0.9837473681919471,,1.9155741495659417,2.5939417481959532,0.6361445783132529
0.5,21,contrastive,,1.5304610767298006,3.1999232138739875,0.9840754181291266,,2.5233037311830433,5.275781467321159,0.5073317865429233
0.5,22,contrastive,,2.1084556112604558,9.0486793848825,0.9731570630300114,,3.476255614612154,14.918750173601529,0.3100211503977195
0.5,23,contrastive,,1.3084758881093796,3.911025968192852,0.9853495274024561,,2.157312028924175,6.448191704020118,0.523529411764706
0.5,24,contrastive,,1.272964450130228,2.299291606678385,0.9846124607947266,,2.0987635657747994,3.7908909794729264,0.6055555555555555
0.5,25,contrastive,,1.8017705687535293,5.525873824016593,0.9853997058032415,,2.9706174616254115,9.110625712861214,0.38611827648801
0.5,26,contrastive,,1.5464677860576366,4.005745259298483,0.9887814576169919,,2.5496943333257605,6.604357414011609,0.42384812286689416
0.5,27,contrastive,,1.6731919286389607,3.2002177064599278,0.9852379862044822,,2.7586271227108257,5.276267003511662,0.5151741293532337
0.5,28,contrastive,,1.5822759388904943,5.930148476537562,0.981937939241242,,2.608731996565774,9.777161931677439,0.38850004069341587
0.5,29,contrastive,,1.0275907313068768,1.423304415604821,0.9846040948690696,,1.694210696279948,2.3466322646890836,0.49442307692307697
0.5,30,contrastive,,1.4297436970759472,5.639121356418924,0.987405384944722,,2.357248845018555,9.297339328387238,0.4070147679324895
0.5,31,contrastive,,1.4836699189218852,4.236447898133297,0.9875260526042525,,2.4461581540244466,6.984721761865216,0.6156548536209552
0.5,32,contrastive,,1.427422316443571,2.537094613823175,0.9861063440409596,,2.353421535392565,4.182961855588997,0.505033824114604
0.5,33,contrastive,,2.246340662999129,12.993013931953517,0.9873277832893413,,3.7035896323252926,21.42185844011487,0.6015530303030303
0.5,34,contrastive,,1.0752732618701553,1.7004320100337524,0.9854592192178346,,1.7728258986604342,2.8035384243220216,0.5467991169977926
0.5,35,contrastive,,1.0745068914628257,2.345273522124778,0.9838764310385462,,1.771562367468635,3.866702341536929,0.628185654008439
0.5,36,contrastive,,1.461315425900108,4.151008719541911,0.9871391232000002,,2.409301825883725,6.843856370770452,0.46224279835390936
0.5,37,contrastive,,1.6819304310280978,4.555452242364814,0.9834990181168326,,2.7730344774738596,7.510671009645464,0.34203527303593323
0.5,38,contrastive,,1.4908338349171197,4.976707597800581,0.9892563794255176,,2.4579694547072988,8.205203674548756,0.3485675025764342
0.5,39,contrastive,,2.2152695646781586,9.287727352171476,0.9845376649709783,,3.6523620516194937,15.312873641988492,0.3656295015845578
0.5,40,contrastive,,1.3875271758441798,1.9656354705228236,0.9886768659463785,,2.2876455684887764,3.2407850106936342,0.4486702127659575
0.5,41,contrastive,,1.4836865362217548,4.065631401247577,0.9871938078363333,,2.4461855513202035,6.703092970063248,0.5509929078014184
0.5,42,contrastive,,0.9843676656390554,2.111037052783391,0.9812075776,,1.6229479085285423,3.480511692160086,0.47651877859346736
0.5,43,contrastive,,2.019334944673457,8.399318838916919,0.9863715580330423,,3.329320475951195,13.848135629114628,0.5280274442538593
0.5,44,contrastive,,1.212840605032882,2.313940885545388,0.9824464638629475,,1.9996361034865253,3.8150435571413714,0.4957805907172995
0.5,45,contrastive,,2.1416145456463043,7.596139329392222,0.979315880340994,,3.5309254550478526,12.523916487570764,0.4601357229859057
0.5,46,contrastive,,1.7614292979645312,3.7605321848081803,0.9740132383740997,,2.9041059503885167,6.200069402245672,0.5321032504780115
0.5,47,contrastive,,1.3831920023847895,3.833132730014727,0.9882086166204078,,2.280498075794105,6.319767465392132,0.5955851063829786
0.5,48,contrastive,,2.998448250089808,8.799153723781696,0.968266235561563,,4.943605409016644,14.507351908559123,0.5113343328335832
0.5,49,contrastive,,1.1819032621895331,2.4387886802104375,0.9860315896876631,,1.9486290482817537,4.020882771805641,0.3622457525723858
0.5,50,contrastive,,1.458409700317314,3.043835651369107,0.9714037621348152,,2.404511094308555,5.0184365829276265,0.4743842923618204
0.5,51,contrastive,,1.073760460847111,1.382109984337371,0.983540144566423,,1.770331711435404,2.2787141296240447,0.4848911651728553
0.5,52,contrastive,,1.4820662777089422,2.8117165998470175,0.9784822499289996,,2.4435141966460963,4.635736965348419,0.37380838731674065
0.5,53,contrastive,,1.7282382747279854,4.298836283898999,0.9840078315925971,,2.8493832043821214,7.087582820521775,0.3768510638297872
0.5,54,contrastive,,1.711714248215202,4.389225387026532,0.9876127207675128,,2.8221396903928824,7.236609257487646,0.44228947368421057
0.5,55,contrastive,,1.5318318356769072,3.030840144955576,0.9867509389084927,,2.5255637306161405,4.997010615080118,0.4628912919749573
0.5,56,contrastive,,1.2033357169013816,2.8306119262981175,0.9849335451134333,,1.9839651922484958,4.66689009198517,0.32810407140848447
0.5,57,contrastive,,1.1165293972877346,1.4896095945925627,0.9802119652145862,,1.840845766670282,2.455951023643753,0.5996197718631179
0.5,58,contrastive,,1.649087318031769,6.887997970634646,0.9883878829420615,,2.7188853384808045,11.356388766724658,0.39552162849872785
0.5,59,contrastive,,1.2320184961399225,1.6097852197347189,0.9862104764344262,,2.031255100481874,2.654087133035311,0.4362525879917184
0.5,60,contrastive,,1.4546965801799445,4.2890650799029455,0.975731766868331,,2.398389194157409,7.071472828653132,0.3860335195530726
0.5,61,contrastive,,1.4018653040311437,2.3468055605313682,0.9870181787608847,,2.311285145412649,3.8692282458454037,0.48583033538354403
0.5,62,contrastive,,1.8963636940005757,6.314584424424063,0.9768837874024616,,3.1265751592822184,10.410989656179678,0.35448916408668724
0.5,63,contrastive,,1.2436738173363326,1.982346217305313,0.9857974659033172,,2.0504714764552374,3.268336374363208,0.4323643410852712
0.5,64,contrastive,,2.1053832149160248,5.926813753239854,0.9872326743041665,,3.4711900894070693,9.771663902444608,0.3599534026874729
0.5,65,contrastive,,1.5410345308113087,5.656625195657974,0.9880042287783826,,2.5407364098319967,9.326198280459577,0.3783041958041958
0.5,66,contrastive,,1.3599613020707761,2.582584049033013,0.9869872563412282,,2.242197126053131,4.257961255011591,0.48813317787278143
0.5,67,contrastive,,2.312028938651424,5.462137566906894,0.9755345004760358,,3.8118912896288446,9.00554239004964,0.4653789248725958
0.5,68,contrastive,,1.9127524309017423,9.441323262321466,0.9886323617979142,,3.15359561841108,15.566110486145327,0.4185801928133216
0.5,69,contrastive,,1.9235279136583399,5.174422965937588,0.9892686871945491,,3.1713613860339445,8.531181207540547,0.5275000000000001
0.5,70,contrastive,,1.2753393656975118,2.8980693182122153,0.984100526723671,,2.102679139586697,4.778108528899898,0.511904761904762
0.5,71,contrastive,,1.1451118342630522,2.184473970799044,0.9870783675134701,,1.887970238479934,3.6015887009471546,0.5241860465116279
0.5,72,contrastive,,0.9910926189284781,1.813703821760475,0.9832149331346447,,1.6340354820612784,2.990292069686609,0.44910457963089545
0.5,73,contrastive,,1.3213658324586368,1.6986813876429065,0.9873564368478331,,2.1785639543509365,2.80065213594927,0.3923513744409267
0.5,74,contrastive,,2.234902538857294,26.293712935947084,0.9862177660699246,,3.6847313537557405,43.351003803179076,0.3715496368038741
0.5,75,contrastive,,1.3081066305837266,1.5669268350088796,0.9863209387208258,,2.1567032261872647,2.58342560250997,0.3907777777777778
0.5,76,contrastive,,1.3669693306913582,3.989628485728643,0.9870477457689166,,2.2537514119055597,6.5777853466119565,0.5763322884012538
0.5,77,contrastive,,1.2710415476030241,2.301644483904867,0.9838838811350852,,2.0955932354767155,3.794770218203573,0.3791557876414274
0.5,78,contrastive,,1.2239407613395719,2.608879984988711,0.9893537498775992,,2.017937167297461,4.301315923954719,0.537344064386318
0.5,79,contrastive,,1.4041327078647783,2.3095004335671048,0.9713299493035743,,2.3150234623424293,3.807722489513254,0.3569309927360774
0.5,80,contrastive,,1.218598608588154,3.131474405095832,0.9817496185194505,,2.0091294464248692,5.162928460334528,0.36584593961643147
0.5,81,contrastive,,2.2997964288347545,7.857407941763625,0.9879105124447953,,3.7917232905000535,12.954675606153803,0.5893229166666666
0.5,82,contrastive,,1.473583943720008,4.492424360038411,0.9845229706403593,,2.4295291921733577,7.40675559940674,0.5005012531328321
0.5,83,contrastive,,2.047411978939859,9.49054523915716,0.9871905488187864,,3.375611679564388,15.647263806340247,0.5088524590163934
0.5,84,contrastive,,1.2086966833727308,1.6620607118810424,0.9866786481587178,,1.9928039317013193,2.740274848873272,0.4849872773536895
0.5,85,contrastive,,1.5009311381527375,4.060950427027618,0.9885642523325234,,2.474617093328571,6.695375348299202,0.5016643788606726
0.5,86,contrastive,,1.3694178029127577,3.5918499703592266,0.9883876457745389,,2.2577882601376995,5.921959447294882,0.3642539300434037
0.5,87,contrastive,,0.9757147313999407,1.3628498231537651,0.9837327556648044,,1.6086816317945445,2.2469594922035205,0.3982457099136518
0.5,88,contrastive,,2.087574854208596,10.940500355432327,0.9882184941149591,,3.441829066312431,18.03783564810359,0.41055184960582175
0.5,89,contrastive,,1.1654848552359476,2.0496328788451956,0.9837754872295617,,1.9215596715063665,3.3792733244784126,0.4750360750360752
0.5,90,contrastive,,1.3481200806655727,1.9334457356837789,0.9891315773809713,,2.222674252451302,3.187713110166304,0.549780701754386
0.5,91,contrastive,,1.3453003698957828,2.5039029359643,0.9802044968044574,,2.2180253353279276,4.1282380302928425,0.4396135265700483
0.5,92,contrastive,,1.5512226193649328,4.079185307371767,0.9887967552,,2.557533728138133,6.725439583391273,0.5818181818181818
0.5,93,contrastive,,1.2029770491575076,2.277876548730214,0.9826433625163311,,1.9833738491100565,3.7555835179205013,0.33034254143646413
0.5,94,contrastive,,1.0968216591761557,2.458069587231538,0.984594641828308,,1.8083531996483342,4.052671613329721,0.5405498281786942
0.5,95,contrastive,,1.146159411635681,2.221132866803602,0.9871466307633111,,1.8896974015768913,3.6620290025502533,0.5530428769017981
0.5,96,contrastive,,0.9967282066769414,1.4077284219849262,0.9850024938110761,,1.6433269954550669,2.320951792695674,0.4863926940639269
0.5,97,contrastive,,1.3851150106568495,1.6135413527351998,0.9859068926455211,,2.2836685804359824,2.6602799494087823,0.5585152838427947
0.5,98,contrastive,,1.2744103078746503,3.147056147036005,0.9862039654071963,,2.101147382192435,5.188618409705851,0.4828470380194518
0.5,99,contrastive,,1.4429426250065072,3.089994864542263,0.9837653441303589,,2.379010198248107,5.09454025952499,0.44125406466654393
0.5,100,contrastive,,1.6423008854849177,3.2609579643835995,0.989117931058869,,2.707696402788639,5.376410758738231,0.35469798657718116
0.5,1,balanced,,4.322831225848018,9.279924968618166,0.6190072186598717,,7.127143791702338,15.30000968626199,0.4700000000000001
0.5,2,balanced,,4.7483051856130825,10.27942903814885,0.5857198688637184,,7.828631759296009,16.94791330584857,0.5351136363636364
0.5,3,balanced,,4.1492593477369155,6.7395416134495045,0.5434050265291438,,6.8409721442651925,11.11162561286286,0.38732673267326734
0.5,4,balanced,,4.538045420744335,8.890446256212938,0.6174812961515741,,7.481972012584498,14.657867848634593,0.3434625322997416
0.5,5,balanced,,4.337896124217883,12.573799861189244,0.6140751052463381,,7.151981610085668,20.730691284669025,0.3910613149470573
0.5,6,balanced,,4.587221620220872,12.988977529109794,0.6129540534797788,,7.563049858673658,21.41520353688931,0.371336888728193
0.5,7,balanced,,4.005316527820053,8.20411419255978,0.5239274583938999,,6.603650555303703,13.526297576526117,0.4088582995951417
0.5,8,balanced,,4.485796379362046,6.795924384047865,0.6070710885973536,,7.395827906683827,11.204585086049383,0.4306408544726302
0.5,9,balanced,,4.178252439817054,12.362684359290924,0.534544309785994,,6.888773671881085,20.382620666114732,0.5613162118780097
0.5,10,balanced,,4.07249166890656,8.303296075092302,0.5869596367391361,,6.714403639275309,13.689820855925566,0.34925702811244974
0.5,11,balanced,,4.086804502480299,7.315460134455362,0.5129117522635215,,6.738001512432324,12.061154728635376,0.37363636363636366
0.5,12,balanced,,4.285961140589007,5.926580523734089,0.5532554337354103,,7.066355297883278,9.7712793719975,0.4729924242424242
0.5,13,balanced,,4.4203617347798865,7.505188046786698,0.6381776637084262,,7.287944416320517,12.373963173341577,0.37888198757763975
0.5,14,balanced,,4.379547726954687,7.627901511535038,0.5807295553764347,,7.22065349347659,12.576283472873476,0.46319702602230484
0.5,15,balanced,,4.050290854089764,7.320355434936643,0.5263537224527362,,6.677800683659983,12.069225714665333,0.36411750570707674
0.5,16,balanced,,4.292026444225186,10.599006540271567,0.6122426359348937,,7.076355293001502,17.47480753123551,0.42516194331983803
0.5,17,balanced,,4.079246049602422,12.491922175901657,0.5270801125892126,,6.7255397303989835,20.59569780333969,0.44128142741281423
0.5,18,balanced,,4.68417223481362,10.33148235542436,0.5930721122331927,,7.722894399160172,17.033734717251203,0.46828828828828833
0.5,19,balanced,,4.016898743256479,9.574633777545221,0.5541694669008085,,6.62274640025557,15.785902368202727,0.37615568862275445
0.5,20,balanced,,4.480906626932421,8.5948912072786,0.5904532183115587,,7.387766067844646,14.170579952793734,0.43650313880492897
0.5,21,balanced,,4.203689437754482,9.264426830627839,0.526891815088746,,6.930712191443277,15.27445757650109,0.40465301478953347
0.5,22,balanced,,4.510616517074264,8.62991049478782,0.6316264820878859,,7.436749395671667,14.228316996994947,0.41741727941176465
0.5,23,balanced,,4.17385489268523,7.13048281249203,0.5030682190966314,,6.8815233423859405,11.756178683317284,0.4397435897435897
0.5,24,balanced,,4.094561132884487,9.889303070710943,0.6051636618093422,,6.750790033968668,16.304704325081225,0.4611671087533156
0.5,25,balanced,,4.332815436645936,13.549579038014588,0.5626923243704076,,7.1436049724160195,22.339479169007234,0.32558276853563356
0.5,26,balanced,,4.159481787395685,10.577352133172159,0.5241256526976998,,6.857826097969054,17.439105449646313,0.38711619506321504
0.5,27,balanced,,4.180406396282271,8.087704794528552,0.5890128807556062,,6.892324945721449,13.334370925882633,0.5812021857923496
0.5,28,balanced,,4.545917529553248,9.157136210231817,0.6338350645335361,,7.494950925823018,15.097565248507557,0.45726495726495725
0.5,29,balanced,,4.582864607049612,7.146293602894293,0.5864014621629496,,7.555866358381481,11.782246269760076,0.518843120070114
0.5,30,balanced,,3.63344804964697,9.472924775711444,0.5765410585029549,,5.990543085436855,15.6182125734577,0.46071428571428585
0.5,31,balanced,,4.080793331223813,10.51955757085229,0.5760413673643201,,6.728090766519934,17.34381832541874,0.3977417027417028
0.5,32,balanced,,4.429001544178412,7.948184058932253,0.6374985274753655,,7.302189053850662,13.104340121401288,0.36850809289232933
0.5,33,balanced,,4.460716666627134,11.750472311393853,0.6108383752269952,,7.354478450834728,19.373253640567945,0.43194444444444446
0.5,34,balanced,,4.284632896169901,9.036071202555549,0.5684815228889248,,7.064165393056809,14.897962795214221,0.6264797507788161
0.5,35,balanced,,4.1958648515574195,8.660957396581642,0.5775690660950965,,6.917811629745753,14.279504684371759,0.40183333333333326
0.5,36,balanced,,4.1644900260660505,12.823667795637034,0.6037864064,,6.866083287593629,21.142653863059003,0.4124657534246576
0.5,37,balanced,,4.4099137539470625,8.688627139889158,0.5953130824730655,,7.2707186080855735,14.325124378717675,0.3613979627678258
0.5,38,balanced,,4.271600565200271,8.395896052627373,0.5519736830947324,,7.042678711780376,13.842492408553992,0.5294183445190157
0.5,39,balanced,,4.460784940950055,8.31522715925989,0.6040716185552684,,7.354591016163171,13.709491888175183,0.5427631578947368
0.5,40,balanced,,4.358541152473961,9.30099991022206,0.6248946298519408,,7.186019507305671,15.334756390763093,0.39600507292327203
0.5,41,balanced,,4.13495433236107,10.250337366824697,0.5829880044109054,,6.817387161137343,16.89994924853622,0.409480122324159
0.5,42,balanced,,4.365658618376519,10.691329565339805,0.5909885631999999,,7.1977542247327,17.62702246644089,0.34922340529451984
0.5,43,balanced,,4.190444028077403,6.370740885428377,0.5490065727140406,,6.908874202769539,10.503576007924734,0.44079365079365085
0.5,44,balanced,,4.092601055803528,11.022378704632981,0.5670959797657081,,6.7475584131930795,18.17283022404052,0.36958410107923134
0.5,45,balanced,,4.605877943538263,13.246544387755796,0.6296044846201265,,7.593808935760098,21.839859495366387,0.425721629102412
0.5,46,balanced,,4.4350785386236975,7.897500132228127,0.6081488437824173,,7.312208323854531,13.020776453361588,0.5154761904761905
0.5,47,balanced,,4.388100873370167,13.606024293431911,0.629378563905132,,7.2347552479032045,22.432541662243874,0.3850794269564371
0.5,48,balanced,,4.228244276385555,8.524966244249182,0.5621656311440157,,6.971196276192936,14.05529317889421,0.43630303030303025
0.5,49,balanced,,4.046658392038976,8.560938847345165,0.5616528321582042,,6.671811766211839,14.11460197478101,0.4211517165005537
0.5,50,balanced,,4.159015698319193,7.804786486878039,0.5331675006572767,,6.8570576469946,12.86791749418875,0.446096837944664
0.5,51,balanced,,4.37537917596752,8.836076239184079,0.6335665077706413,,7.21378071479605,14.568226845070786,0.4043239875389408
0.5,52,balanced,,4.347391067929037,7.432188792496007,0.6328358241432966,,7.167636125746348,12.253607750047268,0.36832675871137416
0.5,53,balanced,,4.081443837973833,8.994593426628187,0.5279749179102078,,6.729163270835426,14.829577503781445,0.41907407407407404
0.5,54,balanced,,4.381530586689219,9.352670238704519,0.6108196378081013,,7.223922676497726,15.419946360396187,0.3650674662668666
0.5,55,balanced,,4.898244939629496,10.114530824987328,0.6356383625519106,,8.075840621066416,16.676042114308725,0.3799931129476585
0.5,56,balanced,,4.420472229505857,6.367257987265883,0.6472756672569182,,7.2881265913255255,10.497833679640546,0.45957817337461304
0.5,57,balanced,,4.393212202759881,8.392926706017276,0.6015333987463989,,7.243182405389581,13.837596783637846,0.4629464285714285
0.5,58,balanced,,4.545966372594625,11.572966026722781,0.5621419651427144,,7.495031454384263,19.0805952533478,0.5013300492610837
0.5,59,balanced,,4.355546328276695,10.881581343516212,0.5566719134221312,,7.181081876949631,17.940694619908857,0.40101574403250384
0.5,60,balanced,,3.948273380312316,10.103367072757289,0.5814656713380297,,6.509602304660012,16.657636198546232,0.45190999476713767
0.5,61,balanced,,3.9440100942596863,7.687508446380282,0.5765399355419878,,6.502573334261962,12.674558694234067,0.43525179856115104
0.5,62,balanced,,4.407014928146381,8.941788398116019,0.538717666455035,,7.265939252327936,14.742516730073506,0.4828125000000001
0.5,63,balanced,,4.231536129586688,6.980853731971947,0.5375115154570296,,6.976623624585667,11.50948203554852,0.46448504983388694
0.5,64,balanced,,4.592075017620255,10.560083544679344,0.60508903189801,,7.571051758201181,17.410634360483243,0.372326888797477
0.5,65,balanced,,4.422760497714521,8.290250209281998,0.6168626170262573,,7.291899307794218,13.66831185946942,0.44298642533936644
0.5,66,balanced,,4.114503942128867,8.82925174511898,0.5691409626746563,,6.783670167767393,14.556975156543887,0.44097222222222215
0.5,67,balanced,,4.528790269149352,6.434393212342809,0.5574112355982952,,7.466712847286294,10.608520953238116,0.4272321428571429
0.5,68,balanced,,4.01084166760434,7.94559764219776,0.529965585018672,,6.612759970789649,13.100075841116233,0.45247747747747746
0.5,69,balanced,,4.537050828022592,7.468486979246278,0.6091678640277836,,7.480332206408476,12.313453342630286,0.5467000835421887
0.5,70,balanced,,4.267899264573249,7.287566002799818,0.5395172796721882,,7.036576298707351,12.01516508044717,0.3862495581477553
0.5,71,balanced,,4.38588604833101,9.704480994188971,0.6165221652886612,,7.231103618750266,15.999984236224485,0.41531791907514465
0.5,72,balanced,,4.3496234926156925,5.850052444997098,0.5277888089184533,,7.171316771812474,9.645105900778006,0.4835483870967742
0.5,73,balanced,,4.22263016225108,7.493541482446934,0.5306771013379425,,6.961940166803289,12.354761234984032,0.4185942028985507
0.5,74,balanced,,4.108460680774631,8.579180950058134,0.5858448278510372,,6.773706514228263,14.14467811754618,0.44979195561719837
0.5,75,balanced,,4.410245818480702,7.482822316858094,0.6130633057890387,,7.27126608994543,12.337088318673555,0.4288812785388128
0.5,76,balanced,,4.636724726945104,6.932042617404556,0.6353558116435112,,7.644666683695637,11.429006112714681,0.4165641025641026
0.5,77,balanced,,4.044951329418287,9.441780228701967,0.5307052291447432,,6.6689972957586905,15.566863896336853,0.3854487179487179
0.5,78,balanced,,4.0599127484479585,6.693376571574832,0.5716962657704908,,6.693664505552768,11.035512326361324,0.37684981684981694
0.5,79,balanced,,4.485608736897023,6.528581206283797,0.5482677571533177,,7.395518536560457,10.763810702293197,0.40101067887109065
0.5,80,balanced,,4.43301066668103,6.629050120999446,0.5960155398623774,,7.3087989793975705,10.929455939029046,0.3525325325325325
0.5,81,balanced,,4.44811000164667,8.533899790245881,0.5839815663010782,,7.333693574128847,14.070022106201746,0.4799165120593692
0.5,82,balanced,,4.3157986506964825,8.574524345642638,0.5524473791498101,,7.1155490354622035,14.137000674797115,0.4969202898550725
0.5,83,balanced,,4.1793572881022865,7.46415354604857,0.568418548836069,,6.890595258749843,12.306308719142066,0.4652823920265782
0.5,84,balanced,,4.200920407867254,9.033626873445309,0.5644735639930563,,6.926146832969,14.893932777817577,0.3607503607503607
0.5,85,balanced,,3.899103568430382,11.005737686918147,0.524802496515595,,6.428534989933944,18.14539382416798,0.35753831531424507
0.5,86,balanced,,4.151436001496717,7.696327303620577,0.559659664640266,,6.844560839617927,12.689098531749408,0.49832599118942733
0.5,87,balanced,,4.344865860025661,8.560945833274133,0.6170036853088928,,7.1634727617631135,14.114613492630696,0.34860028860028863
0.5,88,balanced,,4.083201372005425,8.931686322344355,0.553236837317894,,6.7320609545772925,14.725861222870538,0.3889235029421946
0.5,89,balanced,,4.220807289795776,8.465136707965833,0.6009593034838767,,6.958934758212456,13.95665094980773,0.43366336633663377
0.5,90,balanced,,4.859149397198204,8.077315405248866,0.6018976855760203,,8.011382968670384,13.317241718787631,0.46407982261640807
0.5,91,balanced,,4.359205805735229,9.560761562212805,0.5885540041583024,,7.187115335275163,15.76303095171244,0.43105461393596983
0.5,92,balanced,,4.5587998935666905,11.89491101188484,0.5866344960000001,,7.5161903533888825,19.611392798379722,0.3704411764705882
0.5,93,balanced,,4.198703703750702,8.559249837746655,0.6060568578764328,,6.922492105741192,14.111817268729533,0.39436701509872246
0.5,94,balanced,,4.4414654846273685,7.614123832080561,0.573078221624736,,7.322738617585596,12.553567919695992,0.4296404275996113
0.5,95,balanced,,3.777091888219786,6.498013345553079,0.5124134827087058,,6.227371737496872,10.713412820106663,0.46961538461538466
0.5,96,balanced,,4.149433129790852,5.464352806653101,0.5755740797901135,,6.841258662433983,9.009194702938911,0.5685015290519879
0.5,97,balanced,,4.716520031633134,8.852779315069851,0.5894820264285567,,7.77622689983679,14.595765561569776,0.39057971014492754
0.5,98,balanced,,3.875063756540027,5.8423967664354235,0.508144986841086,,6.388900040726686,9.632483820691732,0.445
0.5,99,balanced,,4.7667223464887964,11.499459982452205,0.6840246476972128,,7.858996524177705,18.959404274633872,0.41609042553191483
0.5,100,balanced,,3.846320741196118,8.635725840730775,0.5255309896849584,,6.341510819945123,14.237904881547575,0.45140155352921313
0.5,1,ldm,0.0,3.992801210436856,4.796817303273623,0.9509537799360775,0.02484998106956482,6.583016285324463,7.90861471956965,0.35963283540416024
0.5,2,ldm,0.0,3.3998425174736666,6.227558191598908,0.9526782541729695,0.014631868340075016,5.605392675589506,10.267507655011945,0.3689070892311345
0.5,3,ldm,0.0,2.279318966753984,2.7678618234640076,0.9815004130453532,0.0858583152294159,3.7579616631975314,4.563432662703953,0.3594474153297682
0.5,4,ldm,0.0,3.4638412077050367,8.18900878256837,0.9864063137049333,0.030144667252898216,5.710908677470915,13.501392965770634,0.6092416225749558
0.5,5,ldm,0.0,1.4397158493999374,1.8734387055332211,0.9899284787381355,0.16554537415504456,2.373690144669779,3.0887782431655357,0.4780782157042469
0.5,6,ldm,0.0,1.678986326384068,5.122881270335706,0.9866255110492969,0.7084679007530212,2.768180469524081,8.446203317673772,0.4322675026123302
0.5,7,ldm,0.0,2.863554133234493,6.855053392390373,0.9909123098754363,0.05821668729186058,4.721202609264977,11.30207233981908,0.42540408886264663
0.5,8,ldm,0.0,1.0515968754943692,1.3176175993093306,0.9904157705542583,1.3344589471817017,1.733790136829361,2.172384162630132,0.5027980535279806
0.5,9,ldm,0.0,4.056076358426816,9.385563546066544,0.9776407229176363,0.06006375327706337,6.68733936772221,15.474178255907633,0.3964765983021561
0.5,10,ldm,0.0,4.545696999655956,7.024080513426852,0.9387453849258011,0.10113571584224701,7.494587333490528,11.580750949597128,0.3483217355710192
0.5,11,ldm,0.0,2.154230140736553,3.550879720868109,0.9876992113274952,0.057922035455703735,3.5517250550156856,5.854410925492985,0.4560033585222502
0.5,12,ldm,0.0,3.606625250023871,4.237800666043606,0.9133499771787275,0.012076111510396004,5.946319765158524,6.986952099093264,0.3409833063753166
0.5,13,ldm,0.0,2.908541582554787,6.629372112601521,0.9802969056475048,0.10957944393157959,4.795374373873891,10.929986813432373,0.44789042436101256
0.5,14,ldm,0.0,2.033376033828424,3.5019243765943924,0.986490255541692,0.03433068096637726,3.3524703183047864,5.773697208074461,0.33536509900990097
0.5,15,ldm,0.0,3.2478203538572905,6.184108845220192,0.970415417827503,0.029693173244595528,5.354750500817332,10.195871793439338,0.39581398267854906
0.5,16,ldm,0.0,2.3003447774960986,4.037242181046016,0.9823565232348364,0.2928837239742279,3.7926273646017714,6.656287058858345,0.3706610849467993
0.5,17,ldm,0.0,3.685114886128803,5.836651838665766,0.9373661178678723,0.01699116826057434,6.075727297734238,9.623012036079261,0.33447971781305114
0.5,18,ldm,0.0,2.1333930256918263,4.328011462735041,0.9871668749231841,0.033485881984233856,3.5173704602214193,7.135684558445237,0.4640562863260936
0.5,19,ldm,0.0,3.4227468120431492,6.281232366689451,0.9379128688632791,0.0131966732442379,5.643155473236594,10.356001409171006,0.3407834837473046
0.5,20,ldm,0.0,3.4425697703028617,5.869579856992464,0.9484900255354997,0.030178198590874672,5.675838006167583,9.677301160296492,0.37915959252971126
0.5,21,ldm,0.0,4.239721600841049,8.696808913700368,0.9460287781387526,0.25044485926628113,6.990119185153436,14.338613843232272,0.596392405063291
0.5,22,ldm,0.0,2.325004925106728,3.309347965793478,0.9861781115464314,0.026432933285832405,3.833285074506021,5.456192383351907,0.3966571018651363
0.5,23,ldm,0.0,2.419741874644565,5.362479897574647,0.975882346533943,0.3366008698940277,3.989479898330297,8.841234670833165,0.4333303730017762
0.5,24,ldm,0.0,1.7053008688815008,2.426470911150448,0.9875565551473107,0.12461670488119125,2.8115658154683407,4.000574203948864,0.4476419269187003
0.5,25,ldm,0.0,2.178965620361804,2.826700349313684,0.9886879634226989,0.02848455123603344,3.5925069664148066,4.6604409918089535,0.3601837672281775
0.5,26,ldm,0.0,4.330220751247449,5.008081093244483,0.9312095370628608,0.0445307120680809,7.139327059408758,8.25692982382333,0.38004015765598276
0.5,27,ldm,0.0,3.6839590954654353,5.108512313445418,0.9259039657993785,0.01519080437719822,6.073821721083068,8.422512912810982,0.4583741984156922
0.5,28,ldm,0.0,2.0570669443683656,5.622813379906538,0.9801648048823111,0.11307047307491302,3.391530026434242,9.27045202062919,0.6452955082742318
0.5,29,ldm,0.0,2.7793854140722236,4.372607665000276,0.9897579152625818,0.024786319583654404,4.582431851654558,7.2092112657123755,0.4682776593224355
0.5,30,ldm,0.0,1.9306974181288346,3.393218783412952,0.9884621497365146,0.04325170814990997,3.1831819005548287,5.594471984352145,0.560394265232975
0.5,31,ldm,0.0,2.812407316721592,3.393040380377775,0.9899367083037929,0.028614312410354614,4.636875764951561,5.594177847473292,0.4003541912632822
0.5,32,ldm,0.0,1.6572421526534462,2.402220725610044,0.9934129464717895,0.0280842874199152,2.7323303877806056,3.9605924072299756,0.4711123332875017
0.5,33,ldm,0.0,2.0945186971514165,4.241721412912959,0.9846034466947876,0.05340099334716797,3.4532775278726606,6.9934163178537965,0.3294264339152119
0.5,34,ldm,0.0,3.378555901454795,4.8019039155711996,0.9175595947022378,0.014757281169295311,5.570296978977966,7.917001125460469,0.3432706872370266
0.5,35,ldm,0.0,1.7568385470748755,3.8119965105929396,0.9871088953312837,0.09575575590133667,2.8965370817482556,6.284919730849246,0.42883449883449876
0.5,36,ldm,0.0,3.1118678160786337,5.567721969399182,0.9864569728,0.020793454721570015,5.130602659975998,9.17962164029284,0.40120101137800246
0.5,37,ldm,0.0,3.590494046099224,5.002022783186095,0.9246614935377495,0.012302115559577942,5.919723906125958,8.24694135916557,0.3711545389048992
0.5,38,ldm,0.0,2.684691573262042,4.4377169434299875,0.9865006244024977,0.02912566065788269,4.42630810210652,7.316558317979378,0.517051282051282
0.5,39,ldm,0.0,2.239926980134876,2.4312194289750586,0.9903845432112364,0.07942740619182587,3.6930152569634735,4.008403186290598,0.36501831501831494
0.5,40,ldm,0.0,2.3209171834597258,2.7353585488386947,0.9887520768307324,0.03728478401899338,3.8265455279034812,4.509843822461791,0.5342553191489361
0.5,41,ldm,0.0,2.6587103443020372,3.423193377829205,0.9890770186836275,0.024396371096372604,4.38347229728123,5.6438917357468315,0.39236460210566254
0.5,42,ldm,0.0,2.637822582380635,4.073414320711043,0.9820249664000001,0.043950557708740234,4.349034199904095,6.71592483493081,0.49096965210954846
0.5,43,ldm,0.0,2.0229027050828394,2.547091128287326,0.9871024017034216,0.1144728884100914,3.3352027184269057,4.1994433216189035,0.39812141072645274
0.5,44,ldm,0.0,2.7473938629700174,4.080418478839212,0.9741918955312525,0.016896028071641922,4.529686700869661,6.72747273942007,0.3494271685761047
0.5,45,ldm,0.0,1.5923183579383944,2.060904086333035,0.9866326556087521,0.05980200320482254,2.6252891464593313,3.397856404010088,0.4181355932203391
0.5,46,ldm,0.0,2.3376527990692533,5.174802393645998,0.9905946643595172,0.13541418313980103,3.854137893337171,8.531806778074095,0.4989492119089317
0.5,47,ldm,0.0,3.202917605316624,4.545333754419673,0.9856794481784054,0.21867653727531433,5.280718384185437,7.493988443342988,0.39621019108280253
0.5,48,ldm,0.0,2.12220324492092,4.626302202568792,0.989437944161137,0.06174361705780029,3.4989216306499547,7.627482846062021,0.3878428888184985
0.5,49,ldm,0.0,3.606840796950797,4.155526200919075,0.9368864299896111,0.017617136240005493,5.946675141961781,6.851304438406975,0.3681486637813625
0.5,50,ldm,0.0,1.9381183182569384,3.974692789079535,0.9872320723489189,1.4181472063064575,3.195416896443775,6.5531605458538476,0.5156565656565657
0.5,51,ldm,0.0,3.6401550214174936,4.475013466095203,0.9223436483749838,0.017400262877345085,6.001601012456902,7.3780498882206675,0.3726516673362797
0.5,52,ldm,0.0,1.9263659494663188,3.9613957762600487,0.9883204524818099,0.09868549555540085,3.176040516037568,6.5312374779815885,0.44003322259136207
0.5,53,ldm,0.0,4.310082657642758,5.081845678394241,0.9288374939735748,0.04464250057935715,7.106124956131355,8.378547064384108,0.4866153846153847
0.5,54,ldm,0.0,3.7993477102060687,5.026925099475628,0.9224609110885734,0.04650309681892395,6.264065384602572,8.287998337721826,0.35723824786324787
0.5,55,ldm,0.0,2.6501835491552383,3.50977233988441,0.9803789754274601,0.5856670141220093,4.3694139887518,5.786636312082386,0.4090921087358142
0.5,56,ldm,0.0,2.389593804077542,2.7525222152576427,0.9809159761332978,0.013935289345681667,3.939774133115878,4.538141924369913,0.3745179063360881
0.5,57,ldm,0.0,2.3318925124232095,5.83080839037477,0.9813972346018477,0.11945006996393204,3.844640786218508,9.61337781858766,0.3704497701904136
0.5,58,ldm,0.0,2.340839557332653,3.69273818064043,0.9842658854825416,0.04771842435002327,3.8593919694706167,6.08829598554837,0.37286778136855414
0.5,59,ldm,0.0,4.833660050008737,5.727373651810869,0.8272756467725411,0.12338690459728241,7.96935813978285,9.44284276498805,0.46117647058823535
0.5,60,ldm,0.0,2.2795713133612474,5.86209825665386,0.9783042229147026,0.12819555401802063,3.758377712416516,9.664966086679359,0.49634228187919466
0.5,61,ldm,0.0,3.9620860347772275,7.367743070348297,0.9186226323691322,0.016179293394088745,6.532375521881143,12.147354717136707,0.546129656507015
0.5,62,ldm,0.0,2.537174419241897,3.4589917818024163,0.9713391540541093,0.1778951734304428,4.18309343248036,5.70291332583458,0.3594794015167042
0.5,63,ldm,0.0,3.526729948517131,5.030566670504399,0.9280004224828068,0.01546053308993578,5.814594682135362,8.294002273335726,0.43117241379310345
0.5,64,ldm,0.0,4.309553808394001,8.581447287779262,0.9493595197786351,0.33267679810523987,7.105253031125933,14.148414676753594,0.514402759810263
0.5,65,ldm,0.0,2.255964988840545,4.016651289238084,0.9855808001812607,0.04538982734084129,3.719457463056184,6.622338417551922,0.38728682170542633
0.5,66,ldm,0.0,3.609070066823708,4.692195466953763,0.9417197579112848,0.02473963424563408,5.95035058661938,7.736122472649389,0.4582137161084529
0.5,67,ldm,0.0,2.067907487667057,2.8375666196959384,0.9868140134583151,0.25130942463874817,3.4094030607567394,4.678356442921355,0.5699419729206963
0.5,68,ldm,0.0,3.6043364073691038,6.433888008651759,0.9877234401025199,0.03924008458852768,5.942546101588324,10.607688013166646,0.4590909090909091
0.5,69,ldm,0.0,1.5826047186299883,4.039196705510967,0.9902782118361848,0.34126123785972595,2.609274062715653,6.659509524917813,0.5390380313199106
0.5,70,ldm,0.0,2.8285658197159305,5.616380565342761,0.9755972922152872,0.058590978384017944,4.663516632540999,9.259846102427423,0.37981964416280767
0.5,71,ldm,0.0,2.284846355557707,4.813564388293705,0.9882096616386464,0.04049849882721901,3.76707478668966,7.9362259948644835,0.37280219780219787
0.5,72,ldm,0.0,2.0575614646426894,2.492624428117901,0.982867932282025,0.2897159457206726,3.3923453525293117,4.109642914504726,0.41403239929947466
0.5,73,ldm,0.0,3.9260043720508384,9.535183489311464,0.9898587926509187,0.025137027725577354,6.472886917061917,15.720859838856478,0.4258822097834023
0.5,74,ldm,0.0,3.249611278881643,4.269552370744447,0.9686922810089577,0.1784949153661728,5.357703236999211,7.039301810014529,0.36705071727098154
0.5,75,ldm,0.0,3.0852715284049608,7.865215474867859,0.9837848920536343,0.03756114840507507,5.0867527947667535,12.967548052054449,0.38740486257928125
0.5,76,ldm,0.0,1.9051854727199777,3.044214928488176,0.9885888943502782,0.05081956088542938,3.141119813502306,5.019061905181325,0.42441727441727445
0.5,77,ldm,0.0,2.413181928196516,3.170388633625605,0.9865380888004691,0.025230085477232933,3.978664375086745,5.22708717664445,0.35595520421607374
0.5,78,ldm,0.0,1.9392029434823224,3.9957926199303264,0.9890310152186477,0.07008006423711777,3.1972051411236033,6.587948285785722,0.4195607667969477
0.5,79,ldm,0.0,1.7537414144692298,2.6418177187541896,0.9914356891632887,0.03532150015234947,2.891430773343149,4.355621066222521,0.4897683397683397
0.5,80,ldm,0.0,4.153667872958492,5.35958894396606,0.963885842395613,0.13888144493103027,6.848240573570424,8.83646829412608,0.35554478748442475
0.5,81,ldm,0.0,2.8785213680762505,4.071837338061764,0.9844840695994403,0.2565020024776459,4.745879407712147,6.713324830093419,0.42198111970630653
0.5,82,ldm,0.0,2.7187375114574626,6.205146509028814,0.9885229040782719,0.026387065649032593,4.482440364590252,10.23055703724645,0.5264772727272727
0.5,83,ldm,0.0,4.0986349957253685,4.873775259376177,0.9037231932781984,0.01549476757645607,6.757506698288344,8.035496938745537,0.3339732142857143
0.5,84,ldm,0.0,3.2305226053325145,5.143380083389713,0.9646038307172622,0.04931718111038208,5.326231334889312,8.48000014678002,0.33703766350924663
0.5,85,ldm,0.0,4.715204042596706,8.913438901755148,0.9439154904383062,0.04456356167793274,7.7740572007204225,14.695776312409704,0.5450462962962963
0.5,86,ldm,0.0,4.396645730802291,6.301086250892911,0.9197210702048609,0.0194743312895298,7.248843336106646,10.388734930363267,0.39385353232575027
0.5,87,ldm,0.0,2.1526819900148952,4.069639278215509,0.982264628954691,0.026743238791823387,3.5491725859906387,6.709700842070626,0.41323011963406053
0.5,88,ldm,0.0,3.0573497057463737,4.769945137976236,0.981399581023933,0.11390082538127899,5.040717491832824,7.864310009054078,0.3600375234521576
0.5,89,ldm,0.0,4.440338939297715,9.2009441265368,0.9116627309370748,0.022798214107751846,7.320881258338188,15.169792291944635,0.41625336927223716
0.5,90,ldm,0.0,2.8935461306461656,4.584154410882383,0.9842248718173551,0.2508283853530884,4.770651053348385,7.5579928853956,0.2998492462311557
0.5,91,ldm,0.0,2.0891649618577914,5.344241563836588,0.9850551346327174,0.378665566444397,3.444450710616363,8.8111647420571,0.47194968553459116
0.5,92,ldm,0.0,3.8074783166586466,5.762895135752744,0.9673686079999999,0.11400873214006424,6.277470488404629,9.501407791129852,0.43544033484240197
0.5,93,ldm,0.0,2.181698946697205,2.9730627699732746,0.9820049468349665,0.8702488541603088,3.597013459683747,4.90175182798158,0.3736537591311656
0.5,94,ldm,0.0,1.711192128925372,2.473262461453657,0.9378061071634338,0.559004008769989,2.821278861213897,4.077720428222801,0.434000409377903
0.5,95,ldm,0.0,1.2413221042249885,6.031770596467947,0.9875071240119055,2.235276699066162,2.04659415702598,9.944708482380303,0.4436326973786257
0.5,96,ldm,0.0,3.4672621311067675,4.365547692421423,0.9327587567011673,0.00957280769944191,5.7165488266487845,7.197571338751061,0.38457792207792213
0.5,97,ldm,0.0,3.473255320655457,4.0866204634095205,0.9496394521559058,0.12325509637594223,5.726429925737046,6.737698083301691,0.32404631834523967
0.5,98,ldm,0.0,1.8200866028957157,5.141217575793661,0.9888970967165773,0.07849044352769852,3.000815496710504,8.476434774508357,0.3778242677824267
0.5,99,ldm,0.0,2.215783153494383,4.839621944254149,0.9901594288368316,0.03349122777581215,3.653208816425196,7.979187641638926,0.45931076178960095
0.5,100,ldm,0.0,2.6753963863027774,4.088863069905754,0.9875042860006858,0.08170249313116074,4.410982929651646,6.741395516333841,0.371210355987055
0.5,1,sprl_lambda_0.5,0.5,1.4006355477104198,4.235447947744205,0.9868998483945421,1.5896278619766235,2.3092576200088932,6.983073122389075,0.42529107373868047
0.5,2,sprl_lambda_0.5,0.5,1.358225764720783,1.8708388057268277,0.9935075239345498,1.373023271560669,2.2393357087081025,3.0844917330530457,0.449812108559499
0.5,3,sprl_lambda_0.5,0.5,3.195898350223536,3.7488548138251248,0.9607967847263301,1.1120866537094116,5.269145589008992,6.180816672320052,0.5119897304236201
0.5,4,sprl_lambda_0.5,0.5,1.3787394740139518,1.9395423613423548,0.9627556757995339,2.9298741817474365,2.273157097560709,3.1977647465690944,0.39646242774566487
0.5,5,sprl_lambda_0.5,0.5,1.433527000256709,3.0683701364088196,0.9945833634052398,1.6601465940475464,2.3634864574461845,5.058887110278275,0.4873999079613437
0.5,6,sprl_lambda_0.5,0.5,1.180626681125194,2.6438454997514693,0.9933821203640085,1.4814536571502686,1.946524321927205,4.358964311885058,0.4733354880413703
0.5,7,sprl_lambda_0.5,0.5,1.9903553274838208,3.058806064629231,0.9888817478498475,1.4815064668655396,3.281541164673895,5.043118621700764,0.4438285144566301
0.5,8,sprl_lambda_0.5,0.5,1.8292459961683687,2.784075408208106,0.9890692336446685,0.7650014758110046,3.0159167832258347,4.590164344745847,0.5117565055762081
0.5,9,sprl_lambda_0.5,0.5,2.6321521684919635,2.886814217080966,0.9788441729793816,1.1204309463500977,4.339685267912168,4.759552004260926,0.38733108108108116
0.5,10,sprl_lambda_0.5,0.5,1.313297460670519,3.291335695103877,0.9926444125047562,1.9629249572753906,2.1652614581639495,5.426495169532354,0.4762555066079295
0.5,11,sprl_lambda_0.5,0.5,2.3117256164082516,4.412522905559409,0.9886781687540279,1.0590964555740356,3.81139119579465,7.27502037184733,0.4096065982317688
0.5,12,sprl_lambda_0.5,0.5,1.4741101823797509,3.259955686359119,0.9914762898820144,1.2380104064941406,2.4303968130451405,5.374758281640116,0.5198380566801619
0.5,13,sprl_lambda_0.5,0.5,1.0538341994061904,1.5187921612406774,0.9934289781486365,1.4085639715194702,1.7374788603522264,2.5040649420101238,0.37473336033481836
0.5,14,sprl_lambda_0.5,0.5,0.7713533399077183,1.0384098789018243,0.9932219658094628,1.9501677751541138,1.2717466587314412,1.712048455050582,0.37962454212454216
0.5,15,sprl_lambda_0.5,0.5,2.315615379154074,3.1483061485204002,0.9852852985469625,0.8897832036018372,3.817804330371664,5.1906793137415805,0.4876190476190477
0.5,16,sprl_lambda_0.5,0.5,1.7487497442927442,2.106672563302412,0.9905390834070026,1.7673259973526,2.8832009005468575,3.4733158655170486,0.5598630136986303
0.5,17,sprl_lambda_0.5,0.5,1.3196237086050224,1.7946500362667779,0.994722307041819,1.3636891841888428,2.175691677697288,2.958877688255793,0.4381474846992089
0.5,18,sprl_lambda_0.5,0.5,1.2741285303877847,2.1436113339196248,0.9904788064853128,1.2561894655227661,2.1006828096562353,3.5342176023471605,0.39391426959954884
0.5,19,sprl_lambda_0.5,0.5,1.2736387290244255,1.8547123951562239,0.9917444964018703,1.3609939813613892,2.099875263730047,3.0579037769252477,0.45637681159420296
0.5,20,sprl_lambda_0.5,0.5,2.4275180258211626,6.162600660102785,0.9822445825883613,1.3214690685272217,4.002300604179334,10.160410791142112,0.29240336777650217
0.5,21,sprl_lambda_0.5,0.5,1.059613496928737,1.681809238025205,0.9927162072558492,2.480226516723633,1.7470073111073536,2.77283466399213,0.494993894993895
0.5,22,sprl_lambda_0.5,0.5,1.73294862953037,2.9460826750978377,0.9928581146637107,0.9822697639465332,2.8571492665373572,4.85726917167494,0.39875394875394876
0.5,23,sprl_lambda_0.5,0.5,1.2290680832659957,1.4512039105512649,0.9905157054107807,1.57503080368042,2.0263906920192833,2.3926307554490767,0.33599344594000174
0.5,24,sprl_lambda_0.5,0.5,1.7089951917120825,2.7874470622697776,0.9882878491342028,0.6633138656616211,2.8176567240999537,4.595723262514767,0.4525482093663912
0.5,25,sprl_lambda_0.5,0.5,1.358927635378845,3.0059285756943983,0.9929518098797051,1.0732457637786865,2.24049289779133,4.955938380952695,0.4758536585365854
0.5,26,sprl_lambda_0.5,0.5,3.6065422308779587,4.466459298597967,0.9528392023923302,0.890404999256134,5.946182889726783,7.3639464503148435,0.5945045045045043
0.5,27,sprl_lambda_0.5,0.5,1.1240612048612615,1.7732827805619578,0.9877645734338758,1.2160300016403198,1.853263618023576,2.9236490392787675,0.272549116814484
0.5,28,sprl_lambda_0.5,0.5,0.9762865957615394,1.533691338510198,0.9915800682494234,1.537968397140503,1.6096244767314676,2.528629532490314,0.35603174603174603
0.5,29,sprl_lambda_0.5,0.5,1.4744423054812879,2.0175599291027266,0.9906645382124153,1.129713773727417,2.4309443914671354,3.3263939700239082,0.29887325659297154
0.5,30,sprl_lambda_0.5,0.5,2.4215962594009857,2.870527276030721,0.9665658073215722,1.0543582439422607,3.99253726192227,4.732699378116748,0.5903180212014135
0.5,31,sprl_lambda_0.5,0.5,3.5489537005098413,5.165028825777974,0.959001099368619,0.8397496342658997,5.851235454760507,8.515692888839453,0.4037112010796221
0.5,32,sprl_lambda_0.5,0.5,1.3496054267606183,2.0163016357779697,0.9908907489929949,1.2683889865875244,2.2251231741525554,3.3243193950546015,0.56110183639399
0.5,33,sprl_lambda_0.5,0.5,1.1670819063829891,8.574468733552274,0.9930562045579413,1.924106478691101,1.92419276370289,14.136908985960826,0.4768525592055003
0.5,34,sprl_lambda_0.5,0.5,1.032577559126885,1.9562813240416104,0.9930910933870178,1.6340930461883545,1.7024325853801148,3.225362630420813,0.43790464370669147
0.5,35,sprl_lambda_0.5,0.5,2.02804429767558,3.8323698283843473,0.9868875868631258,1.1912453174591064,3.343679771499832,6.318509653246673,0.4298719772403983
0.5,36,sprl_lambda_0.5,0.5,1.4024734965422083,2.1230696717499784,0.9875576192,1.4442883729934692,2.3122878853423217,3.500350126992528,0.34922379403707215
0.5,37,sprl_lambda_0.5,0.5,1.5979041462459587,2.3513420741589903,0.9921622872373111,0.8575003147125244,2.6344985544556403,3.8767076923580857,0.3582442158247969
0.5,38,sprl_lambda_0.5,0.5,1.7850735944155671,3.1683749747430103,0.9873582406329626,1.0296823978424072,2.9430888048780792,5.223767214412782,0.4979562043795621
0.5,39,sprl_lambda_0.5,0.5,1.0924108244373223,1.5543899291575296,0.9938014718738373,1.5910230875015259,1.8010809625928768,2.5627557391640843,0.4797334849058988
0.5,40,sprl_lambda_0.5,0.5,1.6122393136949382,3.1701385395071973,0.9918421512605042,1.1942681074142456,2.658133249947821,5.2266748411517545,0.4463157894736843
0.5,41,sprl_lambda_0.5,0.5,1.421643988192093,2.2485751372285385,0.9938096795437541,1.466658115386963,2.343894682695266,3.707273657516151,0.3205967805261092
0.5,42,sprl_lambda_0.5,0.5,4.220724756760542,5.599077941588755,0.9375875839999999,1.032707929611206,6.95879868424173,9.23131889860527,0.48423728813559314
0.5,43,sprl_lambda_0.5,0.5,1.228253340327256,2.057421260441368,0.9939801744496047,1.2051721811294556,2.0250474080060306,3.392114194880352,0.44231094212082817
0.5,44,sprl_lambda_0.5,0.5,1.3603177193761031,2.9048320674696795,0.9906981329872204,1.2650694847106934,2.2427847588456693,4.789258417449091,0.534487951807229
0.5,45,sprl_lambda_0.5,0.5,1.655427501790854,3.0027940596047284,0.9923294982072659,1.2666627168655396,2.7293385343045555,4.950770437602304,0.43848396501457715
0.5,46,sprl_lambda_0.5,0.5,1.098078064377658,1.8507988467087304,0.9951626410759543,1.599640965461731,1.8104246616286694,3.05145142635595,0.47361436377829824
0.5,47,sprl_lambda_0.5,0.5,2.5575040857750695,6.521042440591336,0.9883448984166537,1.4334179162979126,4.216611386119842,10.751381378941213,0.3985908649173956
0.5,48,sprl_lambda_0.5,0.5,1.2020135968312535,2.45053938258907,0.9924603198984189,1.5195142030715942,1.981785384766456,4.0402564047629586,0.45171777950310554
0.5,49,sprl_lambda_0.5,0.5,0.9980008346204075,2.312600228636343,0.9922975396127106,1.5765820741653442,1.6454252042151467,3.8128331875787183,0.4786447148651873
0.5,50,sprl_lambda_0.5,0.5,1.5487240352146197,3.9121267921283027,0.9914326327022783,0.9876530766487122,2.553414259302878,6.450006655857791,0.3871992110453649
0.5,51,sprl_lambda_0.5,0.5,3.419999962733517,4.325158901189557,0.9555707448913191,0.9117956757545471,5.638626684352396,7.130981479549217,0.47617344268016043
0.5,52,sprl_lambda_0.5,0.5,1.6739451810719952,2.2155853376524863,0.9927989855959425,1.11868417263031,2.759869026019376,3.6528826732389796,0.4848962898042652
0.5,53,sprl_lambda_0.5,0.5,1.0666171839285337,2.934065706460339,0.9918193331721487,1.4545994997024536,1.7585544388372443,4.837456539872959,0.4629133154602324
0.5,54,sprl_lambda_0.5,0.5,1.4640800289402196,3.3942286629753724,0.9871997100825702,1.396301507949829,2.413859885720999,5.596136994267553,0.4351718213058421
0.5,55,sprl_lambda_0.5,0.5,1.332064485990877,1.7145278601964842,0.993906465877536,1.2196067571640015,2.196203051997392,2.826778552313919,0.3947308132875142
0.5,56,sprl_lambda_0.5,0.5,1.037664127367331,1.9924743635914395,0.9940150841320288,1.299479365348816,1.7108189186330058,3.2850348645779075,0.42842504743833015
0.5,57,sprl_lambda_0.5,0.5,1.1457786605953684,3.418955785925032,0.9919743672950033,1.4527684450149536,1.8890696492378867,5.636905127837874,0.40082712141325433
0.5,58,sprl_lambda_0.5,0.5,1.4199011925627245,6.535497228561264,0.9941085366573659,1.6487890481948853,2.3410212984706424,10.775213295330692,0.4102496425822061
0.5,59,sprl_lambda_0.5,0.5,1.5297360336020063,2.7575496801244412,0.9925443391393441,1.4586031436920166,2.522108337156074,4.546430812633501,0.44373885123082407
0.5,60,sprl_lambda_0.5,0.5,1.4776265474439532,2.450336579858002,0.9920612621192078,1.1109058856964111,2.4361943189220376,4.039922039586491,0.5492205638474296
0.5,61,sprl_lambda_0.5,0.5,1.4635843762887968,2.1046430800958884,0.9931298104293864,0.9163396954536438,2.4130426926517194,3.4699698133859247,0.39534783677482793
0.5,62,sprl_lambda_0.5,0.5,1.2265148858192005,1.9197179418916483,0.9924373169557825,1.7530688047409058,2.022181181080455,3.1650798045414335,0.4679827709978464
0.5,63,sprl_lambda_0.5,0.5,0.8494459760583319,1.222477883035104,0.9952265972130538,1.5763072967529297,1.4004996490380037,2.0155252887204393,0.3933292673629641
0.5,64,sprl_lambda_0.5,0.5,1.238401354940365,2.57334721456981,0.9921979676320662,1.6603807210922241,2.041778655554039,4.242732289558172,0.37785915492957756
0.5,65,sprl_lambda_0.5,0.5,1.581321362752474,2.2750905563043697,0.9881996601680214,1.0965334177017212,2.607158166582517,3.750990192948002,0.6271308016877637
0.5,66,sprl_lambda_0.5,0.5,1.131017396510885,1.940032905944885,0.9870319299494782,1.4799705743789673,1.864732439159377,3.198573517889513,0.39453860640301325
0.5,67,sprl_lambda_0.5,0.5,2.4142552762607137,8.037546830991152,0.9825974673196468,0.9581040740013123,3.980434026871053,13.25167442450352,0.4217307692307693
0.5,68,sprl_lambda_0.5,0.5,2.951545424109776,3.9017273335359937,0.9691870378932903,0.8097975254058838,4.866275722167419,6.432860847272886,0.4642908827785817
0.5,69,sprl_lambda_0.5,0.5,1.3453855102384074,4.5968610542988415,0.9916083364177485,1.2397817373275757,2.2181657080218073,7.578942598675517,0.388448397737983
0.5,70,sprl_lambda_0.5,0.5,1.1098285705375666,1.3897345694322416,0.9935289525055049,1.6204471588134766,1.8297979710760037,2.291284945250221,0.5297674418604651
0.5,71,sprl_lambda_0.5,0.5,1.2917947027403183,1.7578206594240615,0.9929847591390365,1.0542805194854736,2.129809403785712,2.898156311268576,0.424828431372549
0.5,72,sprl_lambda_0.5,0.5,1.241288262051456,1.967739373243419,0.9913375503442483,1.286072850227356,2.04653836071463,3.2442537598605634,0.523871237458194
0.5,73,sprl_lambda_0.5,0.5,2.0121542155157557,2.684914640218036,0.9901911081236796,0.9478557109832764,3.317481455049756,4.4266758773416575,0.49086513994910935
0.5,74,sprl_lambda_0.5,0.5,1.2349631082447672,1.5620373876675864,0.9900791112100987,0.9653458595275879,2.0361099450930924,2.5753642666764116,0.39532392625399115
0.5,75,sprl_lambda_0.5,0.5,1.234250143392419,1.811256951179548,0.9925805797040221,1.4115469455718994,2.0349344647757643,2.9862578621131846,0.3556922255351342
0.5,76,sprl_lambda_0.5,0.5,1.1816772336793007,1.7627022591931056,0.9941598185965426,1.3511157035827637,1.9482563902691488,2.9062047086428437,0.3906605922551253
0.5,77,sprl_lambda_0.5,0.5,2.11451384450921,4.078066223815631,0.9847839710058096,0.9987946152687073,3.4862439526322384,6.72359452652858,0.46973589001447175
0.5,78,sprl_lambda_0.5,0.5,3.458965317786097,6.57552581370899,0.9661556450565154,1.6511131525039673,5.702869694047966,10.84120927509978,0.570268972142171
0.5,79,sprl_lambda_0.5,0.5,2.465747331950331,2.74387079484892,0.982103948879437,0.692903995513916,4.0653300743586005,4.523878143520282,0.36867647058823527
0.5,80,sprl_lambda_0.5,0.5,2.556285038668625,4.34808276860451,0.9869630276267597,1.2135168313980103,4.214601517225462,7.168776547362958,0.4103771574685702
0.5,81,sprl_lambda_0.5,0.5,1.1673511700435977,1.7525150997352033,0.9934007153012633,1.470481276512146,1.9246367044275616,2.889408922156586,0.4158765663159336
0.5,82,sprl_lambda_0.5,0.5,1.2527050117207563,1.6565367303173513,0.9911587755392008,1.0735902786254883,2.0653613987366644,2.731167342970259,0.5020100502512563
0.5,83,sprl_lambda_0.5,0.5,1.161266715145208,1.8024812985678083,0.9899771852920105,1.36253023147583,1.9146051342159711,2.971789256987934,0.5719800747198007
0.5,84,sprl_lambda_0.5,0.5,1.053544511061714,1.34002227469218,0.9941994793619279,1.500611662864685,1.7370012450168146,2.209323227496967,0.4074545278637771
0.5,85,sprl_lambda_0.5,0.5,3.5142143904771403,4.716182116303178,0.9428521353070749,0.6878992915153503,5.793960015380147,7.775669771644595,0.48103932584269665
0.5,86,sprl_lambda_0.5,0.5,1.2282984886526602,2.3115634962752436,0.9944255755490129,1.4876145124435425,2.025121845010461,3.8111239048829506,0.3682857142857142
0.5,87,sprl_lambda_0.5,0.5,1.43770002754185,3.6927943626786885,0.9938665311136038,1.0980108976364136,2.370366616294408,6.088388614069878,0.49645508537490723
0.5,88,sprl_lambda_0.5,0.5,0.9845306531340133,1.5639325520940723,0.991981131516981,1.286644697189331,1.6232166294783377,2.5784888645778334,0.36037636183558924
0.5,89,sprl_lambda_0.5,0.5,1.9521953237015748,3.494847288978417,0.9872145099844636,1.369936227798462,3.2186259547481084,5.762029063187393,0.4369915254237289
0.5,90,sprl_lambda_0.5,0.5,3.8508447327219932,4.56663161096132,0.9445841480422346,0.7482634782791138,6.348969621002301,7.529102672443521,0.48561475409836063
0.5,91,sprl_lambda_0.5,0.5,1.093550070921024,4.383214471499111,0.9930141290097914,1.1935820579528809,1.8029592625031259,7.226698933201204,0.42588201272411796
0.5,92,sprl_lambda_0.5,0.5,1.8914352149885114,2.596954887287202,0.9880285311999999,0.9241523742675781,3.1184494711028288,4.281654761719064,0.5541275167785235
0.5,93,sprl_lambda_0.5,0.5,1.1106776373903713,1.379377134719883,0.9931364777229197,1.6393049955368042,1.8311978456564693,2.2742084223300676,0.4165168165168165
0.5,94,sprl_lambda_0.5,0.5,2.615716264398644,5.85241743010922,0.9902149030151718,0.7653887867927551,4.312587043230325,9.649005102037252,0.5452710843373494
0.5,95,sprl_lambda_0.5,0.5,0.7782477638031746,1.1486866523934238,0.9935620443657405,1.8508243560791016,1.2831136420571032,1.8938641171703623,0.34663870256534823
0.5,96,sprl_lambda_0.5,0.5,1.3832665629059795,3.0031566467487396,0.9869682409919176,0.9970483183860779,2.280621005311345,4.951368242739118,0.35751366120218586
0.5,97,sprl_lambda_0.5,0.5,1.7012253970115718,2.9431815858242945,0.9920805953088799,0.9092294573783875,2.804846498308249,4.852486084081449,0.4648303602658272
0.5,98,sprl_lambda_0.5,0.5,1.1249319370517492,2.697650445636534,0.9848554440005146,6.137839317321777,1.8546992127071167,4.447673670634633,0.4677083333333333
0.5,99,sprl_lambda_0.5,0.5,1.8203951875529791,2.82814473335851,0.9886070936548089,1.2436408996582031,3.001324266798746,4.662822378506718,0.427984496124031
0.5,100,sprl_lambda_0.5,0.5,3.0041663617846823,4.270828386150634,0.9733912277425965,1.065965175628662,4.953032981396222,7.041405603756451,0.5431527464258841
0.5,1,sprl,1.0,0.8662900829444149,1.230491638272038,0.9928864255113184,3.041372060775757,1.4282708863470353,2.0287377374377566,0.45562776957163953
0.5,2,sprl,1.0,0.8869264275939004,1.2924511763985314,0.9946954835890645,3.078648567199707,1.4622944667201407,2.130891745869662,0.25911762736828015
0.5,3,sprl,1.0,1.3693492678474368,2.034024366848768,0.9917620756365002,3.0295825004577637,2.257675264917716,3.353539238745924,0.43162837999521414
0.5,4,sprl,1.0,1.2592179099395393,2.174251416472481,0.9872431017057961,2.1132214069366455,2.076099352563877,3.584734558188062,0.5508727477477477
0.5,5,sprl,1.0,0.9833383384860975,2.8628384245950103,0.9945778584460556,3.95269513130188,1.6212508349569514,4.720022605207438,0.5250273224043716
0.5,6,sprl,1.0,0.8328558735275539,1.2527826229938868,0.9890388310199177,2.096496105194092,1.3731471941124138,2.0654893580935205,0.5364264036418817
0.5,7,sprl,1.0,1.0496565394176745,1.7916554014303576,0.9945582018151085,2.6451399326324463,1.7305910634674073,2.9539403701030076,0.41853728634094683
0.5,8,sprl,1.0,1.0696757152432448,1.6443707680092983,0.9941560221314163,2.6668550968170166,1.763597104472911,2.711109062134436,0.4576530612244899
0.5,9,sprl,1.0,0.7667200997705033,1.1683995802022835,0.9949111397200746,3.4507875442504883,1.2641077371649532,1.9263652405566054,0.41826468602295747
0.5,10,sprl,1.0,1.2844290743263427,1.4479497599077582,0.9894986530746379,3.0587317943573,2.117665535547517,2.3872655680650645,0.40153110047846896
0.5,11,sprl,1.0,0.7753079713974335,1.0962042368636298,0.9935485334710614,3.013522148132324,1.278266743786315,1.807335242348668,0.4143166992284512
0.5,12,sprl,1.0,0.7782288493034151,1.0306150663663685,0.9949497707950445,3.451381206512451,1.2830824573190251,1.699196981822256,0.3406571297178333
0.5,13,sprl,1.0,1.0150745367239706,1.4556840743491628,0.995428018468483,2.8250410556793213,1.673574980042889,2.4000172967988918,0.4517750071380986
0.5,14,sprl,1.0,1.2717449495628539,2.738117813463668,0.992252363923477,2.2949819564819336,2.0967529492497388,4.514393080740475,0.45879669232962633
0.5,15,sprl,1.0,1.2785006639495535,2.092336542954821,0.9916908946264554,2.0107572078704834,2.1078912392578655,3.4496797638327856,0.37210002508990564
0.5,16,sprl,1.0,0.773892375642777,1.1303810055445047,0.9942510762387448,3.42592716217041,1.2759328209549003,1.8636832078366243,0.4478250401284109
0.5,17,sprl,1.0,1.792174724923176,2.2520400692237015,0.9873562211813417,2.002997398376465,2.9547965897919917,3.712986364598106,0.42780405760538204
0.5,18,sprl,1.0,0.9366713885948731,1.4906094205061997,0.9921427163136547,2.9304325580596924,1.5443100420325928,2.4575994578945632,0.44735498366013066
0.5,19,sprl,1.0,1.179616863541801,3.0954068578174527,0.9926055513998504,3.091341018676758,1.9448594141979378,5.103463127954682,0.49661483253588523
0.5,20,sprl,1.0,1.5560823803766177,2.9175152796879433,0.9915848653672946,3.4387104511260986,2.5655461194886175,4.810169499214146,0.48134974920200635
0.5,21,sprl,1.0,1.1209403420457504,3.229505355900763,0.9910438507561268,2.7353010177612305,1.848118185116706,5.324554174113576,0.39812734082396994
0.5,22,sprl,1.0,2.1027262697534064,3.5335733889862655,0.9829498903751441,2.4490139484405518,3.4668095274023765,5.825877608001594,0.3629892495564137
0.5,23,sprl,1.0,0.9812382819135647,1.3639996889119566,0.9937164389108728,2.7549571990966797,1.617788427016143,2.2488553003375005,0.5694413198350206
0.5,24,sprl,1.0,1.1248340162540178,2.486635148505406,0.9948515881536854,1.8319536447525024,1.854537768605053,4.099768261811435,0.46016584766584767
0.5,25,sprl,1.0,0.9567309816894343,1.6300108352349525,0.9933725051639644,2.756153106689453,1.5773827198491852,2.687433535523548,0.3967397934087556
0.5,26,sprl,1.0,0.8705022111207015,1.3285680317275919,0.9940852839660017,3.3137359619140625,1.4352155116661942,2.1904383734814834,0.40190923317683885
0.5,27,sprl,1.0,1.2638043923513276,1.799463200216121,0.9868586819454531,2.1482300758361816,2.0836611836738843,2.9668132540384424,0.4170623713560865
0.5,28,sprl,1.0,0.8363644652663783,1.7166435555693393,0.9933344663428946,3.3630340099334717,1.3789318839424165,2.830266744277467,0.4165007366400285
0.5,29,sprl,1.0,1.0372142166825702,2.0658938739320987,0.9920141365032091,2.90486216545105,1.7100771413171252,3.40608317296094,0.4689483568075118
0.5,30,sprl,1.0,1.4618709190185066,2.1844277485276167,0.9870227777800008,2.5516245365142822,2.4102176792037566,3.6015124933050724,0.34723235270281216
0.5,31,sprl,1.0,1.1114983441056883,1.7992069248167513,0.989835113907293,1.9043943881988525,1.8325509622750187,2.966390727336344,0.3328918873896385
0.5,32,sprl,1.0,1.0828104852683693,2.320146193324161,0.9906169658199869,2.168557643890381,1.7852526791990884,3.825274380067476,0.4356031567080045
0.5,33,sprl,1.0,0.8085256988866958,1.3440443809240232,0.9946988571138671,3.8651654720306396,1.3330335176621824,2.215954559594423,0.34550387596899224
0.5,34,sprl,1.0,2.0604262851968094,2.781148033540286,0.9877663288331553,2.8576207160949707,3.397068643113628,4.585337919863703,0.38137295081967215
0.5,35,sprl,1.0,1.7077770824980638,4.113031529259002,0.9815874541734062,2.0392260551452637,2.8156484015287653,6.781242569349593,0.4826290393332358
0.5,36,sprl,1.0,0.9255265341092388,1.555139055368638,0.9946433024,3.220719337463379,1.5259352833832698,2.563990839482778,0.5503929430633521
0.5,37,sprl,1.0,1.578011918445032,1.9761873294864936,0.9866278265945679,2.5465495586395264,2.6017018153586404,3.2581820850124648,0.3428977550463861
0.5,38,sprl,1.0,0.8967725635752443,1.6774816839982223,0.9954631818527273,3.5185763835906982,1.4785280005467882,2.76569973361774,0.4731203007518796
0.5,39,sprl,1.0,1.2016957187890291,3.3819320396097305,0.9944783788509239,2.368577241897583,1.981261292476752,5.575863289766831,0.5097285236147266
0.5,40,sprl,1.0,0.8844370847352523,1.1233407635267825,0.9911921376550622,2.8146514892578125,1.458190234199022,1.852075811071129,0.4929018136335209
0.5,41,sprl,1.0,1.9890013611351554,2.9430892805367748,0.9876368375881845,1.7951663732528687,3.279308851555038,4.852333898390517,0.387161845191556
0.5,42,sprl,1.0,1.15146406740616,1.4513245013791063,0.9947146687999999,2.6206517219543457,1.8984433003794223,2.39282957611199,0.3572402597402597
0.5,43,sprl,1.0,1.2273077724247243,1.944176176791314,0.9899300597660613,2.052948236465454,2.023488430092235,3.205404616664292,0.4205607476635514
0.5,44,sprl,1.0,2.5444146077748746,3.7220643244214386,0.9913053921418038,2.827127695083618,4.19503048531856,6.136646622587729,0.38258083743108334
0.5,45,sprl,1.0,1.3514744245935424,2.2274234295530086,0.9933879379491838,2.6308183670043945,2.2282046306345897,3.672400387159874,0.4897033158813263
0.5,46,sprl,1.0,0.9108799744375996,1.4483191210659994,0.9938103152558444,3.674898147583008,1.5017871889100596,2.387874541663227,0.42512838468720826
0.5,47,sprl,1.0,1.1982910791996546,2.1954515149597875,0.9941591083891161,3.069861650466919,1.9756479907666824,3.6196876115050225,0.5193987975951904
0.5,48,sprl,1.0,1.5709138071094335,3.504960585299974,0.9902205893647088,3.3997011184692383,2.5899990082178412,5.778703069949638,0.5286453839516826
0.5,49,sprl,1.0,1.3282303019343036,4.165152451489103,0.989950929215285,2.474565029144287,2.18988155118754,6.867175442478868,0.44908424908424915
0.5,50,sprl,1.0,0.9904956066895971,1.6007982786927086,0.9931788843850747,3.1103832721710205,1.633051175284167,2.6392701721808205,0.3880873715124816
0.5,51,sprl,1.0,1.3574756479369352,1.9893561458592324,0.9835235429637669,2.493271589279175,2.238098975211064,3.2798937926761433,0.4634661835748791
0.5,52,sprl,1.0,1.8807552529485108,3.084265299217061,0.9910416217664869,2.6484084129333496,3.1008411905172095,5.085093803301464,0.45437133844073907
0.5,53,sprl,1.0,1.2625465009676358,4.386218654671506,0.9894007497168998,2.785222291946411,2.081587271393361,7.231651993898613,0.37682018422106534
0.5,54,sprl,1.0,1.2145087679992692,1.9095249577712872,0.9904546222877866,2.804058074951172,2.002386439252202,3.148274414810285,0.43081730769230775
0.5,55,sprl,1.0,1.6328774509315693,2.576578775966887,0.985233596848129,1.829925298690796,2.6921597857974833,4.248060233571106,0.4139210019267822
0.5,56,sprl,1.0,1.676866555704211,2.16003065745642,0.9904714379270383,2.0016279220581055,2.764685558515194,3.561288490312782,0.6095593461265103
0.5,57,sprl,1.0,1.145307761159845,2.039149086450909,0.9888930534780613,2.5116729736328125,1.8882932673221786,3.361988472960349,0.32626728110599085
0.5,58,sprl,1.0,1.0611750996629732,1.794992763645937,0.990947006551521,2.5493319034576416,1.7495819587516723,2.9594427501758642,0.45516666666666666
0.5,59,sprl,1.0,0.8049767484509988,1.1388981851863293,0.9941481365266394,2.7383313179016113,1.3271822875901882,1.8777256630784747,0.5187878787878788
0.5,60,sprl,1.0,1.0845575232867124,2.076375834763591,0.993793493627836,1.8455177545547485,1.7881330579406522,3.4233650047424677,0.38492205468949653
0.5,61,sprl,1.0,0.8551073752607957,1.5327351937955735,0.9930775906315684,2.590670108795166,1.4098337183250305,2.5270531163614454,0.3831700801424755
0.5,62,sprl,1.0,1.0232371025285154,1.7641972233938787,0.9896702324021545,2.3762617111206055,1.6870327759083315,2.908669487919594,0.4497842502696872
0.5,63,sprl,1.0,1.0154800060494535,1.9397863748351678,0.9949474000904178,2.2893407344818115,1.6742434859444288,3.198167056805033,0.4364171122994652
0.5,64,sprl,1.0,1.8260414886674519,2.6368299674800064,0.9907266984973163,2.1994569301605225,3.010633443546955,4.347397654603814,0.4274834437086093
0.5,65,sprl,1.0,1.4649816194240037,2.1408940072882103,0.9883961668335317,2.631023645401001,2.415346357129075,3.529737488130508,0.55853591160221
0.5,66,sprl,1.0,0.9415414423742992,1.3174123921117968,0.9938459480541301,2.8308067321777344,1.552339403288186,2.1720458331586574,0.5587392241379311
0.5,67,sprl,1.0,2.4181553005713154,4.682058830901313,0.9874427872767118,3.6486847400665283,3.9868640799081896,7.719409985176369,0.3914121292607349
0.5,68,sprl,1.0,1.09420635213175,1.5351946436827475,0.9932272059366043,3.016911029815674,1.8040412872948108,2.53110806370465,0.4803110328638498
0.5,69,sprl,1.0,1.428265432032707,5.075315389996813,0.9907882708697282,2.655519485473633,2.354811597998032,8.367780438999462,0.42210386151797596
0.5,70,sprl,1.0,1.1318905263630805,3.4639093644044108,0.9914182782354652,3.4362874031066895,1.8661719869187752,5.711021048870913,0.4562234494477485
0.5,71,sprl,1.0,1.0679315604044342,1.7398054107763932,0.9916241264965059,2.5172464847564697,1.7607214792907695,2.8684541876262135,0.3998628428927681
0.5,72,sprl,1.0,1.0524217174835961,1.4058209201004364,0.9936199530931147,3.2222704887390137,1.7351500713619659,2.317806853764815,0.3932341650671785
0.5,73,sprl,1.0,1.251663294639782,1.5522330114462954,0.9941775494526599,2.205368995666504,2.0636438976272107,2.559199583054423,0.5252557319223986
0.5,74,sprl,1.0,2.22611349762714,4.806189862802962,0.983628734758244,1.5631002187728882,3.6702406745305254,7.924067457826574,0.5403624382207578
0.5,75,sprl,1.0,0.8246687044864741,1.2859638897546615,0.9931272728203808,3.815596580505371,1.3596488343675681,2.120196018390785,0.27166890230270513
0.5,76,sprl,1.0,1.0280772300184078,1.3135593585648782,0.9933351701521423,2.829159736633301,1.6950127970538171,2.165693254793131,0.35659787367104434
0.5,77,sprl,1.0,1.1379612100590455,3.1000079946676573,0.9926906488359051,2.560368537902832,1.876180852256005,5.1110491201490165,0.4357881773399015
0.5,78,sprl,1.0,1.078371616415883,1.803984967481886,0.9935734285829485,1.9557435512542725,1.7779342217041456,2.9742683879106644,0.41752305665349143
0.5,79,sprl,1.0,2.0814871220585673,4.162982389218704,0.9844138748954662,1.4639567136764526,3.4317920928263543,6.863597614654918,0.4755452562704471
0.5,80,sprl,1.0,0.930698369855352,1.4577397223714563,0.9943735854979632,2.941304922103882,1.534462198986454,2.4034064874183194,0.43931824095758526
0.5,81,sprl,1.0,1.28914097769127,1.8625817915876224,0.9933544582140258,2.6504714488983154,2.125434150850756,3.070878218209266,0.4423237110440902
0.5,82,sprl,1.0,0.9318649617428217,1.5880329208050412,0.9933485722112246,3.067702293395996,1.5363855838455514,2.6182236551033236,0.4578172866520787
0.5,83,sprl,1.0,1.65351610490694,2.2930025047898295,0.9879595054535586,2.066480875015259,2.7261871736052967,3.780522003415664,0.3368865435356201
0.5,84,sprl,1.0,0.9179472989087287,1.620720674936019,0.9925535474929031,3.0304880142211914,1.5134392370925496,2.6721166506304828,0.42135642135642143
0.5,85,sprl,1.0,0.8894125216927752,1.602273159571766,0.9955438335831204,3.4708518981933594,1.4663933429419176,2.6417018396578715,0.5224103765087371
0.5,86,sprl,1.0,0.9366757289560372,1.5849780653025236,0.9918678091916434,3.425848960876465,1.5443171980783665,2.6131870498574075,0.38899435028248586
0.5,87,sprl,1.0,1.0851560452610576,1.5452098906187974,0.9912620754946717,2.1453332901000977,1.7891198538507367,2.5476204143594297,0.45935652413034517
0.5,88,sprl,1.0,2.342476928689957,3.562870616422851,0.9879478380716541,2.369751214981079,3.8620915384554397,5.874180570048832,0.4855392156862745
0.5,89,sprl,1.0,1.7651238942903367,11.948911116861325,0.9874742761385972,3.952714204788208,2.9101973099375225,19.700423920074492,0.39593984962406015
0.5,90,sprl,1.0,2.1198966938088706,2.9117924199369645,0.990980422025078,3.4840240478515625,3.4951187707695617,4.800734098613473,0.45895368072787435
0.5,91,sprl,1.0,1.3129630570595296,2.1540186968587576,0.990909058902454,2.0406224727630615,2.1647101198175127,3.5513764429968053,0.3961627661817416
0.5,92,sprl,1.0,0.9510809901769355,1.4316755438854325,0.9942837567999999,2.640758514404297,1.5680674586632533,2.3604339219450874,0.43456979358266923
0.5,93,sprl,1.0,1.2964174503215284,2.3212727503920503,0.9918988984202519,2.264209032058716,2.1374310260519307,3.8271317586679627,0.543305785123967
0.5,94,sprl,1.0,2.2154813714196004,3.24524518769738,0.991251187504001,1.9430224895477295,3.6527112618993867,5.3505047695939005,0.35536578214338077
0.5,95,sprl,1.0,0.7711077880066763,1.1461424511685305,0.9925647083076448,3.624396562576294,1.2713418120891324,1.8896694384939392,0.4089677962806973
0.5,96,sprl,1.0,1.5183164117589927,5.850691734565192,0.9941253011654906,3.619222402572632,2.5032805637201454,9.64615991108706,0.5449529190207156
0.5,97,sprl,1.0,1.0491636141049945,4.293047983002829,0.9930057229409714,3.924455404281616,1.7297783670195255,7.078039525713047,0.4129334965320277
0.5,98,sprl,1.0,1.0613678959182156,1.5883960538625759,0.992905460037041,2.20776104927063,1.7498998260386016,2.6188223602993754,0.5592836257309941
0.5,99,sprl,1.0,1.234440699570174,1.5741513704549728,0.9909857012146814,2.4489364624023438,2.0352486387992923,2.595336847770871,0.33389426549183876
0.5,100,sprl,1.0,1.1936253408314639,1.6611234048516443,0.9907733937237431,1.9545596837997437,1.9679554886755246,2.7387294908367266,0.5413084112149533
0.5,1,sprl_lambda_2.0,2.0,0.9705260717317811,3.2909605268718427,0.9936782108155894,6.178612232208252,1.600126978233226,5.425876621688108,0.4935194585448393
0.5,2,sprl_lambda_2.0,2.0,0.983566579478878,2.3874792116032544,0.9945959268819767,6.097820281982422,1.6216271407365945,3.936287759524658,0.2975179425837321
0.5,3,sprl_lambda_2.0,2.0,1.2521752297889974,2.2048966428005565,0.9898102935414044,5.7430901527404785,2.064487935996941,3.63525999468058,0.4578068592057762
0.5,4,sprl_lambda_2.0,2.0,2.7075876362423195,3.7416928125671878,0.9784412104873401,6.1052470207214355,4.464057328157393,6.1690085285053105,0.4494739756367664
0.5,5,sprl_lambda_2.0,2.0,1.1735332407689534,3.2856064414339716,0.993541626693035,7.153164863586426,1.9348292159294282,5.417049227141544,0.3677879865639201
0.5,6,sprl_lambda_2.0,2.0,0.674707520637783,0.8279636885887696,0.9938323193075557,5.943440914154053,1.1124046407768586,1.3650813447436414,0.3528648233486943
0.5,7,sprl_lambda_2.0,2.0,1.7215440091530136,3.054505681253361,0.9910800720205897,5.284894943237305,2.8383462263369497,5.036028488156802,0.43688307644402924
0.5,8,sprl_lambda_2.0,2.0,1.0770176287040565,1.9885784048178892,0.9932947940989719,5.866874694824219,1.7757018733633907,3.278611514478184,0.35322857633522237
0.5,9,sprl_lambda_2.0,2.0,0.86203689409464,1.2425342764408343,0.994835239898109,5.306455135345459,1.4212585634221067,2.0485926911419967,0.28463906750585083
0.5,10,sprl_lambda_2.0,2.0,0.7327894883121014,1.3590750328944528,0.9937863977586088,8.836627960205078,1.2081656163256247,2.2407359152105606,0.37969959946595455
0.5,11,sprl_lambda_2.0,2.0,1.281139999164509,4.591185948114821,0.9953862946472285,7.318060874938965,2.1122427673672703,7.569585930396441,0.4777270495827196
0.5,12,sprl_lambda_2.0,2.0,0.7598844233909791,1.116926837156191,0.9946876302300884,6.299578666687012,1.2528376121184093,1.8415010342352303,0.3575846833578792
0.5,13,sprl_lambda_2.0,2.0,1.5380490464660033,7.950355935584663,0.992265393962463,6.492941379547119,2.5358141782885495,13.107920940635452,0.3524521750742831
0.5,14,sprl_lambda_2.0,2.0,0.8174799108463211,1.2617464190033885,0.9941590378936666,5.548411846160889,1.347796517382374,2.080268159240603,0.3490081060483591
0.5,15,sprl_lambda_2.0,2.0,0.9669331908491264,2.179624617914656,0.9934123054098977,5.000747203826904,1.5942033190989013,3.5935934696975327,0.4578857142857144
0.5,16,sprl_lambda_2.0,2.0,0.9249815038636667,1.688407557022158,0.9941037365345154,8.181327819824219,1.5250366804242201,2.7837134528732714,0.4045197740112994
0.5,17,sprl_lambda_2.0,2.0,0.9134066752184655,1.5672457539646976,0.9902227330602462,4.519582271575928,1.5059530142321678,2.5839514109760566,0.3601910343252911
0.5,18,sprl_lambda_2.0,2.0,0.9790472642893551,1.9559586187656681,0.9922989215043632,5.2372918128967285,1.6141760496546298,3.2248305793682,0.43662027833001976
0.5,19,sprl_lambda_2.0,2.0,0.7005655978421741,0.9267973919427769,0.9930433655611602,6.131937026977539,1.1550374026831443,1.5280305737254598,0.26250354811240423
0.5,20,sprl_lambda_2.0,2.0,1.3348007519142784,4.0624246219042455,0.9942261348061855,7.420900821685791,2.2007143918275958,6.697805884749456,0.3110189686397865
0.5,21,sprl_lambda_2.0,2.0,1.0488079632396252,2.5583805833267435,0.9916453025915941,5.746636390686035,1.7291919978728483,4.218056486277003,0.4063235342856196
0.5,22,sprl_lambda_2.0,2.0,0.9782308037650853,3.32609851611525,0.9923065354528912,6.337027549743652,1.6128299338215792,5.483809371963346,0.3848305752561071
0.5,23,sprl_lambda_2.0,2.0,0.9545734684723322,1.3917890621838287,0.992081639687942,5.513609409332275,1.5738255819163323,2.294672231150262,0.5065700360782328
0.5,24,sprl_lambda_2.0,2.0,0.9080966358848468,1.5951435404633025,0.9934625738890158,4.3871750831604,1.4971982394345762,2.6299470849817577,0.40934911919469225
0.5,25,sprl_lambda_2.0,2.0,0.7880701528193405,1.182866536955927,0.9943660536687469,5.800141334533691,1.2993080237571473,1.9502172198786363,0.412639751552795
0.5,26,sprl_lambda_2.0,2.0,0.9098350120279245,1.3436784383080942,0.9935717311031885,6.042870044708252,1.5000643371581461,2.215351222219685,0.4543883140596471
0.5,27,sprl_lambda_2.0,2.0,0.8505603861337091,1.182038812658199,0.9936387522559043,5.749267578125,1.4023370006335605,1.9488525332226967,0.29632214258770273
0.5,28,sprl_lambda_2.0,2.0,2.568847816090736,3.090499754307757,0.9819247143951745,5.104319095611572,4.235314035580368,5.095372682020719,0.34379101185552796
0.5,29,sprl_lambda_2.0,2.0,0.704349278501666,1.2247101007956473,0.9941789965597954,7.495776176452637,1.1612756374679851,2.0192055936230817,0.33946560545764637
0.5,30,sprl_lambda_2.0,2.0,0.8859507653931751,1.7856567673991253,0.9867349213145058,3.616459608078003,1.4606858716967868,2.944050294580569,0.38299031969413483
0.5,31,sprl_lambda_2.0,2.0,1.1746122733073014,2.769459212074126,0.9919602825686153,3.398616075515747,1.9366082398271804,4.566066311283029,0.3440542133176194
0.5,32,sprl_lambda_2.0,2.0,0.8319290804984434,1.5007672991432575,0.9941158667669633,5.088567733764648,1.3716191707317829,2.4743469684686707,0.4524749373433584
0.5,33,sprl_lambda_2.0,2.0,0.9394536773282264,1.676533685783047,0.9912549982163659,6.0305328369140625,1.5488972606485016,2.764136748795795,0.5262450592885376
0.5,34,sprl_lambda_2.0,2.0,1.1142301721462067,1.7978364554841826,0.9920173898455291,6.485629558563232,1.8370549852733165,2.964131205396896,0.4073588342440801
0.5,35,sprl_lambda_2.0,2.0,0.8645400716683428,1.5268065302408242,0.9920257846541691,5.479240894317627,1.42538560553221,2.5172784026519053,0.5270750988142293
0.5,36,sprl_lambda_2.0,2.0,1.2551718876523867,2.4691101193330964,0.9840654463999999,3.6938908100128174,2.0694285895573215,4.070874373445408,0.3904699728662339
0.5,37,sprl_lambda_2.0,2.0,1.9799008187531493,3.469044922477007,0.9842717486481504,4.435567378997803,3.2643045937549164,5.719488152702119,0.33342338427823853
0.5,38,sprl_lambda_2.0,2.0,0.7824130071393651,1.1217394440185176,0.9948353521414086,6.480222702026367,1.2899809673431226,1.8494356815366657,0.3787965072133638
0.5,39,sprl_lambda_2.0,2.0,0.8812360585056191,1.32025551115925,0.9952914255119248,5.7306928634643555,1.452912634166157,2.1767333440073258,0.35461997019374075
0.5,40,sprl_lambda_2.0,2.0,1.2277905989621938,1.724852979707059,0.988181275710284,6.682876110076904,2.0242844764746195,2.843801796473525,0.3282465865927523
0.5,41,sprl_lambda_2.0,2.0,1.470884406290837,4.4666020447050725,0.9922912515976093,8.71804428100586,2.4250784073928324,7.3641817988579374,0.49246298788694487
0.5,42,sprl_lambda_2.0,2.0,1.0047625650377705,1.5741385528273055,0.9936307904000001,6.139472007751465,1.6565734129809933,2.595315715075496,0.419494711076143
0.5,43,sprl_lambda_2.0,2.0,1.5077769451254264,2.4191598941560883,0.9878197224960787,5.158514022827148,2.4859039208995504,3.9885203747198132,0.3901074097135741
0.5,44,sprl_lambda_2.0,2.0,1.0024875565329128,1.91303828476442,0.9946790391783403,6.083193778991699,1.6528225580680107,3.1540669117547884,0.33123236532534617
0.5,45,sprl_lambda_2.0,2.0,0.7475586386871176,1.0430319460453474,0.994278319662975,5.338559150695801,1.2325158286990825,1.7196689554647127,0.4208333333333334
0.5,46,sprl_lambda_2.0,2.0,0.8493085484717932,1.286432396646639,0.9946687886297257,6.676159381866455,1.4002730692528962,2.120968455669058,0.3764915150031935
0.5,47,sprl_lambda_2.0,2.0,2.733080915081398,3.809720591385746,0.9738557127522263,4.364999294281006,4.506088639239271,6.281167374441951,0.42761806981519507
0.5,48,sprl_lambda_2.0,2.0,1.0513590752834399,1.621658629647369,0.9892590381031375,4.122661590576172,1.7333980705634247,2.6736630765140386,0.48238067177371835
0.5,49,sprl_lambda_2.0,2.0,1.4173262345696551,3.5186460079201436,0.9902492995545085,9.718463897705078,2.3367759104563097,5.801266517322032,0.3582588335461899
0.5,50,sprl_lambda_2.0,2.0,1.1855270397275681,2.0207067093944238,0.9905500465574304,9.602933883666992,1.9546036473889974,3.331582133625049,0.3845528455284553
0.5,51,sprl_lambda_2.0,2.0,1.1123069508705168,1.9361672258544798,0.9901728176276507,3.413022994995117,1.8338841294478234,3.19220008889874,0.4130885873902634
0.5,52,sprl_lambda_2.0,2.0,0.6575761852362706,0.742048825547325,0.9958022488089951,6.042004585266113,1.084159843704887,1.2234316825779235,0.5239195979899498
0.5,53,sprl_lambda_2.0,2.0,2.801339361579238,3.6729238055323594,0.9730413938007466,2.9759373664855957,4.618627791885207,6.055627603842062,0.42370420017873106
0.5,54,sprl_lambda_2.0,2.0,1.243130084807809,3.5213156715216436,0.9909947279591045,8.219532012939453,2.049575013069889,5.80566804848744,0.36772547294324687
0.5,55,sprl_lambda_2.0,2.0,0.9573116115431882,1.5004252505479811,0.9936082365004347,5.298086166381836,1.5783400166394728,2.4737830256740256,0.4047351287363126
0.5,56,sprl_lambda_2.0,2.0,0.8201271941861078,1.4774098636110853,0.9947557000703533,6.488622188568115,1.3521611497342505,2.4358370676777716,0.3243031687251923
0.5,57,sprl_lambda_2.0,2.0,0.8189643058207018,1.3374063420202604,0.9888198062057925,5.230344295501709,1.3502438709507558,2.205010283658054,0.4732532051282051
0.5,58,sprl_lambda_2.0,2.0,0.7845239359163223,1.7281195241576102,0.993137880502061,6.722056865692139,1.2934613005186248,2.849187417790836,0.49489252814738993
0.5,59,sprl_lambda_2.0,2.0,1.2142011083669508,3.5795218228243226,0.9882743148053278,9.0590238571167,2.0018791942722634,5.901633768225756,0.4925338253382533
0.5,60,sprl_lambda_2.0,2.0,1.2444736004402173,1.7365629149353552,0.9878306610116231,5.731025695800781,2.0517900958705586,2.8631082157629373,0.3899317406143344
0.5,61,sprl_lambda_2.0,2.0,1.7873968856559226,3.132329708319847,0.9880035327795016,3.3243255615234375,2.9469192645640843,5.16433861695286,0.3499006199422649
0.5,62,sprl_lambda_2.0,2.0,1.3553171419609278,3.3270890089561798,0.9927936963667643,6.158803939819336,2.234540200495487,5.485442418578663,0.3984519434235438
0.5,63,sprl_lambda_2.0,2.0,1.5995814992496045,5.554960150637516,0.9935921776668226,7.440231800079346,2.637264042031224,9.158580958247661,0.5343033292231814
0.5,64,sprl_lambda_2.0,2.0,1.4331228472806161,1.9652985291491003,0.9868343223810874,5.70074462890625,2.362820121837883,3.2402294882837976,0.5023042616451934
0.5,65,sprl_lambda_2.0,2.0,0.8295470493892848,1.0340137970592742,0.9922643117698385,5.862656116485596,1.3676918653746437,1.704800541409031,0.31824244642348826
0.5,66,sprl_lambda_2.0,2.0,0.9523046793112384,2.1968410199481565,0.9934961562616255,6.787968635559082,1.570084980967703,3.6219785179350903,0.47184451219512197
0.5,67,sprl_lambda_2.0,2.0,0.745479163785544,1.0317973650432206,0.99459693791081,5.234726428985596,1.2290873541969711,1.7011462627991027,0.478136173449981
0.5,68,sprl_lambda_2.0,2.0,0.8259632186528313,1.1511012919291086,0.9906512054526211,6.9823079109191895,1.3617831274088639,1.897845184733919,0.42323699830412664
0.5,69,sprl_lambda_2.0,2.0,0.9519363007945906,1.6298908982448301,0.9925088607923082,4.147164821624756,1.5694776274716369,2.68723579285679,0.2617240628910288
0.5,70,sprl_lambda_2.0,2.0,0.869302391445483,1.4586207890019238,0.9953094575638234,5.238612174987793,1.433237343446657,2.4048591207128753,0.4740030843798193
0.5,71,sprl_lambda_2.0,2.0,0.8207278334281044,1.3037806770522185,0.9944193120772482,4.653381824493408,1.3531514364285475,2.149570934583807,0.3720469119993496
0.5,72,sprl_lambda_2.0,2.0,0.9648152518238013,1.584798251502849,0.9930525833352535,4.291874408721924,1.5907114279778019,2.6128905870211185,0.32067873303167427
0.5,73,sprl_lambda_2.0,2.0,2.577609503113943,3.8442234475155836,0.9778033800652967,4.41337776184082,4.249759615342747,6.3380529672431205,0.5235228848821081
0.5,74,sprl_lambda_2.0,2.0,1.6516570789513134,2.686129991544347,0.9911944314309779,4.819407939910889,2.7231221579694713,4.42867965292472,0.47438667001590884
0.5,75,sprl_lambda_2.0,2.0,0.7977506888638464,1.3658300788220228,0.9902225499628411,5.457747459411621,1.3152685294455033,2.251873103115902,0.34113416185536743
0.5,76,sprl_lambda_2.0,2.0,0.6823166121457043,0.8382547394724716,0.9948326766866092,4.584181785583496,1.1249499117966721,1.3820484192334583,0.3318580470162749
0.5,77,sprl_lambda_2.0,2.0,1.9051860711826254,2.5678987573453074,0.9853187850297394,5.317839622497559,3.141120800200403,4.2337493022396355,0.4044401544401544
0.5,78,sprl_lambda_2.0,2.0,0.7884628113409012,1.389887894380611,0.9942848438807007,6.071989059448242,1.299955408213766,2.2915377353539266,0.37512128459173216
0.5,79,sprl_lambda_2.0,2.0,1.0536065413850748,1.9947212120643676,0.9945153301669741,6.20529842376709,1.7371035157303676,3.288739291447264,0.5599628942486087
0.5,80,sprl_lambda_2.0,2.0,0.8490826940355254,1.7996259385454443,0.9916056839121847,4.32669734954834,1.3999006982397395,2.9670815641835557,0.4814049039098741
0.5,81,sprl_lambda_2.0,2.0,1.3809846001668955,2.9891782288061415,0.9912004757579193,5.965002059936523,2.2768586848044725,4.92832172774642,0.4325218994928538
0.5,82,sprl_lambda_2.0,2.0,0.6355441893887732,0.6923419533843841,0.9937565530055023,7.840620517730713,1.0478352235151411,1.1414789051429106,0.32222448149654337
0.5,83,sprl_lambda_2.0,2.0,1.0582840703169922,2.0885289309687893,0.9902645318744212,6.321764945983887,1.7448154571747354,3.443402072960843,0.38230759893177957
0.5,84,sprl_lambda_2.0,2.0,0.8073376186564554,1.1796604894710265,0.9939331599793202,6.732292652130127,1.3310747045152866,1.944931341195406,0.4609740259740259
0.5,85,sprl_lambda_2.0,2.0,0.8166158445807803,1.2976655623761164,0.9941944236399701,5.332910060882568,1.3463719129510825,2.139488814944547,0.45995162404975803
0.5,86,sprl_lambda_2.0,2.0,0.7228039578127534,1.2119684754451543,0.9951971403448433,6.032802581787109,1.1917022597921247,1.9981982048844318,0.2943820915715999
0.5,87,sprl_lambda_2.0,2.0,1.2853751593929408,2.1652040128432755,0.9903762381497072,4.615340232849121,2.119225366120709,3.5698179113799817,0.416701680672269
0.5,88,sprl_lambda_2.0,2.0,3.1141328408820943,3.7941064593582827,0.9694861583177853,4.634950160980225,5.134337054548126,6.255424022844752,0.47784841075794626
0.5,89,sprl_lambda_2.0,2.0,0.8735252175180347,1.5881889045129474,0.9929028978139298,4.985196113586426,1.44019960661494,2.6184808287604313,0.3501868909357896
0.5,90,sprl_lambda_2.0,2.0,1.5469027171640588,2.593616720350099,0.9875621392212973,5.684062957763672,2.550411413492208,4.276151054884714,0.4051530612244897
0.5,91,sprl_lambda_2.0,2.0,0.7889169935814272,1.028061658429472,0.9922387874349624,4.104807376861572,1.3007042281344956,1.6949871238439203,0.30224748743718594
0.5,92,sprl_lambda_2.0,2.0,0.8672515196409502,1.6330159252083192,0.9944594496000001,6.727956771850586,1.4298560274790446,2.6923880912830054,0.48303009788158296
0.5,93,sprl_lambda_2.0,2.0,0.8617015537857053,1.3043800245757784,0.9923027683200285,5.906450271606445,1.420705680721843,2.1505590915944417,0.34241934366411864
0.5,94,sprl_lambda_2.0,2.0,1.9696144789778796,2.463844456916269,0.9836806030343768,3.6149675846099854,3.2473452865697805,4.062192763814458,0.4739289446185998
0.5,95,sprl_lambda_2.0,2.0,0.9775293441814942,2.399776464355276,0.9914591884228325,5.1874308586120605,1.611673422485576,3.9565625017080914,0.5226510369702435
0.5,96,sprl_lambda_2.0,2.0,1.4607158343049702,2.153332413206694,0.9922671342902464,5.773788928985596,2.4083132664670885,3.550244952541914,0.41409395973154367
0.5,97,sprl_lambda_2.0,2.0,1.545144699356583,2.444528093630237,0.9905288402394767,7.25540828704834,2.547512932138753,4.030345464792206,0.41613172851888997
0.5,98,sprl_lambda_2.0,2.0,1.5180357216197828,2.0071411938319557,0.9898976927247948,5.05463981628418,2.5028177839171546,3.3092163795691945,0.4249318057828696
0.5,99,sprl_lambda_2.0,2.0,0.9240953231165293,1.3162556528045561,0.992235049350988,4.392898082733154,1.5235756153767297,2.1701386924581545,0.35056240824017665
0.5,100,sprl_lambda_2.0,2.0,1.6814672586274888,2.089883246031286,0.9912839026054245,5.558073043823242,2.7722708352849743,3.4456349610116104,0.39909090909090905
0.5,1,sprl_lambda_5.0,5.0,1.1620249476787274,2.5967044195228826,0.99118142333124,16.190006256103516,1.9158552483221216,4.281241810188406,0.49111940298507467
0.5,2,sprl_lambda_5.0,5.0,0.666513543574536,0.993846574338399,0.9954121778374045,15.527782440185547,1.0988950565010542,1.6385759869241745,0.3396999801311345
0.5,3,sprl_lambda_5.0,5.0,0.7932082140545678,1.459223446552166,0.9936475976728658,23.781511306762695,1.3077792546058262,2.405852735034908,0.4859870459025627
0.5,4,sprl_lambda_5.0,5.0,1.4195331266264706,1.952498869794981,0.9855307130984223,12.233404159545898,2.3404144603325205,3.2191264176489454,0.32557924003707134
0.5,5,sprl_lambda_5.0,5.0,0.7766982233949502,1.0312561742379036,0.9951465207297719,17.93267250061035,1.2805588818262543,1.7002539900068694,0.2650748732460795
0.5,6,sprl_lambda_5.0,5.0,0.9045082866168467,1.3184978647374714,0.9914324687974311,14.489164352416992,1.4912820516697232,2.1738354749653697,0.5135115070527098
0.5,7,sprl_lambda_5.0,5.0,1.3627634535130702,3.4377359536429073,0.9921939140937482,21.728351593017578,2.246817092739764,5.667868389821651,0.348011748757343
0.5,8,sprl_lambda_5.0,5.0,1.3245307930769086,3.630940553337718,0.9945900477755929,13.246111869812012,2.1837820922432094,5.986408922935589,0.3981316652429111
0.5,9,sprl_lambda_5.0,5.0,1.250482347034137,2.7593586156954193,0.9932657793335592,11.546843528747559,2.0616968441902013,4.549413243186699,0.2914174532207319
0.5,10,sprl_lambda_5.0,5.0,0.9941085150660722,1.9540975481889127,0.9912888016390086,24.481273651123047,1.6390078541735522,3.221762192722029,0.3736562001064395
0.5,11,sprl_lambda_5.0,5.0,0.8324473739223646,1.5109406572075743,0.9948617951115487,19.70199966430664,1.3724736921242657,2.491120000303759,0.46581577363034327
0.5,12,sprl_lambda_5.0,5.0,2.1573951151709747,7.179330738348113,0.9788969739568629,11.313555717468262,3.556943215686939,11.83671529770579,0.4515222482435597
0.5,13,sprl_lambda_5.0,5.0,2.4194969522943555,12.491113754719878,0.9950326648052263,18.385875701904297,3.989076089641837,20.594364942141606,0.45452477560555754
0.5,14,sprl_lambda_5.0,5.0,1.1054010185875507,2.7331936588969707,0.9923205216034017,12.08213996887207,1.8224981719988826,4.506274522366146,0.41577879249112126
0.5,15,sprl_lambda_5.0,5.0,0.8203125190468854,1.373848247333724,0.9931619935601181,10.446548461914062,1.352466698774204,2.2650928280932012,0.34906026127265066
0.5,16,sprl_lambda_5.0,5.0,0.7703357407068975,1.156562485395779,0.9928976963170676,13.13986587524414,1.2700689212840004,1.9068491705658273,0.3382590983161325
0.5,17,sprl_lambda_5.0,5.0,1.0012271461738063,1.886902565043823,0.9890504366128751,11.558194160461426,1.650744492699141,3.110976394726383,0.34912125130857813
0.5,18,sprl_lambda_5.0,5.0,1.446046190829931,7.000270027131287,0.9887418767155557,20.77527618408203,2.384127113236204,11.541494094375917,0.287605046075382
0.5,19,sprl_lambda_5.0,5.0,2.3745805696210462,3.61151356026358,0.978502893304159,10.786946296691895,3.9150214941254453,5.954379226228514,0.44579439252336456
0.5,20,sprl_lambda_5.0,5.0,0.7858529828627514,1.714485842372622,0.9944051649693145,22.211864471435547,1.2956525284889615,2.8267092766339688,0.38912493677288823
0.5,21,sprl_lambda_5.0,5.0,0.7972794166047075,1.089216284379214,0.9964683353430157,13.160476684570312,1.3144915328475701,1.7958140564489697,0.3546787869528684
0.5,22,sprl_lambda_5.0,5.0,0.7788756396682481,0.8719867136789833,0.9920553032234236,18.80012321472168,1.2841488343512093,1.4376630426104422,0.5042289348171701
0.5,23,sprl_lambda_5.0,5.0,0.7388025204985418,1.3545104443923812,0.9927502793553808,32.17500305175781,1.2180794303928133,2.233210181055202,0.5036967418546366
0.5,24,sprl_lambda_5.0,5.0,1.7272969485427403,3.8245185286209136,0.9839102262461977,11.645833969116211,2.8478312198778406,6.305565048324057,0.42053370786516864
0.5,25,sprl_lambda_5.0,5.0,0.9043656717049215,2.393349234748794,0.9925056599993696,14.57118034362793,1.4910469194309133,3.945965791544211,0.45086116910229646
0.5,26,sprl_lambda_5.0,5.0,0.930820324584222,3.627521381434708,0.9935135133405305,17.186758041381836,1.5346632683420043,5.980771661490916,0.35266803592283835
0.5,27,sprl_lambda_5.0,5.0,0.9443541971847534,2.446622465975831,0.9921909861111977,18.540943145751953,1.5569768519734462,4.033798501027153,0.3925442834138486
0.5,28,sprl_lambda_5.0,5.0,0.7934489536556535,1.2166186891881139,0.9939802561881844,13.479466438293457,1.3081761671068362,2.0058651111957513,0.4231143552311435
0.5,29,sprl_lambda_5.0,5.0,0.7443727216619989,1.043537826554109,0.9936792652832781,18.57541275024414,1.2272631395330835,1.7205030114199407,0.3896994535519126
0.5,30,sprl_lambda_5.0,5.0,0.7490214017621264,1.869809121003476,0.9918986167518277,8.904512405395508,1.2349275172948442,3.0827940699475405,0.43225704336815446
0.5,31,sprl_lambda_5.0,5.0,1.0075396239866816,1.3565635409936068,0.9911886541190483,16.429122924804688,1.6611520091400511,2.236595165092445,0.475672385168788
0.5,32,sprl_lambda_5.0,5.0,1.0741158568964633,2.4118253141706143,0.9908398198823548,10.425289154052734,1.770917660461494,3.976427696686111,0.41881188118811885
0.5,33,sprl_lambda_5.0,5.0,1.0676513432284107,3.0500864899321414,0.9942991310365291,17.957387924194336,1.7602594792722441,5.028742473426214,0.5335606820461385
0.5,34,sprl_lambda_5.0,5.0,0.8599625266241487,1.4672844819421527,0.9946644844517185,19.274059295654297,1.4178385096502593,2.4191431355462454,0.35101101749837976
0.5,35,sprl_lambda_5.0,5.0,0.7092245483570239,1.0560010864553675,0.993575123133596,14.46023178100586,1.169313598578917,1.7410514531214094,0.4097188476223533
0.5,36,sprl_lambda_5.0,5.0,1.2510939609974718,1.9015023125180617,0.9905477055999998,15.814512252807617,2.0627052251410083,3.135047308934011,0.48766002680593434
0.5,37,sprl_lambda_5.0,5.0,0.7285932451298821,1.1753136397182662,0.992651961462046,12.189714431762695,1.2012471809340692,1.9377645975474926,0.4652190923317684
0.5,38,sprl_lambda_5.0,5.0,0.7756284744848556,1.2780728867308981,0.9950918139672559,16.661725997924805,1.278795164043873,2.1071859538583473,0.31371646569093714
0.5,39,sprl_lambda_5.0,5.0,1.8849828126308585,7.763170604569708,0.9940406465690327,28.64562225341797,3.1078112580886508,12.79930450382805,0.49122480850747385
0.5,40,sprl_lambda_5.0,5.0,0.9257418289059904,2.2626136397590697,0.9937593725490195,10.975064277648926,1.5262902444941453,3.7304192352470156,0.413557917172375
0.5,41,sprl_lambda_5.0,5.0,0.6835607485395668,0.8985749240958986,0.9941327214044754,27.301626205444336,1.1270011459328855,1.481499590674661,0.36243049193599924
0.5,42,sprl_lambda_5.0,5.0,0.7526979316602294,1.4752482126943067,0.9948235456,20.285995483398438,1.2409890903402117,2.4322731078314503,0.49482529319308427
0.5,43,sprl_lambda_5.0,5.0,0.7582048810777323,0.935753540910626,0.9952703415022847,18.82674789428711,1.2500685149815185,1.5427967670323117,0.35039943923884914
0.5,44,sprl_lambda_5.0,5.0,0.7995587169624941,1.2588735127443864,0.9923933181268945,12.711050987243652,1.3182494638297675,2.0755315375826586,0.3679405237461163
0.5,45,sprl_lambda_5.0,5.0,0.8427003410977829,1.6159211910801023,0.994144701591856,14.928647994995117,1.3893779771941681,2.664203639508851,0.36412249806717634
0.5,46,sprl_lambda_5.0,5.0,0.8163049537724003,1.7610943703458886,0.9934393322792856,19.62860870361328,1.3458593406624413,2.9035537480995157,0.5294856459330143
0.5,47,sprl_lambda_5.0,5.0,0.9338257387284851,1.667408842004806,0.9936994341271851,12.966337203979492,1.5396183585689138,2.7490924247667934,0.35692218660968655
0.5,48,sprl_lambda_5.0,5.0,1.0901935440732553,2.2134558242277387,0.9908230677070534,15.455262184143066,1.7974252852935335,3.649371699159357,0.32084808259587017
0.5,49,sprl_lambda_5.0,5.0,1.4846140960931418,2.4048343736929896,0.9888357268720985,15.561511993408203,2.4477148390100067,3.9649015844184525,0.3732080419580419
0.5,50,sprl_lambda_5.0,5.0,0.6698905342577778,0.905895509436728,0.9951433887248609,11.94540023803711,1.104462772871471,1.4935691954400623,0.35460415314730687
0.5,51,sprl_lambda_5.0,5.0,1.3069191267590148,1.5587165189278547,0.9862722346035577,11.19033432006836,2.1547453633724247,2.569889079748013,0.36239593864951497
0.5,52,sprl_lambda_5.0,5.0,2.923020997508418,3.7756132709282118,0.9661084084336338,9.639862060546875,4.819246893295235,6.224933909717029,0.39330902461257977
0.5,53,sprl_lambda_5.0,5.0,0.6978729771817525,1.1951220264511324,0.9952562412803847,16.872678756713867,1.1505980217263805,1.9704231060922233,0.3133311293855118
0.5,54,sprl_lambda_5.0,5.0,1.0183649338658427,7.282958888760913,0.9929800284795214,17.029375076293945,1.6789999277997443,12.007569233534685,0.49823770491803276
0.5,55,sprl_lambda_5.0,5.0,1.3670354402241884,2.60097476190977,0.9929254591397362,20.7099666595459,2.253860408098533,4.288282414514839,0.4936778846153846
0.5,56,sprl_lambda_5.0,5.0,0.7455782344201997,1.0571868051099425,0.9949891573900871,14.13892936706543,1.2292506940596297,1.7430063726882732,0.4616429180367799
0.5,57,sprl_lambda_5.0,5.0,1.205551200741311,21.3014081436068,0.9930134493615186,17.03431510925293,1.9876179075802796,35.12008470222946,0.4178376800311406
0.5,58,sprl_lambda_5.0,5.0,1.0045408186977483,2.853958239917267,0.9944647223143556,21.09645652770996,1.6562078150734985,4.705381655841498,0.33508408796895217
0.5,59,sprl_lambda_5.0,5.0,0.8007222904506266,1.2816525477196385,0.9922424180327869,11.87020206451416,1.3201678721896741,2.1130878170723792,0.3946430405752439
0.5,60,sprl_lambda_5.0,5.0,0.8339078612715236,1.2235659120542366,0.9896247229598227,15.933159828186035,1.3748816286824126,2.017319145307422,0.3896101838546847
0.5,61,sprl_lambda_5.0,5.0,0.8076006388230667,1.30697196526551,0.9947333784405964,13.645731925964355,1.3315083514586017,2.1548324793419957,0.6018131868131869
0.5,62,sprl_lambda_5.0,5.0,1.2232789934003159,2.712912139401448,0.9923135829049501,16.58025550842285,2.0168460964197426,4.472835949771759,0.33755206525511977
0.5,63,sprl_lambda_5.0,5.0,0.7068678820503835,1.1212691140422528,0.9917760393037035,14.103021621704102,1.1654281127112167,1.84866023850055,0.30884506680369983
0.5,64,sprl_lambda_5.0,5.0,2.3706876223559634,10.603223819228067,0.9937673495360203,23.346059799194336,3.90860310916379,17.481760648755564,0.273490813648294
0.5,65,sprl_lambda_5.0,5.0,0.7523624789972394,1.3942656868999994,0.9919667995773782,12.605815887451172,1.240436022399427,2.2987554949993543,0.29961970189535664
0.5,66,sprl_lambda_5.0,5.0,0.9262990055073229,2.6523677035243116,0.9922051529855076,13.599893569946289,1.5272088734082985,4.373015050518584,0.3576583592938733
0.5,67,sprl_lambda_5.0,5.0,0.8360337021743667,1.7422413578877087,0.99208097842691,15.86617374420166,1.3783865477970543,2.87247038544294,0.3887508069722402
0.5,68,sprl_lambda_5.0,5.0,1.0608155082124944,3.4847575895586513,0.9927128841796558,15.532946586608887,1.748989092678506,5.745393961139055,0.3702321504462388
0.5,69,sprl_lambda_5.0,5.0,0.7926193520340596,1.3087959138748313,0.9923001223044573,11.233488082885742,1.306808385267107,2.1578396622108476,0.3783714285714286
0.5,70,sprl_lambda_5.0,5.0,1.6998633339458058,9.112900343766514,0.9937765537899873,19.318603515625,2.8026008359596855,15.024632634538362,0.4888223863194714
0.5,71,sprl_lambda_5.0,5.0,0.7739505969933514,1.138061855776091,0.9929028260113041,12.122546195983887,1.2760288117340013,1.876346788990503,0.34232365145228216
0.5,72,sprl_lambda_5.0,5.0,0.7906489882133558,1.6741149262760138,0.9951654671101312,14.067534446716309,1.3035598045248946,2.7601488885478407,0.4084522353580649
0.5,73,sprl_lambda_5.0,5.0,0.7975689234088101,1.0852148298000828,0.9942396005377376,16.60025405883789,1.3149688488735067,1.7892167731706157,0.4439021615472127
0.5,74,sprl_lambda_5.0,5.0,1.1058325514356595,2.2555632237088625,0.9949402873885429,11.853943824768066,1.8232096493845655,3.7187950643377534,0.41769968051118206
0.5,75,sprl_lambda_5.0,5.0,0.9279551069329404,1.6271180309350866,0.9942329429251234,15.387184143066406,1.5299393230551508,2.6826641075423865,0.35779960148021633
0.5,76,sprl_lambda_5.0,5.0,0.6970986610920772,0.9815612554552583,0.9939690326428943,19.5567684173584,1.1493213903190875,1.6183209203642066,0.34539590218109717
0.5,77,sprl_lambda_5.0,5.0,1.064050076555944,2.117048191767373,0.9896104385742561,10.673989295959473,1.7543219943078847,3.490422384864112,0.4150417215634607
0.5,78,sprl_lambda_5.0,5.0,2.375936871851603,4.400190151793366,0.9800787076533561,11.055689811706543,3.917257658462463,7.254687098386947,0.4696428571428572
0.5,79,sprl_lambda_5.0,5.0,0.7856921866023228,1.0792565590775614,0.9934471056622346,10.828325271606445,1.2953874202741438,1.779393245493805,0.3637209302325582
0.5,80,sprl_lambda_5.0,5.0,0.7855131069670638,1.1299995971839472,0.994240695706602,16.65448570251465,1.295092167870343,1.8630543717597505,0.31009035237425964
0.5,81,sprl_lambda_5.0,5.0,1.1797804030630035,3.8641050671556676,0.9918527608618695,22.06706428527832,1.9451290452851446,6.370832216439696,0.43786778939217974
0.5,82,sprl_lambda_5.0,5.0,0.7456103034356004,1.2771273174332445,0.9925054801718581,18.032548904418945,1.2293035669274512,2.1056269736443847,0.41496623004502664
0.5,83,sprl_lambda_5.0,5.0,0.6797000176358354,0.9433208690077977,0.9946209713205503,16.367191314697266,1.1206358767714542,1.5552731818284853,0.3854963557263123
0.5,84,sprl_lambda_5.0,5.0,0.8606940452351098,1.2681555805950366,0.9941088053245954,16.02444839477539,1.4190445799440639,2.0908350802841076,0.3954838709677419
0.5,85,sprl_lambda_5.0,5.0,1.20172986048603,2.518328476916463,0.9929687770750389,18.66001319885254,1.9813175826188152,4.15202172650203,0.3255095062234988
0.5,86,sprl_lambda_5.0,5.0,0.8100010773349952,1.7666108871998825,0.9923548117712474,15.438726425170898,1.335466005492226,2.912648946776871,0.5353815854258985
0.5,87,sprl_lambda_5.0,5.0,0.9748845223091082,2.101801717291555,0.9911576266757932,16.10552215576172,1.6073128484073602,3.4652851980926442,0.4786836935166995
0.5,88,sprl_lambda_5.0,5.0,0.7848446399489287,1.381845441668903,0.9950353272056524,18.134496688842773,1.2939900520787824,2.2782779724995335,0.37593399339933997
0.5,89,sprl_lambda_5.0,5.0,0.8289642546823486,2.7218828162705764,0.9935173868995812,11.406315803527832,1.3667309993448664,4.487626095538468,0.40385364989369243
0.5,90,sprl_lambda_5.0,5.0,1.0183236971771794,2.354291390078711,0.9929922703192934,26.593719482421875,1.6789319399940117,3.8815702922489437,0.4162214802448525
0.5,91,sprl_lambda_5.0,5.0,0.7932286931409986,1.623621507915225,0.9927873107767625,13.455161094665527,1.3078130189112294,2.676899315666048,0.4705714866788694
0.5,92,sprl_lambda_5.0,5.0,1.076333855652845,3.9190471916227256,0.9927409536,26.024492263793945,1.774574522189527,6.461416465705989,0.5055272226051
0.5,93,sprl_lambda_5.0,5.0,1.0127546044536373,1.592013986512585,0.9859999897581057,11.626477241516113,1.6697500583622065,2.624787322815406,0.4476076555023923
0.5,94,sprl_lambda_5.0,5.0,0.984122218940706,1.9690825102310787,0.9935444017668524,21.711837768554688,1.6225432353361504,3.2464682183815823,0.34128862590401055
0.5,95,sprl_lambda_5.0,5.0,0.7646929481075546,1.114159300260715,0.9939761493651291,16.023372650146484,1.2607655290993147,1.8369381372882119,0.4434407690132881
0.5,96,sprl_lambda_5.0,5.0,1.1252338230176004,3.112240307992425,0.9920958237905257,15.662400245666504,1.8551969385203413,5.131216795317429,0.464572758037225
0.5,97,sprl_lambda_5.0,5.0,2.755595187339822,4.384097567627397,0.9810159950177352,6.775234222412109,4.543208398806069,7.228154912571983,0.5149902534113061
0.5,98,sprl_lambda_5.0,5.0,0.8063258678474146,1.208731252874524,0.9945485861929672,15.750395774841309,1.329406609435773,1.9928609271742432,0.30689532230462063
0.5,99,sprl_lambda_5.0,5.0,0.9017072873545131,2.9835172334603945,0.990478776760056,13.269119262695312,1.4866639846066985,4.918988324306553,0.4894969108561343
0.5,100,sprl_lambda_5.0,5.0,1.2264696523952174,2.0019154550714853,0.9899291631886661,19.905088424682617,2.0221066037721873,3.3006005929196847,0.34717607973421927
0.8,1,raw,,1.0,1.0,0.9912343020348734,,2.225540928492468,2.225540928492468,0.0
0.8,2,raw,,1.0,1.0,0.9911716412985747,,2.225540928492468,2.225540928492468,0.0
0.8,3,raw,,1.0,1.0,0.9908825506378565,,2.225540928492468,2.225540928492468,0.0
0.8,4,raw,,1.0,1.0,0.990913433936324,,2.225540928492468,2.225540928492468,0.0
0.8,5,raw,,1.0,1.0,0.9909771222537815,,2.225540928492468,2.225540928492468,0.0
0.8,6,raw,,1.0,1.0,0.9906232635772626,,2.225540928492468,2.225540928492468,0.0
0.8,7,raw,,1.0,1.0,0.9925216615429127,,2.225540928492468,2.225540928492468,0.0
0.8,8,raw,,1.0,1.0,0.9916346242472657,,2.225540928492468,2.225540928492468,0.0
0.8,9,raw,,1.0,1.0,0.9914350610316256,,2.225540928492468,2.225540928492468,0.0
0.8,10,raw,,1.0,1.0,0.9906166787601018,,2.225540928492468,2.225540928492468,0.0
0.8,11,raw,,1.0,1.0,0.9921775309936198,,2.225540928492468,2.225540928492468,0.0
0.8,12,raw,,1.0,1.0,0.9903006710670433,,2.225540928492468,2.225540928492468,0.0
0.8,13,raw,,1.0,1.0,0.9912134769941563,,2.225540928492468,2.225540928492468,0.0
0.8,14,raw,,1.0,1.0,0.9914166834292442,,2.225540928492468,2.225540928492468,0.0
0.8,15,raw,,1.0,1.0,0.9913405092383698,,2.225540928492468,2.225540928492468,0.0
0.8,16,raw,,1.0,1.0,0.990885534279234,,2.225540928492468,2.225540928492468,0.0
0.8,17,raw,,1.0,1.0,0.9913247860785755,,2.225540928492468,2.225540928492468,0.0
0.8,18,raw,,1.0,1.0,0.9905284295751566,,2.225540928492468,2.225540928492468,0.0
0.8,19,raw,,1.0,1.0,0.9908185558680112,,2.225540928492468,2.225540928492468,0.0
0.8,20,raw,,1.0,1.0,0.9918500786421695,,2.225540928492468,2.225540928492468,0.0
0.8,21,raw,,1.0,1.0,0.9914981861657052,,2.225540928492468,2.225540928492468,0.0
0.8,22,raw,,1.0,1.0,0.9899666812769131,,2.225540928492468,2.225540928492468,0.0
0.8,23,raw,,1.0,1.0,0.9903869584606236,,2.225540928492468,2.225540928492468,0.0
0.8,24,raw,,1.0,1.0,0.9904424666014927,,2.225540928492468,2.225540928492468,0.0
0.8,25,raw,,1.0,1.0,0.9911384403283495,,2.225540928492468,2.225540928492468,0.0
0.8,26,raw,,1.0,1.0,0.9911165300907779,,2.225540928492468,2.225540928492468,0.0
0.8,27,raw,,1.0,1.0,0.9911387006535184,,2.225540928492468,2.225540928492468,0.0
0.8,28,raw,,1.0,1.0,0.9911218266930651,,2.225540928492468,2.225540928492468,0.0
0.8,29,raw,,1.0,1.0,0.9910932733688228,,2.225540928492468,2.225540928492468,0.0
0.8,30,raw,,1.0,1.0,0.9903920870361997,,2.225540928492468,2.225540928492468,0.0
0.8,31,raw,,1.0,1.0,0.9909968126150109,,2.225540928492468,2.225540928492468,0.0
0.8,32,raw,,1.0,1.0,0.9914512060300784,,2.225540928492468,2.225540928492468,0.0
0.8,33,raw,,1.0,1.0,0.9905040058548648,,2.225540928492468,2.225540928492468,0.0
0.8,34,raw,,1.0,1.0,0.9912075114809606,,2.225540928492468,2.225540928492468,0.0
0.8,35,raw,,1.0,1.0,0.9906652934222027,,2.225540928492468,2.225540928492468,0.0
0.8,36,raw,,1.0,1.0,0.9909115136000001,,2.225540928492468,2.225540928492468,0.0
0.8,37,raw,,1.0,1.0,0.9909469603867108,,2.225540928492468,2.225540928492468,0.0
0.8,38,raw,,1.0,1.0,0.9918541818167272,,2.225540928492468,2.225540928492468,0.0
0.8,39,raw,,1.0,1.0,0.9924543826065014,,2.225540928492468,2.225540928492468,0.0
0.8,40,raw,,1.0,1.0,0.9909987803121248,,2.225540928492468,2.225540928492468,0.0
0.8,41,raw,,1.0,1.0,0.9905151965675323,,2.225540928492468,2.225540928492468,0.0
0.8,42,raw,,1.0,1.0,0.9910113664000001,,2.225540928492468,2.225540928492468,0.0
0.8,43,raw,,1.0,1.0,0.9912465362432493,,2.225540928492468,2.225540928492468,0.0
0.8,44,raw,,1.0,1.0,0.9908898902781189,,2.225540928492468,2.225540928492468,0.0
0.8,45,raw,,1.0,1.0,0.99114203025467,,2.225540928492468,2.225540928492468,0.0
0.8,46,raw,,1.0,1.0,0.9919805157451911,,2.225540928492468,2.225540928492468,0.0
0.8,47,raw,,1.0,1.0,0.9914871813415411,,2.225540928492468,2.225540928492468,0.0
0.8,48,raw,,1.0,1.0,0.9906969937843041,,2.225540928492468,2.225540928492468,0.0
0.8,49,raw,,1.0,1.0,0.9910521666489867,,2.225540928492468,2.225540928492468,0.0
0.8,50,raw,,1.0,1.0,0.9917765320146942,,2.225540928492468,2.225540928492468,0.0
0.8,51,raw,,1.0,1.0,0.9909904241584679,,2.225540928492468,2.225540928492468,0.0
0.8,52,raw,,1.0,1.0,0.991087234748939,,2.225540928492468,2.225540928492468,0.0
0.8,53,raw,,1.0,1.0,0.9918192627671808,,2.225540928492468,2.225540928492468,0.0
0.8,54,raw,,1.0,1.0,0.9902808767185034,,2.225540928492468,2.225540928492468,0.0
0.8,55,raw,,1.0,1.0,0.9904423588524504,,2.225540928492468,2.225540928492468,0.0
0.8,56,raw,,1.0,1.0,0.9905922850666389,,2.225540928492468,2.225540928492468,0.0
0.8,57,raw,,1.0,1.0,0.9911292138463201,,2.225540928492468,2.225540928492468,0.0
0.8,58,raw,,1.0,1.0,0.9912289713966353,,2.225540928492468,2.225540928492468,0.0
0.8,59,raw,,1.0,1.0,0.9909527151639346,,2.225540928492468,2.225540928492468,0.0
0.8,60,raw,,1.0,1.0,0.9910706822852366,,2.225540928492468,2.225540928492468,0.0
0.8,61,raw,,1.0,1.0,0.9910056010409369,,2.225540928492468,2.225540928492468,0.0
0.8,62,raw,,1.0,1.0,0.9902622652425911,,2.225540928492468,2.225540928492468,0.0
0.8,63,raw,,1.0,1.0,0.9914297826373969,,2.225540928492468,2.225540928492468,0.0
0.8,64,raw,,1.0,1.0,0.9908838773295983,,2.225540928492468,2.225540928492468,0.0
0.8,65,raw,,1.0,1.0,0.9909220474596687,,2.225540928492468,2.225540928492468,0.0
0.8,66,raw,,1.0,1.0,0.9908882671776185,,2.225540928492468,2.225540928492468,0.0
0.8,67,raw,,1.0,1.0,0.9908568533238248,,2.225540928492468,2.225540928492468,0.0
0.8,68,raw,,1.0,1.0,0.9898447460696772,,2.225540928492468,2.225540928492468,0.0
0.8,69,raw,,1.0,1.0,0.991757137240387,,2.225540928492468,2.225540928492468,0.0
0.8,70,raw,,1.0,1.0,0.991348548086657,,2.225540928492468,2.225540928492468,0.0
0.8,71,raw,,1.0,1.0,0.9907290957163829,,2.225540928492468,2.225540928492468,0.0
0.8,72,raw,,1.0,1.0,0.9909075983009056,,2.225540928492468,2.225540928492468,0.0
0.8,73,raw,,1.0,1.0,0.9913093527943154,,2.225540928492468,2.225540928492468,0.0
0.8,74,raw,,1.0,1.0,0.9918859585122152,,2.225540928492468,2.225540928492468,0.0
0.8,75,raw,,1.0,1.0,0.990751940678948,,2.225540928492468,2.225540928492468,0.0
0.8,76,raw,,1.0,1.0,0.9912790658976348,,2.225540928492468,2.225540928492468,0.0
0.8,77,raw,,1.0,1.0,0.9906386966440581,,2.225540928492468,2.225540928492468,0.0
0.8,78,raw,,1.0,1.0,0.9912181190163655,,2.225540928492468,2.225540928492468,0.0
0.8,79,raw,,1.0,1.0,0.9911387481544021,,2.225540928492468,2.225540928492468,0.0
0.8,80,raw,,1.0,1.0,0.9916044615104245,,2.225540928492468,2.225540928492468,0.0
0.8,81,raw,,1.0,1.0,0.9910116001200917,,2.225540928492468,2.225540928492468,0.0
0.8,82,raw,,1.0,1.0,0.990627392475028,,2.225540928492468,2.225540928492468,0.0
0.8,83,raw,,1.0,1.0,0.99119540140492,,2.225540928492468,2.225540928492468,0.0
0.8,84,raw,,1.0,1.0,0.9909261766959658,,2.225540928492468,2.225540928492468,0.0
0.8,85,raw,,1.0,1.0,0.991646573571066,,2.225540928492468,2.225540928492468,0.0
0.8,86,raw,,1.0,1.0,0.9912044650553606,,2.225540928492468,2.225540928492468,0.0
0.8,87,raw,,1.0,1.0,0.9913881500830967,,2.225540928492468,2.225540928492468,0.0
0.8,88,raw,,1.0,1.0,0.9915174130427861,,2.225540928492468,2.225540928492468,0.0
0.8,89,raw,,1.0,1.0,0.9905948304403841,,2.225540928492468,2.225540928492468,0.0
0.8,90,raw,,1.0,1.0,0.991504237979697,,2.225540928492468,2.225540928492468,0.0
0.8,91,raw,,1.0,1.0,0.992152407923307,,2.225540928492468,2.225540928492468,0.0
0.8,92,raw,,1.0,1.0,0.9912979904,,2.225540928492468,2.225540928492468,0.0
0.8,93,raw,,1.0,1.0,0.990601154389516,,2.225540928492468,2.225540928492468,0.0
0.8,94,raw,,1.0,1.0,0.9916679085845976,,2.225540928492468,2.225540928492468,0.0
0.8,95,raw,,1.0,1.0,0.9907913015030367,,2.225540928492468,2.225540928492468,0.0
0.8,96,raw,,1.0,1.0,0.9915468429247851,,2.225540928492468,2.225540928492468,0.0
0.8,97,raw,,1.0,1.0,0.9909290937096343,,2.225540928492468,2.225540928492468,0.0
0.8,98,raw,,1.0,1.0,0.9905932298331881,,2.225540928492468,2.225540928492468,0.0
0.8,99,raw,,1.0,1.0,0.9909989860165125,,2.225540928492468,2.225540928492468,0.0
0.8,100,raw,,1.0,1.0,0.9913644914183187,,2.225540928492468,2.225540928492468,0.0
0.8,1,ae,,1.131084289627025,1.7871921981864793,0.987771278166014,,2.5172743801397726,3.9774693841464317,0.42523768366464987
0.8,2,ae,,1.2398322767289953,2.05618545816389,0.9881874067396669,,2.7592974763263785,4.576124893714774,0.4194145225205113
0.8,3,ae,,1.6112996358640703,2.3571438839426198,0.9878384727866073,,3.5860132876804984,5.24592018806,0.3904370668455175
0.8,4,ae,,1.4652406119143806,2.2976928042977165,0.9875914934852554,,3.2609529519048026,5.113609377067203,0.36649679520857414
0.8,5,ae,,1.2769822016247674,2.537354114922409,0.9863841875808442,,2.8419761546723405,5.646985432838602,0.4792052980132451
0.8,6,ae,,1.0901627942049144,1.7603124364814227,0.9873505625645393,,2.4262019172227482,3.9176473743237037,0.4245073687696639
0.8,7,ae,,1.5187379691254137,1.9473124956405536,0.9871429293792416,,3.3800135099441384,4.333823659612863,0.4716565349544074
0.8,8,ae,,1.0742817521871486,1.3310595543297643,0.9865960914137069,,2.390858008225102,2.9623275164218343,0.34933292282430217
0.8,9,ae,,1.1354771757751065,1.90885561385026,0.9864934231037369,,2.5270509280565356,4.248236295206367,0.3532292917166866
0.8,10,ae,,1.3837146916002336,2.203700532029102,0.9873737428549887,,3.0795136795126528,4.904425728171393,0.2966868442292172
0.8,11,ae,,1.257960762570692,1.7692670007971554,0.9894165564265962,,2.7996431635386707,3.937576123705185,0.38321484462329536
0.8,12,ae,,1.1074132302059554,2.458339669824603,0.9868291169991914,,2.464593468577405,5.471135551331314,0.39170363797693
0.8,13,ae,,1.4544974147175942,2.153000681190289,0.9865761386521823,,3.237043526840489,4.791591135061152,0.335842803030303
0.8,14,ae,,1.9829899196887595,3.5590560377790434,0.9865684947717561,,4.413225227055326,7.9208248788754965,0.3619047619047619
0.8,15,ae,,1.349040290820422,1.901822331588189,0.9870965041463702,,3.002344381406231,4.232583437670488,0.4156999999999999
0.8,16,ae,,1.1460987012156918,2.1331083848436947,0.9868256889248013,,2.5506895676475825,4.7473200153801045,0.43836872586872583
0.8,17,ae,,1.0093308608239344,1.8893187486189067,0.9856196727691966,,2.246307141154201,4.204756202019549,0.4444284341978867
0.8,18,ae,,1.2508322091951678,1.7341592713857819,0.9865516241447828,,2.783778276240499,3.8594424349937344,0.3775009028530155
0.8,19,ae,,1.0863006902724859,1.8104116224365312,0.9878829429859476,,2.417606646851037,4.029145163150953,0.3856939285630855
0.8,20,ae,,1.3561895559714994,1.8352581076112986,0.9861125674475831,,3.0182553636085983,4.084442032836579,0.39817531435178494
0.8,21,ae,,1.1612220338339023,2.533215484752553,0.9875306572557213,,2.584347163364615,5.637774742007694,0.4066083075866803
0.8,22,ae,,1.1429151159101425,1.7870778550613104,0.9874758726901849,,2.543604368250735,3.9772149088414768,0.37278156996587025
0.8,23,ae,,1.300805655980973,1.563817209625344,0.985828762840096,,2.8949962274001484,3.4803392047020885,0.4664780763790666
0.8,24,ae,,1.9910933653252807,3.845911366911863,0.9854837637830663,,4.431259776981218,8.559233154416765,0.41550000000000004
0.8,25,ae,,1.2137237397823892,1.6486999119773853,0.9866465393798186,,2.7011918587686488,3.6692491329076002,0.3544270833333333
0.8,26,ae,,1.16144980067943,2.6025896399791706,0.9870055150385487,,2.5848540678014906,5.792169763844121,0.41222222222222216
0.8,27,ae,,1.2649359610014537,1.954801327701927,0.9863987694791009,,2.815166753130687,4.350490361872056,0.3406803685329554
0.8,28,ae,,1.3707276290322268,1.8555242196689687,0.9883637869660372,,3.050610440226661,4.129545094682339,0.4475348837209302
0.8,29,ae,,1.101196464423547,2.0440791393731645,0.9879884075297617,,2.450757801885804,4.549181785752637,0.40653679653679653
0.8,30,ae,,1.357137628414341,2.4173129698561624,0.9846000856277433,,3.0203653376333186,5.379828951390569,0.35505461165048546
0.8,31,ae,,1.109886751337881,2.412481505740508,0.9871703122152478,,2.4700983910939964,5.369076330256637,0.3102584336160979
0.8,32,ae,,1.0760051668187682,1.441283000184245,0.9891587687981911,,2.3946935380245344,3.207634306450454,0.41721755368814184
0.8,33,ae,,1.2503912982248606,1.5736689882004238,0.9866880820116383,,2.7827970108302584,3.5022647411393737,0.3524054982817869
0.8,34,ae,,1.0437101132822126,2.2463510656402637,0.9874810080706095,,2.3228195745910742,4.999346236345077,0.39160460021905796
0.8,35,ae,,1.107804625064931,2.034324095962631,0.9870009067317511,,2.4654645338552568,4.527471537383274,0.4078781084386465
0.8,36,ae,,0.980479074963522,2.3310756411452482,0.9874852032000001,,2.182096310861753,5.187904246780571,0.33253505593193633
0.8,37,ae,,1.170536268217268,1.591228714657325,0.9861509411740609,,2.605076373202367,3.5413446310623393,0.3416267942583733
0.8,38,ae,,1.4865267795942552,2.246500859618736,0.9876112400449601,,3.3083261892871167,4.999679608975009,0.39241269841269844
0.8,39,ae,,1.0590591349434932,2.8288580248619533,0.9876848696467488,,2.356979450510572,6.29573931522464,0.36809986130374484
0.8,40,ae,,1.402136646980418,1.8433561477299563,0.9868006594637855,,3.120512495194115,4.1024645525612256,0.5082151029748283
0.8,41,ae,,1.2389792366446541,1.7118439968165138,0.9861569186638515,,2.757399000705033,3.8097788781092814,0.5340026773761714
0.8,42,ae,,1.334449054549325,2.016859695651616,0.9866620288,,2.969870987887601,4.488603799699534,0.49341216216216227
0.8,43,ae,,1.2319904888611548,1.8269016988720774,0.9887176172458951,,2.741845256473944,4.06584450317223,0.4116303770578863
0.8,44,ae,,1.3903489029393739,2.2640304702518046,0.9869162737056608,,3.0942783883761784,5.03869247489944,0.311910058877702
0.8,45,ae,,1.5470461115412795,2.514351771923637,0.9881026144280373,,3.4430144395002413,5.595792777043613,0.4398541398541398
0.8,46,ae,,1.3213191952053214,2.1688475294068206,0.9878660430279961,,2.940649948532171,4.82685894435465,0.388339029391661
0.8,47,ae,,1.292967282675884,1.6694779203530972,0.9882356182592903,,2.87755160679687,3.715491440960306,0.3639366363329963
0.8,48,ae,,1.119550536729093,2.2659569322793645,0.9866564522405178,,2.4916055410063063,5.042979894988961,0.37448717144470234
0.8,49,ae,,1.037627329036656,1.4580492976215207,0.9882193764399112,,2.309282089293399,3.2449483876163896,0.41113402061855664
0.8,50,ae,,1.3404299268295294,2.1024964155149086,0.9871219667061966,,2.983181663935282,4.679191824737135,0.5342621259029928
0.8,51,ae,,1.5714392961900276,3.168291347211553,0.9842532966805274,,3.497302470312304,7.051162066607851,0.4634831460674157
0.8,52,ae,,1.2829456957426664,1.994836003382152,0.9861970391881568,,2.8552481549085487,4.439589171157318,0.38436949221721306
0.8,53,ae,,1.4412003849468469,2.45172380522301,0.9875960591779357,,3.207450442858308,5.456411673883104,0.37361865122451443
0.8,54,ae,,1.4511502526098945,2.3560844920290434,0.9879959009465855,,3.229594280575504,5.243562467997021,0.42467030068577455
0.8,55,ae,,1.208674641161325,2.0512204718030147,0.9865404172759483,,2.6899548831354756,4.5650751133592395,0.4168016194331984
0.8,56,ae,,1.0290844501262284,1.4870670424272583,0.9856646888683765,,2.290269562631087,3.3095285663341087,0.3903030303030303
0.8,57,ae,,1.5743564465310051,2.337085428396979,0.9858615419178062,,3.5037947077907154,5.20127927428083,0.3283247047403334
0.8,58,ae,,1.1959525778133124,2.126981047715149,0.9874945195991233,,2.6616414104596,4.733683375817854,0.4150586774994357
0.8,59,ae,,1.3973724949830229,2.3738178551553895,0.9835005251024591,,3.109909679934353,5.283028793434524,0.3978067387158296
0.8,60,ae,,1.0618237414880327,2.056997224427614,0.9874116463434536,,2.3631321955266227,4.5779315127590605,0.45000000000000007
0.8,61,ae,,1.247661150843609,2.0140531929186967,0.9882407959163249,,2.7767209560924666,4.482357813001496,0.309452736318408
0.8,62,ae,,1.6200146495264547,1.9343885276112966,0.9864345482519918,,3.605408907278506,4.305060839805223,0.37774049217002237
0.8,63,ae,,1.0695619814588158,1.5737138791590841,0.9888291897211854,,2.3803539652960968,3.5023646478051913,0.4903225806451613
0.8,64,ae,,1.4112357103244106,2.5844477427653327,0.9871121869595456,,3.1407628330771162,5.751794229074221,0.5215324675324676
0.8,65,ae,,1.1288372951896866,2.3102815605103975,0.9861038578882124,,2.512273602053381,5.1416261692573375,0.40912017167381964
0.8,66,ae,,1.2761237480559775,2.45593238718765,0.9875825545719646,,2.8400656311197885,5.465778045296326,0.4054238550328907
0.8,67,ae,,2.0813268705448045,4.8110697854871844,0.9846702853606454,,4.632078135968607,10.707232717435206,0.4133568812140241
0.8,68,ae,,1.1905200111251883,1.7133272270249857,0.9839417133164675,,2.649551010948415,3.8130798676446123,0.47000000000000003
0.8,69,ae,,1.3793617668511677,2.4051905437725773,0.9884403389320067,,3.069826067324959,5.352849995988925,0.42429149797570853
0.8,70,ae,,1.0471441894572706,1.6927982142102138,0.9882957833118812,,2.3304622516702267,3.7673917094037908,0.3353620474406992
0.8,71,ae,,1.480733683858235,4.122770254424635,0.9853786231144925,,3.295433417623929,9.17539393999333,0.4997126436781608
0.8,72,ae,,1.4390231082767888,2.065603111093992,0.989211659638315,,3.202604824516442,4.597084265761054,0.5007758620689655
0.8,73,ae,,1.1538476093432708,1.7171377944270148,0.9889963254593176,,2.567935079836637,3.821560441358607,0.3514367816091954
0.8,74,ae,,1.1373823312581353,2.159900363111063,0.9885653229089066,,2.531290929559158,4.806946659569413,0.4362814319336059
0.8,75,ae,,1.138443198910074,1.7484284861131127,0.9867018027654396,,2.5336519339382617,3.891199156386857,0.35789144865287004
0.8,76,ae,,1.1780483918032054,2.064864522465308,0.9879229419309253,,2.6217949117027644,4.595440506538598,0.3716061334749071
0.8,77,ae,,1.312560096915631,2.3403330880863504,0.986680236890012,,2.9211562167917773,5.208507073841341,0.38603190449449887
0.8,78,ae,,1.345172160366641,2.3562317043657615,0.9862887402231437,,2.993735698764593,5.243890095077567,0.4186314791403287
0.8,79,ae,,1.344286420363126,1.8842227800651223,0.9883060991761331,,2.9917644481347674,4.1934149154327915,0.3935161949226729
0.8,80,ae,,1.3622476770822298,2.7709486482172796,0.9879836882965111,,3.031737960090293,6.166859627358433,0.39124873265649096
0.8,81,ae,,1.1534483005206762,2.0435377364841583,0.9869960163596196,,2.567046401708845,4.54797687146435,0.38610407876230657
0.8,82,ae,,1.4619074013575872,2.564398572212786,0.986308082621471,,3.2535347553873755,5.707173979427203,0.3719707769066288
0.8,83,ae,,1.0131552643259698,1.7346212011295903,0.9867471270382535,,2.2548185076750507,3.860470478544668,0.37078313253012046
0.8,84,ae,,1.50886763937522,2.4940494734871774,0.9872233900230076,,3.3580466871073655,5.550609180930803,0.3873949579831933
0.8,85,ae,,1.1724366024201498,2.438274052060346,0.9881719509676095,,2.6093056447486944,5.426478697741475,0.48921100659834327
0.8,86,ae,,1.2791784062289036,1.9966684217846054,0.9874230151682895,,2.8468638979061893,4.443667293310101,0.3895833333333333
0.8,87,ae,,1.0266047547112565,1.587429750075624,0.9883025898923049,,2.284750898994872,3.5328898798998707,0.44700575815738963
0.8,88,ae,,1.0347959768680666,2.0531212269037256,0.9875681388109022,,2.302980799159227,4.569305321630912,0.5051926298157453
0.8,89,ae,,1.5162970281833459,2.1713604426830715,0.9860358937898682,,3.374581095973533,4.832451535700699,0.44336973478939157
0.8,90,ae,,1.3775984402572332,2.9377110520621006,0.9886644299640494,,3.0659017118198584,6.537996182448872,0.39384932198779954
0.8,91,ae,,1.6238727796986931,2.910923584119205,0.9895560743475768,,3.6139953338842745,6.478379576171278,0.37232504604051564
0.8,92,ae,,1.4579804663887064,1.9484502749891848,0.9870977472000002,,3.2447952008906027,4.336355834120835,0.3369300911854103
0.8,93,ae,,1.2595180001127737,2.2861751985855516,0.9860749092152085,,2.8031088594239586,5.087976474156541,0.3903133903133903
0.8,94,ae,,1.3307129639015303,2.0776730049457313,0.9870143972857053,,2.9615561652383757,4.623946308530659,0.36834499000856397
0.8,95,ae,,1.1783733955020648,1.7103727995852867,0.9869232079212739,,2.622518220736487,3.8065046684573005,0.3582843582976648
0.8,96,ae,,0.9237715435282398,1.5350663017447608,0.9878246334769775,,2.055891378698759,3.416352882482534,0.3837209302325581
0.8,97,ae,,1.5740122859291632,2.5173042384197375,0.9870358535972773,,3.5030287642853417,5.602363612070687,0.4094560244026436
0.8,98,ae,,1.3522843947855998,1.8422424943427291,0.9873941317197366,,3.009564267557019,4.099986071367797,0.45090909090909087
0.8,99,ae,,1.1649937460475455,1.8165272417235876,0.9875560819062824,,2.5927412632665727,4.042755724177375,0.3521997558775142
0.8,100,ae,,1.1066737311392285,2.0566671933630767,0.9874036651845866,,2.4629476831378225,4.577197015117259,0.36391927004652846
0.8,1,vae,,0.7128441967396744,1.0945830057057355,0.988638118972283,,1.5864639354824823,2.436039278830419,0.36227600115240566
0.8,2,vae,,0.9864934862071855,1.566382399589566,0.9884399728604021,,2.195481629245311,3.486048139956823,0.48268774328301534
0.8,3,vae,,1.9318313057126268,5.833205472866332,0.9883626011793113,,4.299369637806496,12.982037524170282,0.44565192083818383
0.8,4,vae,,0.6547120559993042,7.995402903244597,0.9883929763520888,,1.457088477003904,17.794096400958352,0.35730198019801973
0.8,5,vae,,1.042968614644557,5.814808006956909,0.9881349246292674,,2.32116933902455,12.941093210808315,0.2995953166745246
0.8,6,vae,,0.8905672255265824,4.483214835689843,0.988122638701257,,1.9819938099833911,9.97757810805238,0.24857481180749383
0.8,7,vae,,0.9587368230243727,2.8821393041194083,0.9904222152668033,,2.133708039293581,6.414318982934543,0.38772174535050064
0.8,8,vae,,1.0611692769662733,4.487874105862984,0.9893395395518413,,2.3616756579472007,9.987947504519608,0.2539962463858783
0.8,9,vae,,1.402626756425851,4.79685680095068,0.9890986319978949,,3.121603253824367,10.675601138633185,0.35626405068465156
0.8,10,vae,,0.8022110244098339,1.540314892509674,0.9883960071014316,,1.7853534681119556,3.4280338360467555,0.2950319233838786
0.8,11,vae,,0.9145509627326222,12.274338331176475,0.9898356286948025,,2.0353705987536403,27.317042326197182,0.2594897187599093
0.8,12,vae,,1.2008621140394207,1.892556775188173,0.988020387430312,,2.6725677842707203,4.211962562676997,0.4864541832669323
0.8,13,vae,,1.2642731681429111,5.249339008331877,0.9891634414661505,,2.8136916804968886,11.682618810574656,0.41329586962629944
0.8,14,vae,,1.0093650707532829,1.6604058562805057,0.9885191691074419,,2.246383276752127,3.6953011910608478,0.4049636098981077
0.8,15,vae,,1.1443711385894264,8.644279755307117,0.9887747583764226,,2.5468448063162947,19.238198392774844,0.3654970760233919
0.8,16,vae,,1.0499232848171887,4.686274392070661,0.9880929153449525,,2.336647242137908,10.429495461699416,0.47773901630284604
0.8,17,vae,,1.018994213199836,20.126167446137288,0.988829636799286,,2.2678133273732146,44.79160938507126,0.45252976190476185
0.8,18,vae,,1.4016581597061253,5.503700718747488,0.9878654709840633,,3.1194476021814137,12.248711207745947,0.4449585723390695
0.8,19,vae,,0.9843201572734921,2.3880644324838305,0.9884554883975822,,2.1906447967522995,5.3147351343699025,0.31404912494602355
0.8,20,vae,,2.0766602172544832,11.619010756396726,0.9896125632866217,,4.621692308071912,25.858583986955143,0.36816895795975296
0.8,21,vae,,1.5839283013269176,3.998373457602108,0.98898224951294,,3.525097262400606,8.898543777291435,0.3455389007851535
0.8,22,vae,,1.09495716650684,3.5912720352120715,0.9875234512058574,,2.4368719890071144,7.992522899714908,0.3196961325966851
0.8,23,vae,,1.18312147317949,2.0494605477044523,0.9873114671539581,,2.633085261939258,4.561158330246848,0.4067265964042158
0.8,24,vae,,1.0204061531871518,3.4369353351778464,0.9879342190091877,,2.270955657603561,7.649040257020276,0.45274153074027607
0.8,25,vae,,0.8975722585971154,1.1710864819268827,0.9887647496407345,,1.9975837977873057,2.6063008963325323,0.23060137732222935
0.8,26,vae,,0.8499977839575389,2.389413679711133,0.9883855755508437,,1.8917048573254012,5.317737939296919,0.40937323546019205
0.8,27,vae,,0.8920511119723038,3.508657760161813,0.9886078188255423,,1.9852962600015793,7.808661449312824,0.3766789030446988
0.8,28,vae,,1.0148711266951516,4.1079957359361865,0.9885902928605674,,2.2586372296053248,9.142512644398519,0.32613697164258965
0.8,29,vae,,1.117802111062386,1.4323618210882305,0.9884615080611444,,2.487714348124623,3.1877798572418627,0.30833767248112476
0.8,30,vae,,1.079885591890146,1.561360343032623,0.9872076184683837,,2.4033295828408336,3.474871347544142,0.3522890654559213
0.8,31,vae,,0.7935319935582928,1.3056702177946646,0.988004648356443,,1.7660379297322022,2.905822508815701,0.35601692857390643
0.8,32,vae,,0.6533034813963862,2.716941110144433,0.9892138454598797,,1.453953636574275,6.0466636409301975,0.43867303609341823
0.8,33,vae,,1.1482765996254554,2.0050935841585877,0.987596456673696,,2.55553656969661,4.462417837002594,0.30491909385113275
0.8,34,vae,,0.9629070932361244,1.6337710161756132,0.9891155626247028,,2.1429891463327078,3.6360242642835567,0.23630374479889035
0.8,35,vae,,0.9487307973132572,18.722446333415,0.9881834884580103,,2.111439219541946,41.66757059651882,0.4889185818635312
0.8,36,vae,,0.8011089736229271,1.1875876717696174,0.9888800448,,1.782900808980417,2.643024969696363,0.24161033034057713
0.8,37,vae,,0.9899340820653066,3.0005084625510148,0.9885634357973864,,2.2031388161459615,6.677754389695293,0.3837634989200864
0.8,38,vae,,1.0725851238822,6.567768085441644,0.9895530654122617,,2.387082092492,14.616836682996995,0.4579159049360146
0.8,39,vae,,1.1113650331888876,1.833430306301797,0.9897634959661488,,2.4733883678572592,4.080374186213131,0.3429510544129133
0.8,40,vae,,0.8418416995041127,2.489459548509521,0.988743343737495,,1.8735531575580602,5.540394115034319,0.22515660322866565
0.8,41,vae,,0.947054804310679,1.4923144004664057,0.9878378563460524,,2.107709228518841,3.3212067764166853,0.26794138994737804
0.8,42,vae,,1.1945781862029752,3.111675329661658,0.9886673727999998,,2.6585826456790174,6.925160802342313,0.3921680993314231
0.8,43,vae,,0.8459108589040355,3.343684007306111,0.9891678483977842,,1.8826092383471482,7.441505610205458,0.3901416122004357
0.8,44,vae,,0.7257661504662349,2.001715285109338,0.9882994452465799,,1.6152222723770286,4.454899294199801,0.3245332235035695
0.8,45,vae,,1.440220322123908,10.875853454567512,0.9885979288654849,,3.2052692729333634,24.204656995426195,0.2841025641025641
0.8,46,vae,,0.9969194319044061,3.182834308369066,0.989249007809991,,2.2186849981127157,7.083528021885373,0.4333333333333333
0.8,47,vae,,1.0064632120294381,4.681686147928269,0.9887523166033358,,2.2399250713935075,10.419284136570605,0.19780160635919516
0.8,48,vae,,1.3395912669501708,5.2408902417222825,0.9881533840726632,,2.9813151920486844,11.663815734689724,0.31486150367439236
0.8,49,vae,,0.9096989491646459,3.534543821928324,0.9886850248905952,,2.0245722439725085,7.866271939251678,0.3913414938795904
0.8,50,vae,,1.1279387735867588,2.0790337741387406,0.9892556427781738,,2.5102739054509304,4.626974756063932,0.45668103448275865
0.8,51,vae,,1.1058782542483376,1.9524000571952247,0.988491230158597,,2.461177316759475,4.345146236079008,0.3641300662659886
0.8,52,vae,,1.02300647248155,1.6364715470172049,0.9884943859775439,,2.276742774620393,3.6420344062001755,0.45002019311965336
0.8,53,vae,,0.9934436490893022,9.335057551937858,0.9897027358250399,,2.210949501199151,20.775552651670406,0.38608923884514434
0.8,54,vae,,0.7111345076270439,1.3212360110862054,0.987562497438892,,1.5826589523873253,2.940464818870478,0.449076723016905
0.8,55,vae,,0.9579781944602364,4.204650173353409,0.9880037878017994,,2.1320196803745723,9.357621050790963,0.29794560973395084
0.8,56,vae,,1.1043660112378444,5.100224480175678,0.9880004524887601,,2.4578117580457954,11.350758325130192,0.3661802575107296
0.8,57,vae,,0.9914109036026143,4.289563140870586,0.9883698321598022,,2.206425542921319,9.54659833536019,0.2802568697729989
0.8,58,vae,,0.8643382409286494,1.9186070599572913,0.9882189101150257,,1.9236201312478929,4.269938537629554,0.3476283120251991
0.8,59,vae,,1.0159481253624882,2.3692471457621136,0.9885553022540985,,2.2610341342194142,5.272856492607543,0.2274628369866465
0.8,60,vae,,1.0989538297225179,8.053995191704779,0.9884230517907532,,2.445766726571006,17.924495937020524,0.37625858123569794
0.8,61,vae,,0.8410598126401675,0.9933065606201625,0.9887352953658293,,1.8718130363408993,2.2106444052002563,0.2522705849278143
0.8,62,vae,,0.9284808306216031,1.6959831878620724,0.9879678059782498,,2.0663720898690605,3.774479998622172,0.27370601993085214
0.8,63,vae,,0.9856011372488939,2.703364871581866,0.9886344891598752,,2.1934956701161354,6.016449166354227,0.42421423989737017
0.8,64,vae,,0.8759060334563639,42.27186110429205,0.9883395949824247,,1.9493647269706307,94.07775701115077,0.4055263157894736
0.8,65,vae,,0.6813000837312873,3.750851503630325,0.9884553518096239,,1.5162612209293251,8.347673538026802,0.21577576107293361
0.8,66,vae,,2.5590076023755217,13.259911124672659,0.9884457664475922,,5.695176155410103,29.510474916131592,0.3760869565217392
0.8,67,vae,,1.1812757930829527,17.473094842782796,0.9887153401651827,,2.628977625343511,38.88708772004377,0.35362068965517246
0.8,68,vae,,1.094714015598717,2.169916933079875,0.9875184770662553,,2.4363308467092866,4.829238945998113,0.3982449941107185
0.8,69,vae,,0.7781267091512232,1.3134628223662694,0.9890140033242872,,1.7317528387692018,2.9231652692293646,0.47736530491415047
0.8,70,vae,,1.326320579537601,43.94096865647836,0.9889589147849216,,2.9517807340627806,97.79242418259727,0.46772455676363994
0.8,71,vae,,1.0845695560291706,23.30228327498751,0.9882329769319076,,2.413753936739824,51.86018515581021,0.3389521382044746
0.8,72,vae,,0.9366082527727411,1.4649157211349437,0.9883039909258732,,2.084460000509554,3.2602298941778756,0.3713620864436458
0.8,73,vae,,0.8163219530901583,1.0483493946593119,0.9893589718968056,,1.8167579174290558,2.3331444851746017,0.4088655823671597
0.8,74,vae,,2.3964830471838794,14.806490579357263,0.9888488714124433,,5.33347110594607,32.95245079169774,0.3458275957036629
0.8,75,vae,,0.9974801632666547,2.6208163085778597,0.988030586137212,,2.219932928709289,5.832733960800572,0.374537607891492
0.8,76,vae,,0.7550740641089135,1.1715842805666739,0.9883160787566465,,1.6804482337175326,2.6074087675795354,0.5134754098360655
0.8,77,vae,,0.8282205119788112,1.352838368407668,0.9883408801698071,,1.8432386472258306,3.0107971585262367,0.1993765206812652
0.8,78,vae,,0.8872911542719413,2.443676098363394,0.9889376322807619,,1.9747027793215297,5.438501172886519,0.44230409678306304
0.8,79,vae,,0.8209630426795858,1.334496957645158,0.9886591287577176,,1.8270868522631267,2.9699775981879784,0.4122716346153846
0.8,80,vae,,1.2478659834280021,39.23403957085544,0.9892389413040754,,2.7771768193925226,87.31696085503184,0.35445919530868214
0.8,81,vae,,1.00001011778267,2.829016031139871,0.9885327490063305,,2.2255634460319054,6.2960909646631045,0.46158010701920055
0.8,82,vae,,0.8718225466054486,1.8630349450144954,0.9877371642374705,,1.9402767598529578,4.146260521341474,0.47331910352187834
0.8,83,vae,,0.8185632355802825,2.511722413640101,0.9886929622298726,,1.8217459833431406,5.589941032567933,0.4438556338028169
0.8,84,vae,,0.7235844793057927,1.163752612852235,0.9883375791785733,,1.6103668739169528,2.589979070542699,0.23397432642121602
0.8,85,vae,,0.836057431360131,15.456033139426095,0.9894646632291149,,1.8606800320622536,34.39803434392871,0.46551064991807756
0.8,86,vae,,0.9389457369103242,9.52943758575361,0.988678993808662,,2.0896621671274476,21.20815337260911,0.3442053605134013
0.8,87,vae,,1.1080812126878679,1.658705474202023,0.988578668856764,,2.4660800909304172,3.6915169211511096,0.30293494704992435
0.8,88,vae,,0.5895556312403337,1.753232861657106,0.9889565358330457,,1.3120801869485752,3.901891490795862,0.3543462040664056
0.8,89,vae,,1.0256021502031851,2.705472395492359,0.9881588482546212,,2.282519561627068,6.021139547074807,0.4112307399657599
0.8,90,vae,,2.198736666640783,12.522979822338064,0.9890715358684196,,4.893378442586162,27.870404141298696,0.47137567644545725
0.8,91,vae,,1.2390725358113266,4.378627086252473,0.9896218671903806,,2.7576066418190566,9.744813791060599,0.262697838665759
0.8,92,vae,,0.8326504096383833,1.0718637840812684,0.9886892352000001,,1.8530975657762414,2.3854767212416763,0.3871367884451997
0.8,93,vae,,0.950764692489554,2.6191892617930312,0.9883749378285009,,2.1159657365010576,5.829112901588364,0.3709418193506911
0.8,94,vae,,1.0330952134691174,2.51885717394034,0.9892622879457141,,2.299195680605184,5.605819733631098,0.35467118997912317
0.8,95,vae,,0.9594288447160307,4.0878885676503405,0.9882483797714556,,2.135248161891771,9.097763318422283,0.4671911298838437
0.8,96,vae,,0.8037018865924641,1.6874287611674863,0.989024562238948,,1.7886714429181407,3.755441771893582,0.33310864894468545
0.8,97,vae,,0.9429124436446951,9.81955402658758,0.98829102423472,,2.0984902353161163,21.853819385713674,0.32282074374272957
0.8,98,vae,,1.0769815749435805,3.7492266354069828,0.988008506720937,,2.3968665742692163,8.344057327292347,0.3616975323966039
0.8,99,vae,,0.6981912579516593,1.1172762344795433,0.9887482534859388,,1.5538532204870599,2.486543988266171,0.34031170216819717
0.8,100,vae,,1.428355771828729,4.382255552630133,0.989185675069708,,3.178864230653285,9.75288909149174,0.38001172332942557
0.8,1,contrastive,,1.7827821109232243,5.885962572757387,0.9835265237548553,,3.9676545544438344,13.099450609246391,0.4491590214067278
0.8,2,contrastive,,1.1906497130455103,1.4361207821749113,0.9875753178299341,,2.6498396678805953,3.1961455789888813,0.48380743982494534
0.8,3,contrastive,,1.4387459787885606,4.870465544303431,0.9864982250169962,,3.2019880614978975,10.839420409659631,0.39965786901270767
0.8,4,contrastive,,1.6831301960835041,9.854413466150833,0.9890394904181379,,3.745875139365391,21.931400495206002,0.5734396355353075
0.8,5,contrastive,,1.0350547473290237,2.0366744004920676,0.9875733419791066,,2.3035567034111724,4.532702236307957,0.3988060233449167
0.8,6,contrastive,,1.1981780095891328,1.6107136739197507,0.987146445476306,,2.666594199960256,3.584709205390876,0.6149038461538462
0.8,7,contrastive,,2.01640323728284,15.599776541271009,0.9884655300317282,,4.48758793291767,34.7179411679353,0.423076923076923
0.8,8,contrastive,,0.973489947507924,1.2929993222055314,0.9856271122649626,,2.166541721654869,2.87762291208143,0.3539161392405063
0.8,9,contrastive,,1.1396086432188106,1.9659626606975413,0.9771020428805826,,2.5362456779472335,4.375330365270329,0.3496191007060573
0.8,10,contrastive,,1.3070003434915178,3.1169663102285985,0.979749516222571,,2.908782757994087,6.936936096145897,0.565668449197861
0.8,11,contrastive,,1.550776326893327,3.979279851507507,0.988296370109677,,3.451316186438314,8.856050175455387,0.49179028652712875
0.8,12,contrastive,,1.0151794987781002,2.2899368612772917,0.9869017033695465,,2.2593235242971312,5.096348208436192,0.344533373603141
0.8,13,contrastive,,1.6912571683170345,5.860147604630551,0.9896108527377364,,3.763962048695835,13.04199834111239,0.3853746530989824
0.8,14,contrastive,,0.9964673052956226,1.230426280263225,0.9843716001772433,,2.2176787718400073,2.7383640462185515,0.5748344370860927
0.8,15,contrastive,,0.8587260679289387,1.197063507292822,0.9796167303806648,,1.9111300105392561,2.664113829484917,0.49731874731874737
0.8,16,contrastive,,1.461062208767927,5.167410976002108,0.9871455340392253,,3.2516537446866285,11.5002846214339,0.4389121338912133
0.8,17,contrastive,,2.0580547912916645,8.754240710667213,0.9892484087523583,,4.580285171099623,19.482920999464874,0.4481866481866482
0.8,18,contrastive,,1.1443439444497983,4.1178163927048566,0.9878687932729731,,2.546784284645537,9.164368917981871,0.5880347593582889
0.8,19,contrastive,,1.3599838860872915,5.348320763334987,0.9879814425319312,,3.0266998005775054,11.902906757508092,0.41970141948115514
0.8,20,contrastive,,1.1402959367328882,1.5688079091657012,0.984135758725696,,2.5377752777927003,3.491446210790962,0.4284252669039145
0.8,21,contrastive,,1.2852245696166993,2.2337186528949906,0.9854095591755441,,2.860319881986081,4.971232284754862,0.4953846153846154
0.8,22,contrastive,,1.7482740144301108,4.742743695780835,0.9727959066986139,,3.890855373334043,10.555170208309878,0.5031565656565657
0.8,23,contrastive,,1.1256942653805662,2.762171519654439,0.9861320300166074,,2.505278660573712,6.147325768507191,0.530939226519337
0.8,24,contrastive,,1.2675367932587567,1.9905361913437547,0.9865441163760402,,2.8209550117674587,4.430019763481041,0.6434131736526945
0.8,25,contrastive,,1.6741132734293727,4.5891326622865725,0.9861773670750208,,3.725807608949571,10.213302566200369,0.3582431804606093
0.8,26,contrastive,,1.2056948286931957,2.6486118391870375,0.9895655029034477,,2.683323188528422,5.894594051800462,0.5361757105943151
0.8,27,contrastive,,1.457651998274055,2.929529520131981,0.9852039686315095,,3.2440641816577416,6.519787848280623,0.47372291021671825
0.8,28,contrastive,,1.4279140661324627,4.2207273382803265,0.982868012067512,,3.1778811965478964,9.39340143934994,0.5110556348074179
0.8,29,contrastive,,0.9463450873826723,1.2599969458795328,0.985839778083524,,2.1061297244479182,2.804174772830409,0.3876217765042979
0.8,30,contrastive,,1.3278366332088427,6.150168501893785,0.9890208523561634,,2.9551547735579202,13.687451718089825,0.3592375979112271
0.8,31,contrastive,,1.2516005354980737,2.727383540988831,0.9874718441792582,,2.785488217874053,6.069903698167359,0.6103896103896104
0.8,32,contrastive,,1.8208423642113032,3.5969751026935994,0.9879480167201353,,4.052359205885244,8.005215309813003,0.3854228421970357
0.8,33,contrastive,,2.2221836975700686,14.394273870523492,0.9878578578882958,,4.945560769570916,32.03504563477972,0.6111888111888112
0.8,34,contrastive,,1.0024646362796488,1.6132907904792555,0.985722397670255,,2.2310260774066735,3.59044468377155,0.5423733003708281
0.8,35,contrastive,,0.981970930575636,1.952306676175425,0.9845974451828894,,2.1854164965859137,4.344938412797499,0.437746124842899
0.8,36,contrastive,,1.226051842462772,3.8751474722222063,0.9875145791999999,,2.7286285558544985,8.624299303374649,0.48464231642694927
0.8,37,contrastive,,1.5808735315025255,3.701550399903052,0.9836131700360492,,3.5182987471292972,8.237951913861904,0.44243557772236064
0.8,38,contrastive,,1.2538603865480422,3.5867967769450937,0.9899104620418482,,2.7905176088780546,7.982563029276175,0.43391482005343385
0.8,39,contrastive,,1.4956038472268003,3.6215026296823734,0.9853864741570286,,3.32852757481404,8.059802325001224,0.3709346861980917
0.8,40,contrastive,,1.2872585281517184,2.2499752030213744,0.9894505194077631,,2.864846539952623,5.007411902417219,0.518386167146974
0.8,41,contrastive,,1.373837323802105,3.9244156171069564,0.9876799226363543,,3.057531193212144,8.733947576286557,0.5495607235142119
0.8,42,contrastive,,0.9053272696024383,1.5732486966852686,0.9813761663999999,,2.0148428921805612,3.5013293651704975,0.4722758620689655
0.8,43,contrastive,,1.7622622938370485,5.6856313732932025,0.9877275466685749,,3.921986861673371,12.65360532558486,0.42304716560035704
0.8,44,contrastive,,1.3727655014098308,2.7675253870473684,0.9818775792066028,,3.055145808610063,6.159241019515877,0.49862955032119916
0.8,45,contrastive,,1.8259240645731152,5.108416801143293,0.9818713443553999,,4.0636687380267915,11.368990670742967,0.43353258321612753
0.8,46,contrastive,,2.062712879198438,7.404612412995567,0.9875405928642322,,4.590651936384663,16.479267984745007,0.35428082191780824
0.8,47,contrastive,,1.309608340635174,3.5188593445314544,0.9885679579378595,,2.914586962378685,7.83136549286293,0.591540404040404
0.8,48,contrastive,,2.790993389289577,8.420478059613766,0.9734605016588843,,6.211470019015865,18.740118559143273,0.37042501651618587
0.8,49,contrastive,,1.1867498373007523,3.72005680414559,0.9871917459832887,,2.6411603347946015,8.2791386739429,0.46408706166868186
0.8,50,contrastive,,1.4312471505024837,2.756617517206116,0.9718475194946739,,3.1852991122314966,6.134965108741501,0.3837143221434947
0.8,51,contrastive,,1.0087191164612133,1.367183699468802,0.9853618664578987,,2.2449456790371904,3.0427232799355646,0.4928636363636364
0.8,52,contrastive,,1.3411774701163077,2.57407493106631,0.9798153304613217,,2.9848453521158267,5.7287091120945,0.3613884770540979
0.8,53,contrastive,,1.6658288613413323,4.565295287575433,0.9853616103152238,,3.7073703107791394,10.160251513152916,0.5281466395112016
0.8,54,contrastive,,1.4673774394576917,2.4777554647621383,0.9880969750752966,,3.265708549059571,5.514346197624016,0.468840150167951
0.8,55,contrastive,,1.435863254151248,2.893016773283559,0.9874861066189069,,3.1955724398319845,6.438527235757776,0.5190839694656487
0.8,56,contrastive,,0.8970009697442304,1.394940024792962,0.9853537132478886,,1.9963123710632185,3.1044961179690347,0.5532129963898917
0.8,57,contrastive,,1.0799746926476637,1.4927309744036026,0.9810726974696921,,2.4035278802234488,3.32213387876366,0.5239659926470588
0.8,58,contrastive,,1.5711505357768376,6.1283652286536485,0.988990731038517,,3.4966598221942213,13.638927641118796,0.4182478632478633
0.8,59,contrastive,,1.3062065845244595,1.756586516488156,0.9875032658811476,,2.907016214925541,3.9093551868824004,0.5482758620689655
0.8,60,contrastive,,1.2458266409336065,2.9368904009214747,0.9750469024300177,,2.772638179204031,6.536169789747395,0.3623418203994512
0.8,61,contrastive,,1.4035412459463998,2.128146902480024,0.9879847510759684,,3.123638487681026,4.736278033313762,0.41616033755274257
0.8,62,contrastive,,1.5411612556291643,4.462509507824591,0.9802343798001106,,3.429917451809548,9.931497553450406,0.29865507966066623
0.8,63,contrastive,,1.2989778764460882,2.493955431038163,0.986423764657873,,2.890928429237001,5.550399885611506,0.5300714285714286
0.8,64,contrastive,,1.6999928771762505,3.866533573813634,0.9878988107266761,,3.7834037263014144,8.605128719912495,0.4384027777777778
0.8,65,contrastive,,1.4071873202960927,5.411783512001025,0.9886482678217775,,3.131752975374594,12.04414570209899,0.5563666666666667
0.8,66,contrastive,,1.2215058521488804,2.3794099113190588,0.9877904532563173,,2.7185112683504027,5.295474143301199,0.6772072072072073
0.8,67,contrastive,,2.554923508878497,5.157833406310317,0.9768296636669499,,5.686086838176685,11.478969348089331,0.5198768472906403
0.8,68,contrastive,,1.8098049205728235,7.373578256330531,0.9890937398920098,,4.027794923321879,16.410200198905724,0.3687342171717171
0.8,69,contrastive,,2.0186120064181,14.374840643521695,0.9894168607327801,,4.492503639029781,31.99179619271454,0.46802232854864434
0.8,70,contrastive,,1.1680119197992618,2.1800164862623257,0.9845887658868708,,2.599458332480319,4.851715914965143,0.49764119601328904
0.8,71,contrastive,,1.0854999016747613,1.9575799988470095,0.987881250725003,,2.4158244590517306,4.356674408232258,0.41347140762463336
0.8,72,contrastive,,0.9084166316095821,1.5988537036456139,0.9843583012640791,,2.0217183937703895,3.5583143561350807,0.4234096692111959
0.8,73,contrastive,,1.14290514219674,1.5885326900114063,0.988644805070098,,2.5435821713433486,3.535344517868623,0.5919496166484118
0.8,74,contrastive,,2.2708825270593946,39.40564597882992,0.9831844230084917,,5.053942007769087,87.69887793957061,0.512962962962963
0.8,75,contrastive,,1.261686363131062,1.6457446904456352,0.986536044106718,,2.807934640068989,3.6626721664359283,0.5121548323471401
0.8,76,contrastive,,1.3663188024116573,4.05738943324545,0.987506585667437,,3.0407984161359565,9.029886246520606,0.5610878661087866
0.8,77,contrastive,,1.2860629518976558,2.690993112543838,0.9840546291104334,,2.862185736066073,5.988915310257649,0.3955054432348367
0.8,78,contrastive,,1.1925726167880948,2.2656066426824713,0.9903576596601196,,2.6541191688612686,5.04220031115425,0.45935483870967736
0.8,79,contrastive,,1.3950063866955942,2.2866636111395198,0.9745019722390054,,3.1046438090994353,5.089063456285387,0.397389705882353
0.8,80,contrastive,,1.081375106154149,2.80126856653055,0.9832809423245569,,2.4066445577989457,6.2343378465131645,0.4407109349725008
0.8,81,contrastive,,1.8103613358367505,5.226726857294333,0.9889726138326999,,4.029033248264986,11.632294542959347,0.3074066143231025
0.8,82,contrastive,,1.293298467525178,3.2009761727993506,0.9848883004971035,,2.8782886722338703,7.123903483694133,0.5381250000000001
0.8,83,contrastive,,1.8514380837137356,7.715903248836266,0.9875034737341214,,4.120451231874583,17.172058480573114,0.3634226804123712
0.8,84,contrastive,,1.1964195644636844,2.100870241180713,0.9865067278285993,,2.662680708363062,4.675572707199519,0.4459763948497854
0.8,85,contrastive,,1.4422443386086816,5.262117043436137,0.9894245415713396,,3.2097738044601707,11.711056850684901,0.5467067367893814
0.8,86,contrastive,,1.2386373110416264,2.8656124581824334,0.9895243952235916,,2.7566380312809953,6.377537810882916,0.39232833214257357
0.8,87,contrastive,,0.9166774505205819,1.2656359787631588,0.9846494540517198,,2.040103184359684,2.816724671310034,0.5572307692307692
0.8,88,contrastive,,1.4359857023011646,8.484203710989206,0.9882373549179768,,3.1958449532012425,18.88194260447416,0.4946391135070381
0.8,89,contrastive,,1.0361654206058903,1.5390821141477489,0.9851886181804623,,2.306028552247022,3.4252902373465313,0.4493682588597843
0.8,90,contrastive,,1.2555209903672415,1.695625002404842,0.989265293112795,,2.7942133506436937,3.773682842227115,0.5406349206349207
0.8,91,contrastive,,1.2896152636493086,2.4386949818118766,0.9820816796570937,,2.870091551260141,5.427415494131526,0.46625639607246566
0.8,92,contrastive,,1.4986566517466096,5.443855502517124,0.9895740224000001,,3.3353217162195623,12.11552322965079,0.43144395998974094
0.8,93,contrastive,,1.052203092032443,1.7498736151167098,0.9842157685485508,,2.341721046404529,3.8944153501313137,0.3983530678148547
0.8,94,contrastive,,0.9843274513742456,1.7931356088979413,0.9860378208821458,,2.190661030072063,3.990696687939631,0.5757110898050497
0.8,95,contrastive,,0.9934392830117735,2.2019821248235,0.9885070209370085,,2.210939784314914,4.90060134260351,0.5780000000000001
0.8,96,contrastive,,0.8368689052079333,1.294512912850213,0.9861964636686849,,1.862486000322939,2.8809914700101524,0.5311801242236024
0.8,97,contrastive,,1.399891296084523,1.672699676367429,0.9868667602977056,,3.1155153748764732,3.722661590831818,0.5778242677824268
0.8,98,contrastive,,1.1454209079419078,2.6768968135007474,0.9875370456557662,,2.5491811109757188,5.957543419796982,0.49610389610389605
0.8,99,contrastive,,1.3589083261166723,2.642466413978329,0.9845270830038968,,3.024306097841844,5.880917156475492,0.3318195153435428
0.8,100,contrastive,,1.4990406909233085,3.048459232393561,0.9899059183849469,,3.3361764111254506,6.784470790532602,0.4373922713372256
0.8,1,balanced,,4.036291662534006,9.366300211802224,0.5740765259549344,,8.982932294302337,20.84508446991352,0.40555172413793106
0.8,2,balanced,,4.8504443363513055,10.306007904874539,0.610598307683338,,10.794862391924317,22.936442401665197,0.5082897033158813
0.8,3,balanced,,4.192432862248802,8.228133949030559,0.5302537008879635,,9.330430924891534,18.312048868685867,0.38246318607764385
0.8,4,balanced,,4.330854575288249,10.007778238782322,0.5793360957872578,,9.638494112652861,22.272720073686322,0.3396602119108513
0.8,5,balanced,,3.896916070217131,8.030213400336656,0.4969051023450326,,8.672746209168253,17.871568586977897,0.38978374347501865
0.8,6,balanced,,4.463011578760278,7.4669653909310885,0.6040456546178616,,9.932614932866784,16.618037089153898,0.35616402116402107
0.8,7,balanced,,3.9970333364278483,8.239963571266188,0.5664497536053499,,8.89556128276898,18.338376177139864,0.4291187739463601
0.8,8,balanced,,4.182926964061228,6.326267162065351,0.5722765287677687,,9.309275159413005,14.079366493754332,0.4353665689149559
0.8,9,balanced,,4.092773594418857,13.009711314929168,0.5013755754424128,,9.108635145432398,28.953644999246425,0.498595041322314
0.8,10,balanced,,3.988848334005696,9.107188664713942,0.5956706750281846,,8.87734522487867,20.268421116823543,0.3489447375728964
0.8,11,balanced,,4.240243396215508,5.960946586302494,0.5318238667672748,,9.436835225047517,13.26633060037366,0.38571428571428573
0.8,12,balanced,,4.000801729560141,7.148665700251517,0.5838528197554763,,8.903947995919548,15.909648100020018,0.4802215189873418
0.8,13,balanced,,4.265664694207396,11.440716789716895,0.6214229090276655,,9.493411364183867,25.461783466805905,0.43811369509043924
0.8,14,balanced,,4.350094420397366,8.271928927595548,0.5909001816119247,,9.681313175401058,18.4095163859447,0.47242798353909465
0.8,15,balanced,,3.928096890021378,8.36541381307954,0.5322568003732597,,8.742140399826553,18.617570824784757,0.3997471554993678
0.8,16,balanced,,4.298411274075636,12.013477755216396,0.609941241084679,,9.566290217948783,26.73648643776791,0.4859067357512952
0.8,17,balanced,,3.841728187008461,12.093609918558693,0.5326297787840902,,8.549923316330496,26.914823846974834,0.4585305287759275
0.8,18,balanced,,4.201234381108493,6.662488277726147,0.5492703190933672,,9.350019065346673,14.827640347680832,0.5041463414634146
0.8,19,balanced,,3.8569095158853566,9.553495582743157,0.5333536327307782,,8.58370998509493,21.261695429566895,0.35894308943089437
0.8,20,balanced,,4.39747256623805,6.218796628182856,0.569865953029788,,9.786755178085585,13.840186421991902,0.31588719153936545
0.8,21,balanced,,4.136966995960189,8.524362746515306,0.5411870438213149,,9.206989369331936,18.97131818168628,0.37999001996007986
0.8,22,balanced,,4.352426560087959,8.637650835439567,0.607497664840946,,9.686503447733433,19.223445460297917,0.4261686991869918
0.8,23,balanced,,4.17255101710454,6.984733985278142,0.4994792136530457,,9.28618306478903,15.544811358868811,0.48743961352657
0.8,24,balanced,,4.125917596060849,8.817301513360148,0.5732155526575078,,9.182398477620673,19.623265396841585,0.3764285714285714
0.8,25,balanced,,4.094647541471158,11.892834349631423,0.5364858992450507,,9.112805691295122,26.467989600885833,0.32706350375718285
0.8,26,balanced,,4.013888083927356,12.09541975418912,0.5649416934322127,,8.933072213168542,26.91885171024419,0.3103477443609023
0.8,27,balanced,,4.031831174152367,10.194656022146424,0.5481772709170072,,8.973005294847935,22.68862422918908,0.3828508822511821
0.8,28,balanced,,4.504572047148283,12.645508998844534,0.6739395254546281,,10.025109456271608,28.14309783854832,0.4271929824561404
0.8,29,balanced,,4.321116534476502,8.127922523712146,0.551359747222324,,9.616821704262989,18.08902424013717,0.5449367088607595
0.8,30,balanced,,3.5332136873833555,9.461770902866895,0.5191774486933767,,7.863311670381449,21.057558400349407,0.4191564927857936
0.8,31,balanced,,4.009262119823789,7.544916183329918,0.5779532735536647,,8.922776940722315,16.791519768045912,0.3891034117958212
0.8,32,balanced,,3.7908078441209008,8.075330312530356,0.557486987298605,,8.43659800914136,17.97197812163218,0.37412086036189823
0.8,33,balanced,,4.164744296233014,11.957823719310616,0.5991349702863689,,9.268808887972131,26.612626103023803,0.39910473387294576
0.8,34,balanced,,3.9440474238575427,9.00019893424542,0.5359786542495563,,8.777638965710242,20.03031109273747,0.421081081081081
0.8,35,balanced,,4.073265234064238,7.653042629030982,0.5563582504029252,,9.065218491015415,17.03215959840605,0.4242372881355932
0.8,36,balanced,,3.9262180627226093,9.680971471813415,0.5838621056,,8.737958992775575,21.54539823808872,0.3988128709778194
0.8,37,balanced,,3.8705176585543675,10.335644177541853,0.5022963072487814,,8.61399546356558,23.002399139454266,0.3693486590038314
0.8,38,balanced,,4.241815107283458,10.354295423157877,0.5589105300421202,,9.440333132357004,23.043908249940092,0.381531954887218
0.8,39,balanced,,4.266132085570586,11.452280826071297,0.5990178242627981,,9.494451562792271,25.487519703011202,0.5129123089300079
0.8,40,balanced,,4.096302537084477,6.674391655545365,0.5826058231292517,,9.116488951769039,14.85413180220481,0.36858858858858856
0.8,41,balanced,,4.2146563164762405,9.804224988590228,0.6239454115255704,,9.379890131847176,21.81970398425615,0.4061221066756122
0.8,42,balanced,,4.2585085454581515,12.283394468979639,0.6008386431999999,,9.477485062252043,27.33719713153219,0.4033875338753388
0.8,43,balanced,,4.220461943860798,9.302702410142745,0.5575907892042999,,9.392810793207087,20.7035449593582,0.4021054433413215
0.8,44,balanced,,4.074626387818367,11.956912140699814,0.5786560669595314,,9.068247794405199,26.610597347515924,0.3189090909090909
0.8,45,balanced,,4.582368232483732,11.613509759788478,0.616950674683879,,10.198248050816233,25.846341293855986,0.4144354838709677
0.8,46,balanced,,4.341559137391662,8.238251049538144,0.5763199483355546,,9.662317553735596,18.33456488994317,0.4603977272727272
0.8,47,balanced,,4.5113954186174805,9.644528294370891,0.6234074705067576,,10.040295148746614,21.46429245512607,0.389339599307445
0.8,48,balanced,,4.1188364008828815,6.703451177185842,0.5657281810641435,,9.166638987929463,14.918804956978105,0.43919687277896224
0.8,49,balanced,,4.141313358948888,8.63613136629219,0.6045596773478704,,9.216662378053368,19.220063819520846,0.4096088154269972
0.8,50,balanced,,4.135923620247383,6.842319423662782,0.5308753549013957,,9.204667293979291,15.227861923180516,0.379059829059829
0.8,51,balanced,,4.292478616647582,9.788257073758993,0.5773174491707919,,9.553086846027924,21.784166736256555,0.4341014492753622
0.8,52,balanced,,4.129039510033664,9.46392039012636,0.6208364929459718,,9.189346424942405,21.062342172220617,0.4061342592592593
0.8,53,balanced,,4.242877135376235,14.158058038437922,0.5968409034941505,,9.442696719344688,31.509337632515383,0.4018585131894484
0.8,54,balanced,,4.058925747480423,10.891451644422435,0.5769188333640667,,9.033305376729565,24.23937140535872,0.3480819112627987
0.8,55,balanced,,4.257939755084861,9.136958925259522,0.6010043724240732,,9.476219195996553,20.33467605011962,0.37300552486187843
0.8,56,balanced,,4.212288501983076,5.565874817095771,0.5933415926932346,,9.37462046378156,12.387082208312165,0.3685491843796342
0.8,57,balanced,,4.240112032186342,8.23847281285115,0.5638108039086547,,9.436542869024077,18.335058433272703,0.40809153102146734
0.8,58,balanced,,4.220726139184819,7.7635553584810815,0.5409863841578215,,9.393398770713812,17.27811020091666,0.474337899543379
0.8,59,balanced,,4.772390536788511,21.119703131255033,0.6346104508196722,,10.62115046637297,47.00276371621861,0.3591077361177029
0.8,60,balanced,,3.827609502688814,7.154378910738044,0.5301541888986809,,8.518501606520656,15.922363083790879,0.3952533488642982
0.8,61,balanced,,3.7566216138221087,8.10983835031096,0.4972997681913722,,8.36051515442053,18.048777172074878,0.529502487562189
0.8,62,balanced,,4.716128332488603,17.728591644986093,0.6558109626845803,,10.49593662797632,39.45570631044615,0.36767241379310345
0.8,63,balanced,,4.068366075736781,7.956127608193059,0.5675441858604287,,9.054315213642495,17.70668762434254,0.3543072100313479
0.8,64,balanced,,3.9847915903870113,7.750684401597319,0.5743477476863419,,8.868316775918887,17.249465359582985,0.4039801790281329
0.8,65,balanced,,3.7899163564434337,7.614357175204973,0.5664756505219007,,8.43461396682791,16.94606353757896,0.4288770053475936
0.8,66,balanced,,4.315770062044854,10.715334106764852,0.583291545695645,,9.604922911043301,23.847414617076456,0.5108444444444444
0.8,67,balanced,,4.4555348713285055,7.252452952407054,0.5849018681186253,,9.91597521446701,16.140630877547935,0.39123376623376627
0.8,68,balanced,,4.034633296575652,7.497855452731364,0.5225573453650527,,8.979241532987604,16.686784185974073,0.38778877887788776
0.8,69,balanced,,4.358562860974434,11.312192796459776,0.5835313967847514,,9.70016003650583,25.175748059518895,0.5029761904761905
0.8,70,balanced,,3.9996783448538133,11.643181722692653,0.5569533530288173,,8.901447857277173,25.91237746172794,0.3524050024050024
0.8,71,balanced,,4.0840657214746106,9.397295513604462,0.5904710210840842,,9.089255417794865,20.91406578266538,0.3544862854486285
0.8,72,balanced,,4.630858675043644,5.796080020402516,0.6164357616351863,,10.306165515374031,12.899413310223258,0.4956250000000001
0.8,73,balanced,,3.933362400215657,7.746279022810386,0.5809865117470072,,8.753859008273315,17.239661008787152,0.4193396226415095
0.8,74,balanced,,4.215161462796237,10.431865044321835,0.5697365477022485,,9.381014355657207,23.216542616648137,0.49031250000000004
0.8,75,balanced,,4.167702843884334,9.546211175080241,0.5822714409257136,,9.27539325685904,21.24548368217325,0.37274635568513115
0.8,76,balanced,,4.604621061434543,10.478780275363473,0.6356547075042048,,10.247772632421006,23.320954383500982,0.42405063291139244
0.8,77,balanced,,3.879560133519136,9.305169902342188,0.5403862456824926,,8.63411986169454,20.7090364642388,0.44056660638939116
0.8,78,balanced,,4.098568024670425,8.760742921979087,0.6205067421188346,,9.121530887114558,19.497391936865153,0.39920033670033667
0.8,79,balanced,,4.211519697108759,7.73662424511818,0.5733006934246696,,9.372909457067745,17.218173905877652,0.4041371158392436
0.8,80,balanced,,4.349130112585022,7.073611591848854,0.5832411982673256,,9.679167068897021,15.742612109918381,0.3593099671412924
0.8,81,balanced,,4.113020581904063,8.858180820391738,0.6050986371891363,,9.1536956447594,19.714243967768798,0.36815286624203825
0.8,82,balanced,,4.158336063517599,7.939050803769498,0.5590861345411793,,9.254547103784672,17.668682497170042,0.4362068965517241
0.8,83,balanced,,4.019842387005758,7.120182223050424,0.5705137958012424,,8.946323758370173,15.846256955723204,0.5049249249249249
0.8,84,balanced,,4.274279849615827,8.246749206028783,0.5809297145003095,,9.512584745150654,18.353477885029818,0.34170138888888885
0.8,85,balanced,,3.911544103836629,8.904176886164521,0.5252809356045474,,8.70530149669181,19.81661009469576,0.3175017158544956
0.8,86,balanced,,3.9845243518305895,9.069060452747486,0.5591667605136524,,8.867722025573899,20.183565220561963,0.3771349862258954
0.8,87,balanced,,4.036662866234158,7.167863518088614,0.6091602254161672,,8.983758423329835,15.952373629354222,0.39149009772550375
0.8,88,balanced,,4.405567264862553,10.606966879042439,0.6374495995919359,,9.804770261178229,23.606238916472964,0.38871011726206717
0.8,89,balanced,,4.293418196041972,7.588425476979215,0.6221330646251759,,9.555177918425706,16.88835148183222,0.3747118644067797
0.8,90,balanced,,4.546409625756874,8.853915085779294,0.6112031087691586,,10.118220699814046,19.70475040079872,0.41391843971631204
0.8,91,balanced,,4.581927086995655,8.61582441972196,0.5920119884059158,,10.1972662634771,19.17486987879609,0.36607781753130597
0.8,92,balanced,,4.455179386508589,8.519532148760092,0.5737737536,,9.915184068450829,18.960567488672964,0.3446106528729205
0.8,93,balanced,,3.9265425594604415,9.260731697395599,0.5675341423149626,,8.738681173546782,20.610137420341427,0.36443420378904245
0.8,94,balanced,,4.169804954811299,7.207232742900024,0.5427359388003329,,9.280071590763232,16.039991450495034,0.39740599455040876
0.8,95,balanced,,3.6277944064473795,5.954141240653784,0.5674050030378285,,8.073804931704682,13.251185025099916,0.3983463035019455
0.8,96,balanced,,3.897336829286646,7.777178325774005,0.5390370608968342,,8.673682625698493,17.308428672194577,0.5544520547945204
0.8,97,balanced,,4.59384602151963,7.066797038620253,0.5718107482623582,,10.223792340084227,15.727446042798741,0.43645251396648044
0.8,98,balanced,,3.9722231579159777,8.512003605775718,0.5445091766700233,,8.840345215047607,18.943812408129325,0.4517857142857144
0.8,99,balanced,,4.09952382058616,6.285261690078516,0.5800722781656784,,9.123658050044313,13.98810713755548,0.4036697247706423
0.8,100,balanced,,4.012691270744165,6.535935418657395,0.5747581271613004,,8.93040865644559,14.545991780205586,0.398159509202454
0.8,1,ldm,0.0,3.8439805974938013,6.973942319642607,0.9427387641955111,0.1240108460187912,8.554936148053386,15.520794065310323,0.47685714285714276
0.8,2,ldm,0.0,3.542097373534836,6.328545393008765,0.9690528434110554,0.25012609362602234,7.883082677507451,14.084436789963457,0.4310509554140126
0.8,3,ldm,0.0,3.496272635562556,11.503404416575552,0.9827782664063326,0.07884348183870316,7.781097847612699,25.60129734608991,0.3913156135071883
0.8,4,ldm,0.0,3.634332873634086,3.93688298741401,0.9347566563554681,0.019051745533943176,8.088356558038303,8.761694219175576,0.41059549662818606
0.8,5,ldm,0.0,3.5005567256633965,5.9743890022393575,0.9293971445584679,0.012229136191308498,7.7906322654734685,13.296247247218968,0.4251773640826156
0.8,6,ldm,0.0,2.3145232351213596,5.013877551454262,0.9828511735099328,0.061648398637771606,5.151066189709381,11.15858970121106,0.41169240669240664
0.8,7,ldm,0.0,3.53855877452381,4.103224773587603,0.9388076662371801,0.013159193098545074,7.87520738057889,9.13189467242345,0.4720616570327554
0.8,8,ldm,0.0,4.455560737456703,25.111678244080917,0.8817344447687518,0.12546128034591675,9.916032780593977,55.887067715335945,0.42672897196261694
0.8,9,ldm,0.0,4.261752043019034,5.4259097718105,0.9380305417401007,0.12464289367198944,9.484703598825252,12.075584271471495,0.3619728915662651
0.8,10,ldm,0.0,4.602520896487318,15.79553512301468,0.9702657978601904,0.10851956158876419,10.243098629374371,35.15360990370948,0.4538372093023256
0.8,11,ldm,0.0,3.67932309588058,4.235196443509499,0.9290919482188468,0.016699038445949554,8.188484139029848,9.425603025236127,0.4210829493087558
0.8,12,ldm,0.0,1.8137327012652185,4.525369042862865,0.9867632713862209,0.36520183086395264,4.036536360010946,10.07139402142409,0.3363830422108476
0.8,13,ldm,0.0,4.754661654665039,15.76282093470501,0.9165790650526504,0.06475549191236496,10.581694113590764,35.0808031386839,0.5973651708522025
0.8,14,ldm,0.0,3.98644528164731,6.5489625265889835,0.9264998794214598,0.010754046961665154,8.871997133501772,14.574984142087224,0.3452550279116005
0.8,15,ldm,0.0,1.9575008147065118,2.4821249233351086,0.985833872550243,0.07068077474832535,4.3564981806866925,5.524070606513513,0.39082812612224377
0.8,16,ldm,0.0,2.0779361035759827,2.4430868028858947,0.982789569224492,0.07487580925226212,4.624531845300513,5.437189671682369,0.38634020618556697
0.8,17,ldm,0.0,3.090382808355856,5.7914952264209285,0.9934982802426674,0.02627887949347496,6.8777734247054525,12.88920966356853,0.36958869762283625
0.8,18,ldm,0.0,1.7644523067378923,3.2452370170777822,0.9889197760047523,0.04773116856813431,3.9268608250181254,7.222407804165414,0.48852904820766385
0.8,19,ldm,0.0,2.0698778335900463,2.481664107779675,0.9842241872707419,0.09387319535017014,4.60659783563397,5.5230450426344095,0.3798997645986787
0.8,20,ldm,0.0,1.6426120741390435,2.298322500648156,0.989218462633607,0.10022140294313431,3.6557004006323455,5.115010792067627,0.4039335527346811
0.8,21,ldm,0.0,3.8597969911680607,4.983757352521839,0.9138172251535422,0.015548392198979855,8.5901361795166,11.091555965712617,0.3716024340770791
0.8,22,ldm,0.0,2.4788198541678654,2.941181902867628,0.9752331134435231,0.11348595470190048,5.5167150398103155,6.545720702973265,0.3711449875724938
0.8,23,ldm,0.0,3.486650872336357,7.467213924723673,0.9122158648227503,0.16240732371807098,7.759684219748529,16.618590211281408,0.3253946493851778
0.8,24,ldm,0.0,2.284765708783752,4.211257208374381,0.9921895668997697,0.05253118276596069,5.0848395969143425,9.372325277646118,0.4986531986531986
0.8,25,ldm,0.0,0.7307733460802396,1.6378231234196778,0.9908988138203031,28.460405349731445,1.626365991152964,3.6450423948018638,0.3176969092721834
0.8,26,ldm,0.0,2.52632626293718,5.812314711700685,0.991297794960637,0.046537235379219055,5.622442496892118,12.935544280168774,0.3900328778622394
0.8,27,ldm,0.0,3.786329483017787,4.508933962558882,0.929455822837248,0.01463602390140295,8.426631233213811,10.034817077544517,0.39956896551724136
0.8,28,ldm,0.0,3.921409676641832,5.563136757595911,0.9766158988766561,0.13615453243255615,8.727257732752811,12.380988544830581,0.41374690549002474
0.8,29,ldm,0.0,3.6043410845804105,4.421619284593354,0.9421315956254792,0.03719356656074524,8.021608603980635,9.840494688074095,0.3519155407381412
0.8,30,ldm,0.0,1.7165718967874255,2.6967068935411,0.9882216110019646,0.08719860762357712,3.8203010130003636,6.001631563723499,0.5759867330016584
0.8,31,ldm,0.0,2.40022099490711,4.490879376169898,0.9865304799989633,0.027179699391126633,5.341790061592684,9.99463585658883,0.37430985915492954
0.8,32,ldm,0.0,3.4418789945762165,4.586174571367701,0.9283004401492543,0.01729372888803482,7.660042573347875,10.206719213790219,0.38531688437348816
0.8,33,ldm,0.0,3.754651740726986,5.26052111823006,0.926550182852499,0.05633249133825302,8.356131121223397,11.707505053819963,0.36129751791561865
0.8,34,ldm,0.0,2.9452109732740888,4.335499539029414,0.9569495349986809,0.01704045757651329,6.5546875640666205,9.648831669570189,0.4822847682119205
0.8,35,ldm,0.0,2.0431879165843205,3.072058032017396,0.9852022338209503,0.26614341139793396,4.54719833295966,6.836990884958739,0.5631362889983579
0.8,36,ldm,0.0,3.2961560425626897,7.356781467709011,0.9745185152000001,0.09365661442279816,7.335730179421027,16.372818258361292,0.515040650406504
0.8,37,ldm,0.0,2.1576579065917425,3.3220176026733292,0.9911107441317438,0.042284250259399414,4.801955980805301,7.393286139921924,0.45785256410256403
0.8,38,ldm,0.0,2.198947336257203,3.5344930250882074,0.973717629270517,0.5130423903465271,4.893847296439894,7.866158888804961,0.3090853085026335
0.8,39,ldm,0.0,3.936947259099496,7.950002529235837,0.9479301542002716,0.023209761828184128,8.761837258442169,17.693056010432993,0.4241431835491241
0.8,40,ldm,0.0,1.8195815074138986,3.6713004157958653,0.9871217030812324,0.40359899401664734,4.049553117477652,8.170629336145113,0.5524343257443082
0.8,41,ldm,0.0,1.7108992437211379,2.3229893781569064,0.9576676537656856,0.22460193932056427,3.8076762914282023,5.1699079375414625,0.3390026220250101
0.8,42,ldm,0.0,2.6685431928980305,3.553262493518634,0.9783969664,0.03247813135385513,5.938952095244538,7.907931109002923,0.4394935302056046
0.8,43,ldm,0.0,3.7588935349154995,4.683983491574718,0.9297685567801592,0.014811523258686066,8.365571407800175,10.42439696888259,0.3592682926829268
0.8,44,ldm,0.0,1.0435306290843467,2.363151019053586,0.9888369890226918,0.34564587473869324,2.322420125162706,5.25928931311244,0.3726553672316384
0.8,45,ldm,0.0,1.379000295690893,2.1874192788254976,0.9900147938179636,0.38742324709892273,3.069021598463298,4.868191132799622,0.3750253807106599
0.8,46,ldm,0.0,3.418145510810049,4.599606508785268,0.966294581745688,0.04044651612639427,7.607222733850557,10.236612540261964,0.3934929477302358
0.8,47,ldm,0.0,2.5389538416015593,6.614859873233563,0.9682322870544934,0.21782246232032776,5.650545690037452,14.721641384123792,0.3715994916485112
0.8,48,ldm,0.0,3.812444173548815,5.4054987021509096,0.9356219279921356,0.07577802985906601,8.484750545825529,12.030158600549765,0.3941646022570877
0.8,49,ldm,0.0,3.520665614233201,5.287656950615762,0.9514276959931366,0.1419532746076584,7.835385420012063,11.767896959423055,0.3512706007442849
0.8,50,ldm,0.0,3.727526847556774,4.56896676035112,0.9427337492645143,0.04010595753788948,8.295763561292105,10.168422526083056,0.41790780141843975
0.8,51,ldm,0.0,3.6250647969909293,4.670202671793274,0.9296076943372311,0.18494631350040436,8.067730074140552,10.393727190430807,0.3692763757981149
0.8,52,ldm,0.0,1.7939608239632918,2.4873941703986753,0.9862341913367653,0.3345620632171631,3.9925332378423772,5.535797531515819,0.4224581724581725
0.8,53,ldm,0.0,2.2856964083111393,3.882366029803475,0.9688917314005676,0.16801100969314575,5.086910906804672,8.640364498716442,0.34120398009950254
0.8,54,ldm,0.0,3.361611270440677,3.840662220503024,0.9442708781527239,0.011618392542004585,7.481403468047288,8.547550964244243,0.33223116506135375
0.8,55,ldm,0.0,3.3550334467518437,4.001393450711073,0.9511523428341523,0.22936587035655975,7.466764252207383,8.9052648955592,0.33196816976127325
0.8,56,ldm,0.0,2.0660714475035684,2.3665224519039025,0.9877542845229484,0.02636146731674671,4.598126567608869,5.266792574908483,0.3877256317689531
0.8,57,ldm,0.0,2.7744928943044838,3.2364250307697304,0.9853482029648375,0.028533881530165672,6.174747492086155,7.202796367975529,0.41099012408204605
0.8,58,ldm,0.0,3.6304489469176775,5.064328379318436,0.9554715640754501,0.17459486424922943,8.07971272016767,11.270870083499107,0.5612089356110381
0.8,59,ldm,0.0,2.5671197416543663,3.220891447963954,0.9806683785860656,0.023659152910113335,5.713230053392802,7.168225743675147,0.38128900949796474
0.8,60,ldm,0.0,3.309264236200529,5.201013603394085,0.9795222844942619,0.04054500162601471,7.364903000860643,11.575068643999627,0.40879688158449223
0.8,61,ldm,0.0,3.069190852721983,7.4691224225570165,0.8839499293364028,0.29864367842674255,6.830609860087471,16.622837651321454,0.4151741716227697
0.8,62,ldm,0.0,3.8555811226112033,5.199493101998302,0.9076625125442891,0.012713849544525146,8.580753591494169,11.571684705911483,0.34226650592156593
0.8,63,ldm,0.0,2.3593003099042162,3.2508936469010816,0.9897241363307208,0.028272295370697975,5.250719402296797,7.234996865354498,0.43720441454513476
0.8,64,ldm,0.0,3.4514134736467694,3.7151871815663933,0.92892412116511,0.01752762869000435,7.6812619467512455,8.268301129586586,0.3926109880033621
0.8,65,ldm,0.0,3.6931805412845864,4.69803227215761,0.928047076601725,0.09596645087003708,8.219324450940814,10.455663105065225,0.40581854949903484
0.8,66,ldm,0.0,3.804099280801117,4.705098608626849,0.8742918905080582,0.1724759191274643,8.466178645471647,10.471389526092016,0.3358431372549019
0.8,67,ldm,0.0,2.2244410678771835,3.495697438062679,0.9857469249716612,0.07063300162553787,4.950584639580164,7.779817722034755,0.3304673721340388
0.8,68,ldm,0.0,3.670496640698598,4.566712829417541,0.9045048559165744,0.024551386013627052,8.168840501768843,10.16340631054038,0.4210029498525074
0.8,69,ldm,0.0,1.499872525526185,2.4684976050595098,0.9885544598881226,0.16021880507469177,3.338027693079889,5.493742451945574,0.49619433198380564
0.8,70,ldm,0.0,2.2652569948889485,3.643220655691654,0.9855685241247256,0.04554849863052368,5.041422155679208,8.108136680770942,0.5509306260575297
0.8,71,ldm,0.0,0.9092728283623271,1.7043945315419593,0.9898284777139108,0.48335355520248413,2.023623894686466,3.793199788245377,0.4002361584885857
0.8,72,ldm,0.0,2.2893105110415957,3.474509826135709,0.9887641303151108,0.11914163827896118,5.094954240351079,7.732663824514269,0.3734276876933171
0.8,73,ldm,0.0,2.622112375589325,3.122139373207553,0.9858998527623071,0.01802714541554451,5.835618410980657,6.9484489595312295,0.4173333333333333
0.8,74,ldm,0.0,3.83295241916199,4.490721416211201,0.9474570683603799,0.09214164316654205,8.530392485809227,9.994284310235686,0.47304994388327726
0.8,75,ldm,0.0,3.555334457084955,5.5353687609481375,0.9804907339661544,0.030171507969498634,7.9125423487221145,12.31918973178872,0.5000829875518671
0.8,76,ldm,0.0,1.1180580784983285,2.717724609570946,0.9848478320417999,0.9218196272850037,2.4882840141296745,6.048407350971353,0.557704918032787
0.8,77,ldm,0.0,3.407967302182164,5.0571707828281856,0.9390615870504223,0.016426026821136475,7.5845707139704635,11.25494055956042,0.34676303854875284
0.8,78,ldm,0.0,2.69293737839447,4.405195826160093,0.9681682518491307,0.4654732942581177,5.993242353484101,9.803943609143477,0.5211494252873563
0.8,79,ldm,0.0,1.8299238205176027,2.797522998756443,0.9932418807693694,0.1805025190114975,4.07257035858523,6.226001932131448,0.41579113924050637
0.8,80,ldm,0.0,1.962043182872792,2.8080137364352233,0.9923827858312115,0.15048034489154816,4.3666074069530305,6.2493494982056506,0.5324080664294187
0.8,81,ldm,0.0,2.9927505869245046,3.7637650131196008,0.9732442311471643,0.01269814558327198,6.66048891997034,8.376413081925662,0.35207039337474116
0.8,82,ldm,0.0,3.1316279713856425,4.137045976017889,0.9303392106376457,0.1067766398191452,6.969566223130586,9.207165142682882,0.3810528209844456
0.8,83,ldm,0.0,3.73288016776434,5.896155012896724,0.9771320550247807,0.03787697106599808,8.307677594517369,13.122134301937693,0.4606639004149379
0.8,84,ldm,0.0,3.468044144137233,10.284855537884829,0.9836778412321096,0.05364459380507469,7.718274184596044,22.8893669431951,0.5257142857142857
0.8,85,ldm,0.0,3.7676385420536835,4.183553258196662,0.9586005739848266,0.1791885793209076,8.385033779106163,9.310669002644689,0.3879805701984379
0.8,86,ldm,0.0,2.154897579003555,12.342209115512853,0.9895926122371236,0.15710821747779846,4.795812758781743,27.468091534586677,0.45041909620991244
0.8,87,ldm,0.0,3.25809923057262,4.613947170009986,0.963054974350999,0.04387269541621208,7.251033186729185,10.26852826875922,0.5347682119205298
0.8,88,ldm,0.0,4.38537735429884,9.643516056574535,0.9067481514797042,0.7060983777046204,9.759836788876083,21.462039678480913,0.3825598981135078
0.8,89,ldm,0.0,3.8644096016155656,5.759417518797939,0.914103584178287,0.012628454715013504,8.600401732854714,12.81781941236135,0.37192199248120295
0.8,90,ldm,0.0,2.9243900252240027,5.467544444342394,0.9833485639895572,0.11506754159927368,6.508349692011139,12.168243939235607,0.4729275493981377
0.8,91,ldm,0.0,1.7161982431391558,3.694142560624667,0.9920808474845344,1.2521497011184692,3.819469431513059,8.221465464356164,0.41226498237367804
0.8,92,ldm,0.0,1.669355007575674,2.6667723346514567,0.9886990336000001,0.1750987470149994,3.7152178935435165,5.935010977738229,0.3760044588765569
0.8,93,ldm,0.0,2.5408718751989525,3.0962841684242646,0.978417806557501,0.06947214156389236,5.654814352310675,6.890907143071466,0.4702136262551385
0.8,94,ldm,0.0,3.6799070150420956,4.057162127485474,0.9305310479482748,0.13302934169769287,8.189783675022731,9.029380368248498,0.384808362369338
0.8,95,ldm,0.0,1.9933008552001275,2.494518755830838,0.9900401351881692,0.021695058792829514,4.436172636046922,5.5516535879936395,0.4372184531886024
0.8,96,ldm,0.0,1.95149016431691,3.3489082788632185,0.9937823537384206,0.04706237465143204,4.343121232237775,7.45313244037736,0.4982678983833718
0.8,97,ldm,0.0,5.160568377089095,8.223056683427577,0.9348412159391467,0.2131345272064209,11.485056137495732,18.300749206281605,0.47757078986587187
0.8,98,ldm,0.0,2.6753479523406605,7.563753307868474,0.9706569342131123,0.6271799206733704,5.9540963658926565,16.83344255968158,0.4070655270655271
0.8,99,ldm,0.0,3.931425414907353,4.615755282224023,0.9313261555029954,0.07767949998378754,8.749548168191795,10.272552296494865,0.40739699057797785
0.8,100,ldm,0.0,3.5253892448043316,4.079085912074391,0.9341080918572946,0.01328020915389061,7.845898053179193,9.078172648158587,0.31937499999999996
0.8,1,sprl_lambda_0.5,0.5,1.188509284889819,1.849586752077215,0.9890829093847379,1.4568967819213867,2.645076057415607,4.116331017545293,0.39515669515669505
0.8,2,sprl_lambda_0.5,0.5,1.9214212517955773,2.6544184355413307,0.9874197136247058,1.544196367263794,4.276201636746289,5.907516869642177,0.5115151515151515
0.8,3,sprl_lambda_0.5,0.5,1.078279209977948,1.4834776654670307,0.9949759924888627,1.7547059059143066,2.399754514148447,3.3015402610013345,0.4153932127616338
0.8,4,sprl_lambda_0.5,0.5,3.231221964503471,5.991071534217494,0.9588571402969446,0.8890052437782288,7.191216731046311,13.333374904927195,0.5290593286494927
0.8,5,sprl_lambda_0.5,0.5,1.6501167469037217,2.228023816862242,0.9882411319348283,1.287636160850525,3.6724023570250792,4.958558194082927,0.3787455934195064
0.8,6,sprl_lambda_0.5,0.5,1.1282382257744619,1.798032855935848,0.9937511438713553,1.8449774980545044,2.5109403485507906,4.001595711659431,0.4219494409333982
0.8,7,sprl_lambda_0.5,0.5,0.8932591305927543,1.198085459169686,0.9945542717900366,1.5815985202789307,1.987984754883773,2.6663882252138276,0.4044810638912981
0.8,8,sprl_lambda_0.5,0.5,3.312555527145608,4.264201083251203,0.9730077756953833,1.442529559135437,7.372227903566493,9.49015403809747,0.3144792643185573
0.8,9,sprl_lambda_0.5,0.5,1.6077308226618643,2.5293869049907336,0.9933300022598379,1.308786392211914,3.578070747832845,5.629254081049767,0.43437125748502997
0.8,10,sprl_lambda_0.5,0.5,0.8106953841024396,1.1068030608346136,0.9862245735723464,1.448224425315857,1.8042357578599013,2.4632355116681715,0.3442755969775952
0.8,11,sprl_lambda_0.5,0.5,1.5079115040524014,2.429717216757821,0.990713043656348,1.5284702777862549,3.3559187688132552,5.407435110557336,0.46139214892755975
0.8,12,sprl_lambda_0.5,0.5,1.1241473454481696,1.3789723507942955,0.9945002013265145,1.7260148525238037,2.5018359269510624,3.0689594059521776,0.45868703063032645
0.8,13,sprl_lambda_0.5,0.5,1.3165892012534788,2.404992870409189,0.9924790899966542,1.6383708715438843,2.9301231534008236,5.3524100658282325,0.42560000000000003
0.8,14,sprl_lambda_0.5,0.5,1.4769444463150248,2.0293542681457386,0.9906985378071732,1.3192542791366577,3.287000314383734,4.516410982169219,0.5019444444444444
0.8,15,sprl_lambda_0.5,0.5,2.265276704358723,4.724018805250707,0.98761109948408,1.1837929487228394,5.04146601991087,10.513497198053537,0.3943167701863354
0.8,16,sprl_lambda_0.5,0.5,1.4242027308101968,1.675282951701607,0.9911896028257018,1.3946781158447266,3.1696214678888337,3.7284107758175966,0.3782460679512493
0.8,17,sprl_lambda_0.5,0.5,1.1543493739543496,2.3233322340790683,0.993228285062981,1.6765891313552856,2.569051777515062,5.170670977428809,0.40680610889774227
0.8,18,sprl_lambda_0.5,0.5,0.973931978871231,1.343260327643708,0.9935988070486297,1.7532247304916382,2.167525480545586,2.9894808367912744,0.4412698412698412
0.8,19,sprl_lambda_0.5,0.5,0.9752060004390367,1.6593913940781313,0.9915108431903549,1.3552607297897339,2.1703608676885198,3.693043463909055,0.46255599862157243
0.8,20,sprl_lambda_0.5,0.5,1.5411581563690684,7.399012504203016,0.993113602566737,1.7873539924621582,3.429910554279356,16.46680515853136,0.3718893164742534
0.8,21,sprl_lambda_0.5,0.5,1.3111517548385583,2.1570373818291655,0.9921255974644722,1.353334665298462,2.9180218938579334,4.800574977549043,0.4974794238683128
0.8,22,sprl_lambda_0.5,0.5,1.2628665455322503,2.264830105027711,0.9916466643911169,1.3445782661437988,2.8105611843059197,5.040472094821065,0.4763474620617478
0.8,23,sprl_lambda_0.5,0.5,2.2281840455854662,3.5376656783225533,0.9902934384803068,1.210418462753296,4.958914789664382,7.8732197584299115,0.40135900994679624
0.8,24,sprl_lambda_0.5,0.5,1.6061431057642683,2.0595521257098195,0.9942935048089881,0.8095400333404541,3.5745372188943856,4.583617550130867,0.4896174863387979
0.8,25,sprl_lambda_0.5,0.5,1.3652406903523537,2.441024498368502,0.994886051959826,1.2207119464874268,3.038399033622475,5.432599928571896,0.5037821027287319
0.8,26,sprl_lambda_0.5,0.5,1.594128271135346,3.0236060008371046,0.9924777991176772,1.7174485921859741,3.5477977126786504,6.729158906498408,0.5041309960592472
0.8,27,sprl_lambda_0.5,0.5,1.14805604028361,1.6617547445860459,0.9926315376823024,1.5803873538970947,2.5550457058541713,3.6983031971927924,0.38905597326649954
0.8,28,sprl_lambda_0.5,0.5,2.02048315296938,2.329639493724815,0.9918571114913414,1.2964112758636475,4.496667952262863,5.184708041917047,0.5249890590809627
0.8,29,sprl_lambda_0.5,0.5,1.1157619794712599,2.5454758337045553,0.9940971650992596,1.6464807987213135,2.4831739517690616,5.665060650397975,0.4707836456558775
0.8,30,sprl_lambda_0.5,0.5,1.4033867375418232,1.747259516910003,0.9908656548721786,1.2324247360229492,3.1232946229028444,3.8885975675811886,0.42330674174878774
0.8,31,sprl_lambda_0.5,0.5,1.1810019916731251,1.8453259655709162,0.9938116186830903,1.5479141473770142,2.628368269099661,4.106848462787957,0.38166573916459345
0.8,32,sprl_lambda_0.5,0.5,1.5105025737743198,4.115145232146902,0.9917138970642476,1.557071566581726,3.361685300527962,9.158424140833569,0.3632749549549549
0.8,33,sprl_lambda_0.5,0.5,0.9203407712725535,1.5339549043904182,0.9936016813051625,1.4694621562957764,2.0482560546273927,3.413879422182626,0.3899714635140644
0.8,34,sprl_lambda_0.5,0.5,2.4291697723750603,3.4903970083911697,0.9777176003831682,0.8709582686424255,5.406216750677428,7.768021398862216,0.5113821138211381
0.8,35,sprl_lambda_0.5,0.5,4.035556555738665,5.294097093580306,0.928506260641138,1.1626778841018677,8.981296284042493,11.782229761175989,0.34385913569407867
0.8,36,sprl_lambda_0.5,0.5,1.124270532616189,1.8336806753739772,0.9915103743999999,1.1988153457641602,2.502110085035355,4.080931392830497,0.45788000486795655
0.8,37,sprl_lambda_0.5,0.5,1.7472342861876478,5.046626697120223,0.9850719642271928,1.7292882204055786,3.888541415575932,11.231474265263817,0.421925566343042
0.8,38,sprl_lambda_0.5,0.5,1.089587444649418,1.366509648524408,0.9934061688246753,1.7142560482025146,2.4249214532388015,3.041223151970927,0.505988023952096
0.8,39,sprl_lambda_0.5,0.5,2.784343753996106,6.498660498752303,0.9843731150862906,1.1441035270690918,6.196670983510697,14.463034920350523,0.4072058823529412
0.8,40,sprl_lambda_0.5,0.5,1.821677549797349,2.841232774912284,0.9877223657462986,1.1540939807891846,4.054217945589876,6.323279827941515,0.32365867083840316
0.8,41,sprl_lambda_0.5,0.5,0.8762240676614751,1.713391099563271,0.9939378466819968,1.6221975088119507,1.9500725251107662,3.8132220185927728,0.5251918859649123
0.8,42,sprl_lambda_0.5,0.5,1.056453249625226,1.5141159253766672,0.9948063488000001,2.094702959060669,2.35117994607981,3.36972696240802,0.5084380952380952
0.8,43,sprl_lambda_0.5,0.5,1.165106433074276,2.771476999932759,0.9934629884055088,1.5480602979660034,2.5929920528566717,6.168035495725872,0.3941695686653105
0.8,44,sprl_lambda_0.5,0.5,0.8771946518829986,1.2891535581721387,0.994012490271975,1.8471448421478271,1.9522326000203158,2.8690640068237903,0.4069561219127694
0.8,45,sprl_lambda_0.5,0.5,1.902408663727176,3.1190803403417253,0.9905840517393141,2.6262528896331787,4.233888343843494,6.941640956686726,0.3246692709807696
0.8,46,sprl_lambda_0.5,0.5,1.5650634655091484,2.91800908861206,0.9944573241087891,0.8942527770996094,3.4831127981788694,6.494148656419144,0.4176912568306011
0.8,47,sprl_lambda_0.5,0.5,1.0082550674293438,1.5048153178716737,0.9958690436514228,1.5153934955596924,2.2439129189239377,3.3490280797458127,0.40412575229648395
0.8,48,sprl_lambda_0.5,0.5,0.8636173659398148,1.0995139950108042,0.9943678639817318,2.0460472106933594,1.9220157944559146,2.4470133973468076,0.36474581050596205
0.8,49,sprl_lambda_0.5,0.5,1.0348362628636145,12.824558788557223,0.9943207554747229,2.1320221424102783,2.3030704572911644,28.541580473791882,0.46202600544299977
0.8,50,sprl_lambda_0.5,0.5,4.267806901548155,5.816147946954651,0.9459417010400094,0.8758023977279663,9.498178934298043,12.944075302115014,0.36610878661087864
0.8,51,sprl_lambda_0.5,0.5,3.159489003051361,4.021676690978416,0.9656768265082922,0.9579170346260071,7.031572089412668,8.95040607693662,0.4805976430976432
0.8,52,sprl_lambda_0.5,0.5,2.0817691390458397,2.753986257634252,0.9901669750679003,1.8081494569778442,4.6330624226190436,6.12910913287083,0.4861229113565562
0.8,53,sprl_lambda_0.5,0.5,0.9571201304383211,1.7713705913277262,0.9943325537049893,1.7746913433074951,2.130110023774533,3.9422577505277596,0.4758988015978695
0.8,54,sprl_lambda_0.5,0.5,1.0979420334625256,1.7312378174792598,0.9932660402196405,2.2865729331970215,2.4435149325830974,3.852940619754065,0.35428920073215375
0.8,55,sprl_lambda_0.5,0.5,2.2312487138267714,2.804817513921073,0.9799576184860349,1.2602193355560303,4.965735334267658,6.242236174183841,0.4644980997093674
0.8,56,sprl_lambda_0.5,0.5,1.179807288767462,1.8537769810922158,0.9941065035019078,1.4745197296142578,2.6257094088857187,4.125656543717934,0.4110816191108162
0.8,57,sprl_lambda_0.5,0.5,1.0374890060351245,1.2153320952390498,0.9924509930048984,1.7697515487670898,2.3089742457921387,2.7047713196650114,0.3454416283324157
0.8,58,sprl_lambda_0.5,0.5,1.5895549419588018,2.003910388336031,0.9920809267329485,1.6721299886703491,3.5376195814167826,4.459784586273073,0.32244404949973665
0.8,59,sprl_lambda_0.5,0.5,1.0958506372547625,1.6097120161450438,0.9947933913934426,1.7786451578140259,2.4388604447250266,3.5824799750169234,0.5126760563380282
0.8,60,sprl_lambda_0.5,0.5,1.4106263919251367,2.0718823141679334,0.9880604915587144,0.9415812492370605,3.139406770041049,4.611058889200425,0.49920122887864826
0.8,61,sprl_lambda_0.5,0.5,1.2105478795831879,2.1477277401108354,0.9947377856070463,1.5851234197616577,2.694123851912156,4.7798559888752985,0.36612988617312275
0.8,62,sprl_lambda_0.5,0.5,2.3266679304525373,3.4822218636643942,0.9875917141130932,1.4166502952575684,5.178094706232988,7.749827279676428,0.5476881720430107
0.8,63,sprl_lambda_0.5,0.5,1.2242526851010698,18.016730905059234,0.9920914291201075,1.453014850616455,2.7246244575092318,40.09697202684447,0.452439852715118
0.8,64,sprl_lambda_0.5,0.5,1.3227473421750209,3.0793693955647137,0.9942752319178182,1.5905030965805054,2.94382834806514,6.8532626237763825,0.4545245305875228
0.8,65,sprl_lambda_0.5,0.5,1.1589234843216716,1.644493595319991,0.9901838513725528,1.2655227184295654,2.579231647348979,3.6598878030283695,0.38951097379075217
0.8,66,sprl_lambda_0.5,0.5,1.257466777822177,2.1149311029455995,0.993660270969755,1.6786479949951172,2.7985437802627997,4.706865730547149,0.4084810095979498
0.8,67,sprl_lambda_0.5,0.5,3.494987490482455,6.011305444127839,0.9661812866779259,1.3081791400909424,7.778237704637883,13.378406299576097,0.5209969788519638
0.8,68,sprl_lambda_0.5,0.5,1.7767188816606536,2.2934176058122473,0.9870317730797479,0.8828427791595459,3.95416058956115,5.104094747860361,0.4780927835051547
0.8,69,sprl_lambda_0.5,0.5,1.325244561372695,2.1568022987293913,0.9936131949915179,1.6623125076293945,2.949386011596981,4.800051790488898,0.5232876712328767
0.8,70,sprl_lambda_0.5,0.5,1.111852765085935,1.7926077246900038,0.9934031884006445,2.447437047958374,2.474473835156269,3.9895218600293614,0.4545500944214771
0.8,71,sprl_lambda_0.5,0.5,1.2206451994034557,1.5618022824039968,0.9935791487165948,1.4621611833572388,2.7165958504402403,3.4758549017030465,0.515846372688478
0.8,72,sprl_lambda_0.5,0.5,1.608250066790309,2.475634649608808,0.9902465683977663,1.0879287719726562,3.5792263468925776,5.509626236698512,0.4243950039032006
0.8,73,sprl_lambda_0.5,0.5,1.6802479307047609,2.5630176602150314,0.9908046475897831,1.5098662376403809,3.7394605397982215,5.704100703257554,0.4298806941431671
0.8,74,sprl_lambda_0.5,0.5,1.3739838120303207,2.698429235437106,0.9951706577475352,1.1043105125427246,3.0578572087595806,6.005464706105918,0.3974501917060664
0.8,75,sprl_lambda_0.5,0.5,0.8116196579179559,1.3986171206116735,0.9918047626088923,1.57462477684021,1.8062927670654667,3.112679645211566,0.36215036432624825
0.8,76,sprl_lambda_0.5,0.5,1.088776061907957,1.4509266538948733,0.9948742707125321,1.3475817441940308,2.423115687739007,3.229096652483666,0.45288418898174987
0.8,77,sprl_lambda_0.5,0.5,0.7803423869247096,1.1419360249355164,0.9938345930597269,2.054361581802368,1.7366839203384468,2.541425361213987,0.3653555337467101
0.8,78,sprl_lambda_0.5,0.5,1.3429517884618982,2.1557138345570883,0.9912216454366778,1.0833503007888794,2.9887941702141134,4.79762936892424,0.41224506646849973
0.8,79,sprl_lambda_0.5,0.5,1.6828646575117872,3.54852142337725,0.9878228706100776,1.8975642919540405,3.745284172405942,7.897379663358419,0.36655853761623
0.8,80,sprl_lambda_0.5,0.5,1.199494922187348,1.95240776929937,0.9941274859435798,1.3990578651428223,2.669525042846831,4.345163399682428,0.4554646840148699
0.8,81,sprl_lambda_0.5,0.5,1.7793831024458597,7.71646116789431,0.9906882422114806,2.003187656402588,3.960089921961167,17.173300152271576,0.3706856870347716
0.8,82,sprl_lambda_0.5,0.5,4.2410781223975285,5.110725101020742,0.8645788379923595,0.9317863583564758,9.438692942329688,11.374127886595465,0.38550373723549847
0.8,83,sprl_lambda_0.5,0.5,1.4518913419238215,2.0373489460655865,0.9903127568894993,1.1101795434951782,3.231243605175317,4.5342034650899565,0.5023056653491436
0.8,84,sprl_lambda_0.5,0.5,1.733372416865879,2.2704382518880823,0.9939914481460449,1.2232387065887451,3.8576912580549214,5.052953255191818,0.4512216404886561
0.8,85,sprl_lambda_0.5,0.5,1.677853605057843,2.3910231884410673,0.9906647353572189,0.856715738773346,3.7341318700748665,5.321319966850154,0.4735177865612649
0.8,86,sprl_lambda_0.5,0.5,1.1350847003208118,2.07876375001459,0.9948557092581399,1.548253059387207,2.526177457869574,4.626373806323954,0.4394512771996216
0.8,87,sprl_lambda_0.5,0.5,0.9268914531602376,2.2747521738806187,0.9940801391882912,1.4430598020553589,2.062834865277968,5.0625540651485315,0.4905128205128205
0.8,88,sprl_lambda_0.5,0.5,1.4493073324807517,1.9696925726307966,0.9909352817496451,1.6196091175079346,3.225492786400154,4.383631436937461,0.43891990362578603
0.8,89,sprl_lambda_0.5,0.5,1.4896985478926388,1.888814122149201,0.988728806548209,1.2351157665252686,3.3153850894508645,4.203633135157618,0.5684472049689442
0.8,90,sprl_lambda_0.5,0.5,2.3108169404503722,4.733162817339635,0.9915731823537732,1.0615930557250977,5.142817679226045,10.533847571208076,0.5062970568104039
0.8,91,sprl_lambda_0.5,0.5,0.8999752268360548,1.2313193599582215,0.9941617269757056,1.9168744087219238,2.002931701952933,2.7403516316321714,0.4114829129373474
0.8,92,sprl_lambda_0.5,0.5,2.0265751087326143,3.050696930193366,0.9917316863999999,1.3562113046646118,4.510225849148506,6.789450878571666,0.4698555115357725
0.8,93,sprl_lambda_0.5,0.5,1.9871578351108012,2.9359881357468334,0.9837447630313703,1.311026930809021,4.422501093413575,6.534161761672877,0.49595959595959604
0.8,94,sprl_lambda_0.5,0.5,0.7744579831743726,4.454146181933111,0.9949790346328661,3.1435179710388184,1.7235879389522974,9.912884629380597,0.44550451511582256
0.8,95,sprl_lambda_0.5,0.5,1.401304880081417,2.6699687335337416,0.9907398408805285,1.4776341915130615,3.118661363917423,5.942124694274542,0.4146875
0.8,96,sprl_lambda_0.5,0.5,0.9519217761717805,1.6453618200273712,0.9923222045513931,1.2591512203216553,2.1185408735935436,3.6618200726497725,0.3973873610666064
0.8,97,sprl_lambda_0.5,0.5,1.017280994139517,5.980882981845753,0.9956364497262831,2.6239171028137207,2.264000488235001,13.310699864621798,0.34333148654070267
0.8,98,sprl_lambda_0.5,0.5,1.6775762041311677,2.301008313049114,0.9916861334943174,1.3004459142684937,3.7335145029589487,5.120988177492213,0.385884151520299
0.8,99,sprl_lambda_0.5,0.5,1.2930094256353903,1.8640469533166595,0.9921606275450721,1.3543527126312256,2.877645397678099,4.148512787237914,0.521969696969697
0.8,100,sprl_lambda_0.5,0.5,4.190570503512247,4.866512262346817,0.909560369529659,0.8553616404533386,9.326286169299795,10.830622218863317,0.5206349206349207
0.8,1,sprl,1.0,0.7989025182386531,1.5180590743636608,0.995245364833134,2.7601277828216553,1.7779902522158229,3.3785026018657183,0.4536746817538897
0.8,2,sprl,1.0,1.0591773618256346,1.8098080757804984,0.9957179083545241,3.1259605884552,2.3572425692756256,4.027801945365697,0.4264239666287448
0.8,3,sprl,1.0,1.4277977451260349,2.792782030389965,0.9940023030698478,2.8920071125030518,3.1776223193872477,6.215450712991163,0.295816391072558
0.8,4,sprl,1.0,0.9266052135751442,1.5410235643576389,0.9924438052482784,3.68294095993042,2.062197827365988,3.429611014249272,0.2623379850888931
0.8,5,sprl,1.0,0.9773674318832158,1.3409698040112725,0.995454740834043,3.5046164989471436,2.175171221831671,2.9843831826996103,0.5707177033492823
0.8,6,sprl,1.0,1.413140936080071,2.324826865567727,0.9905085073605667,2.509782075881958,3.1450029909743566,5.173997340979834,0.39288930290327595
0.8,7,sprl,1.0,0.951563653340998,3.687598394210391,0.9951626831958146,4.377813816070557,2.1177438565762094,8.206901154158327,0.4771864686468647
0.8,8,sprl,1.0,4.083275416047968,7.285681525724144,0.8891893959178239,1.4000366926193237,9.087496560721863,16.21458242746053,0.48534985422740534
0.8,9,sprl,1.0,1.000092104199106,3.3355205958898693,0.9944710026958008,2.8763604164123535,2.225745910157264,7.423337603982489,0.3525913490396158
0.8,10,sprl,1.0,0.8203439203376892,1.4158957856945034,0.9926006168212241,6.277466773986816,1.825708970151492,3.1511340215431174,0.47125000000000006
0.8,11,sprl,1.0,3.6128792765755415,4.936210136355964,0.9592463355176547,1.7038265466690063,8.040610699721126,10.985737690099583,0.5361566484517304
0.8,12,sprl,1.0,0.6891386134404943,0.9099632872712878,0.9931152925571923,3.9824514389038086,1.5337061896163697,2.0251605392478003,0.3217889750806618
0.8,13,sprl,1.0,1.100722258474724,1.5874178135788564,0.9897420655587305,2.306605577468872,2.4497024371381637,3.5328633147377713,0.4520281018027571
0.8,14,sprl,1.0,0.9417571667326078,3.7425176889553917,0.9946922846856932,3.871485948562622,2.095919119264524,8.329126292377268,0.28736325611325614
0.8,15,sprl,1.0,0.9910327846945329,2.2586707468374487,0.9919759339652893,2.250854015350342,2.205584023815547,5.026764191075391,0.4849730458221025
0.8,16,sprl,1.0,1.1406529319910694,1.6945056575231572,0.991922250001,3.09128475189209,2.5385697853510605,3.771191694379827,0.4328352704035682
0.8,17,sprl,1.0,0.7179596454480636,1.041403441464201,0.9952030901219417,3.5053253173828125,1.5978485759506065,2.3176859820514895,0.5919281045751632
0.8,18,sprl,1.0,0.9429198865821491,1.259161861174358,0.9940290146564792,3.485578775405884,2.0985067998780487,2.8023162576402845,0.33703825586178526
0.8,19,sprl,1.0,0.708863291223822,1.154568228797823,0.9936010688384783,3.4187815189361572,1.5776042673244914,2.569538847926611,0.3217659688674182
0.8,20,sprl,1.0,0.8556057274994376,1.8853439022666394,0.9950866472189734,5.515902042388916,1.9041855652025719,4.195910018778109,0.38785893656512715
0.8,21,sprl,1.0,0.9275961564061733,1.8570271727565852,0.9945295295295296,3.522181987762451,2.0644032111942394,4.132889978292433,0.4690391459074732
0.8,22,sprl,1.0,0.8344407767391053,4.079715139681203,0.9927856555223932,3.330216407775879,1.8570821010359246,9.079573019950882,0.31930592009332165
0.8,23,sprl,1.0,1.0169249978284314,1.732807094406648,0.9927351454698295,2.644479990005493,2.2632082038742882,3.8564331097841067,0.4471674876847291
0.8,24,sprl,1.0,0.6088584996208739,0.9187480735176407,0.9943787880824931,2.8284454345703125,1.3550395105667705,2.044711440587116,0.35414012738853506
0.8,25,sprl,1.0,1.690680930799229,5.716971998208001,0.9858010397213628,2.2751643657684326,3.762679608515426,12.723355169057273,0.5232323232323232
0.8,26,sprl,1.0,1.6421420237702475,2.481743145132848,0.9876274325605047,2.2524337768554688,3.654654284298137,5.523220943498776,0.4364126611957796
0.8,27,sprl,1.0,1.9020115599833674,2.4636909168153003,0.9907265087937668,4.347366809844971,4.233004573208791,5.483044970527583,0.3237953198263544
0.8,28,sprl,1.0,1.745684653721496,5.0339227465383605,0.9911766208277881,2.8611795902252197,3.8850926450983905,11.203201103290336,0.44782736635605697
0.8,29,sprl,1.0,0.9896439930720015,1.8822731549284286,0.9951395722088558,4.004258155822754,2.2024932112184556,4.189075944895862,0.5245718050065875
0.8,30,sprl,1.0,3.2872495224603315,4.853167504455345,0.9427206670961392,1.870048999786377,7.315908354402788,10.800922913995022,0.4986956521739131
0.8,31,sprl,1.0,1.1526686227194314,2.2895240486947457,0.9896263506705893,1.6005712747573853,2.5653111968511375,5.095429477137938,0.3743798558457363
0.8,32,sprl,1.0,1.3723444398099023,2.1044324329755937,0.9920932635738289,2.7183749675750732,3.0542087187860054,4.683500510834166,0.28340311004784685
0.8,33,sprl,1.0,1.1408088429723129,1.987354908051018,0.9907622382983123,2.9682250022888184,2.538916771621019,4.422939687307926,0.40770544695388117
0.8,34,sprl,1.0,1.349007296104313,2.077834261209882,0.9932407172622935,2.9794585704803467,3.002270950315106,4.624305190946502,0.4550558213716108
0.8,35,sprl,1.0,1.1928858611512307,3.165801843417615,0.9911215681355229,3.1700618267059326,2.654816307012047,7.045621574022805,0.32718282444999314
0.8,36,sprl,1.0,0.6799631661780189,1.109930508580196,0.9928968704,4.325447082519531,1.5132858561965064,2.4701957746276864,0.4333644568938687
0.8,37,sprl,1.0,1.1007547914968836,1.5305841848158177,0.9913026081991725,3.084721088409424,2.449774840710507,3.406377747810882,0.4246115906288533
0.8,38,sprl,1.0,0.8504309930064767,1.2799407911867282,0.9964291825167302,4.578983783721924,1.8926689817944058,2.8485606168330952,0.42967632027257247
0.8,39,sprl,1.0,1.2351260042714618,1.864698584285257,0.9903621980375441,2.0321173667907715,2.748823474351501,4.149963018628801,0.4732879897686316
0.8,40,sprl,1.0,0.7508378552222092,1.6967885100130071,0.9951804785914367,3.3451108932495117,1.6710203774585288,3.776272276029699,0.35088774626625485
0.8,41,sprl,1.0,0.9452665070814436,1.5411666937697253,0.9953659061076192,3.044412851333618,2.103729299842868,3.4299295546139414,0.5164479953089496
0.8,42,sprl,1.0,1.4171343389410787,2.943874545116543,0.990480928,1.682834267616272,3.1538904724854877,6.551713288504013,0.39219718759987227
0.8,43,sprl,1.0,1.1811071301530467,1.65852725604615,0.995358502725465,3.5258169174194336,2.6286022590898854,3.6911202893510136,0.4457170542635659
0.8,44,sprl,1.0,0.8355091552544972,2.022314317107509,0.995292435948636,4.55127477645874,1.8594598211490512,4.500743282999056,0.3950931677018633
0.8,45,sprl,1.0,1.0422748083926803,1.311545580049461,0.9947942468627953,3.795839548110962,2.3196252448145547,2.91889836798347,0.5116119828815978
0.8,46,sprl,1.0,1.2183480602973518,3.1802111675735234,0.9927981990409241,2.16906476020813,2.7114834733411657,7.077690114683694,0.47435561380515506
0.8,47,sprl,1.0,1.5207581505208736,2.130036460182332,0.9902059122965139,3.17911434173584,3.384509506322713,4.740483321316996,0.4035404130752968
0.8,48,sprl,1.0,0.9580025068164244,1.5085855873962069,0.9917183915990825,3.227041006088257,2.132073788518337,3.3574189688841094,0.3962691326530612
0.8,49,sprl,1.0,1.1368819015973153,1.6697369400440656,0.9911152199433244,2.171252489089966,2.5301772028671716,3.716067899883842,0.44592797783933513
0.8,50,sprl,1.0,1.1333989585953694,2.1040137471092426,0.9942063706310705,3.219573974609375,2.522425770664735,4.68256870830242,0.4252169720347155
0.8,51,sprl,1.0,1.195466127029189,2.4550925037969114,0.9871077867372459,2.527508497238159,2.660558794329836,5.463908850435076,0.4241441441441441
0.8,52,sprl,1.0,0.9536643847374308,10.45653874910171,0.9956054288217154,3.2737481594085693,2.1224191202787397,23.27145495649329,0.39826516220028213
0.8,53,sprl,1.0,0.7344990168901596,1.847494103777129,0.9951038401269593,3.7969601154327393,1.6346576240265307,4.111673743104512,0.42136591478696744
0.8,54,sprl,1.0,0.7204790051913993,1.6171663407586778,0.9927887777368,3.987942695617676,1.6034555141729965,3.5990698795388347,0.2683583406884378
0.8,55,sprl,1.0,3.0774284279560327,3.889026893728065,0.9659860455640485,2.2510910034179688,6.848942920922385,8.655188523999737,0.464317118139271
0.8,56,sprl,1.0,0.9869732115085464,1.3831806227743846,0.9925056341090762,2.5655150413513184,2.1965492775379234,3.078325087482094,0.3750316856780735
0.8,57,sprl,1.0,1.26553736246144,4.56054459261746,0.9928230602177832,2.768169403076172,2.8165051966943424,10.149678647085166,0.4625377643504531
0.8,58,sprl,1.0,0.9586996962209596,1.491149504117987,0.9940260982441755,3.386763334274292,2.1336254120730413,3.318614251915828,0.3856983805668016
0.8,59,sprl,1.0,1.5976125712973654,3.1102506701269212,0.9900692430840164,3.317842960357666,3.5555521652963775,6.921990164238589,0.41673040152963664
0.8,60,sprl,1.0,0.7693493658764371,4.681103866536057,0.9946794397948414,3.108142852783203,1.7122185020677372,10.41798824550034,0.37363163494502893
0.8,61,sprl,1.0,2.1280356869116743,2.6865388532314998,0.9915198750875787,3.790465831756592,4.736030518514514,5.979002173851922,0.48616352201257856
0.8,62,sprl,1.0,1.7135669266782487,2.218496935576034,0.9874837756261904,2.436405897140503,3.8136133290334944,4.937355729859581,0.38777266530334015
0.8,63,sprl,1.0,1.6132284686853593,2.5694476982857624,0.9948840020644046,3.139002799987793,3.5903059840684968,5.71841101615573,0.31513157894736843
0.8,64,sprl,1.0,1.2328757164221957,3.579294243708037,0.9907727404582852,2.533682107925415,2.74381536664207,7.96586583448973,0.31025449101796415
0.8,65,sprl,1.0,1.03673779078979,1.7144735150814312,0.9896605184461815,2.1188154220581055,2.3073023855175387,3.8156309786300735,0.2643055198239145
0.8,66,sprl,1.0,1.2187573316178495,2.0794391093994022,0.992643901580457,3.5913784503936768,2.7123943234157912,4.627876846276296,0.41159090909090923
0.8,67,sprl,1.0,0.9330646938824453,1.1232063147486266,0.9948997892127027,3.5144309997558594,2.0765736651666775,2.4997416246142614,0.3671587427007651
0.8,68,sprl,1.0,0.9684687900212262,3.8837039627766616,0.9905545944712282,2.479799509048462,2.1553669301598166,8.643342123307848,0.35805426027977955
0.8,69,sprl,1.0,1.1803313550908792,2.9618626489464654,0.99123381562223,2.310887098312378,2.626875739937728,6.591746549803477,0.45946140035906635
0.8,70,sprl,1.0,0.8592174625115404,2.0678857897065765,0.9955414600506624,3.6518285274505615,1.9122236292948758,4.602164460439955,0.3970923603192702
0.8,71,sprl,1.0,1.0766758067988333,1.5109339890827551,0.9911787423149693,3.0295369625091553,2.3961860747484525,3.3626454329540634,0.3624901530796909
0.8,72,sprl,1.0,1.4971910996674729,2.084497698007591,0.9896265052066131,2.3809878826141357,3.332060070084607,4.639134942264226,0.4368286445012788
0.8,73,sprl,1.0,0.9731796281245465,1.8780230981376147,0.9926878176813264,2.7165510654449463,2.165851093166258,4.179617269559488,0.4388269154799752
0.8,74,sprl,1.0,1.9149393132936356,2.666127124394734,0.9927317975736072,2.7013723850250244,4.261775817314247,5.9335750359044095,0.4004020038344981
0.8,75,sprl,1.0,0.7976995070766559,1.24378353538029,0.9940185352682833,3.2620654106140137,1.7753129016373648,2.768091164173895,0.305591703944693
0.8,76,sprl,1.0,2.61204448158667,5.944674415474739,0.9811724792061869,3.213675022125244,5.813211900814025,13.23011621820107,0.41506116207951066
0.8,77,sprl,1.0,1.0688765153355542,1.3608551051706537,0.991448563732682,2.532989501953125,2.378828432383683,3.0286387343052117,0.4242805445459245
0.8,78,sprl,1.0,0.862889775469358,1.8093489397631604,0.9950640547689554,2.9027254581451416,1.920396512084732,4.026780119367366,0.45438802779262427
0.8,79,sprl,1.0,1.0056759583387522,1.771660412989361,0.9912420200144847,2.7708191871643066,2.238173006083779,3.9429027604976916,0.4401709401709401
0.8,80,sprl,1.0,0.9443650627033064,1.542773630070333,0.9951227065766974,3.4019176959991455,2.1017230984845643,3.4335058571204238,0.362426305860158
0.8,81,sprl,1.0,1.136124186822082,3.368931921853282,0.9945671992057045,2.8187289237976074,2.528490877622766,7.497695877389267,0.41160429983959385
0.8,82,sprl,1.0,0.9364355690763843,2.012160943665309,0.9905049950366444,3.4870381355285645,2.0840756858756286,4.478146534841173,0.4183899556868537
0.8,83,sprl,1.0,1.109803773904395,2.889478486842811,0.9935979596222714,3.388366460800171,2.4699137214196325,6.430652634467161,0.4042953496627618
0.8,84,sprl,1.0,2.309699146278655,3.3902043713756242,0.9912133036804206,2.032777786254883,5.140329982547258,7.5450385844505305,0.34440159954298766
0.8,85,sprl,1.0,0.910715525116597,2.2965135555363885,0.9965685838587608,2.972752571105957,2.026834675360497,5.110984910683992,0.3747503465776922
0.8,86,sprl,1.0,0.6174096752852182,1.5372199018623367,0.9945815276132006,3.5903525352478027,1.3740705019944974,3.421145807687805,0.42695223654283543
0.8,87,sprl,1.0,1.3656081008794363,2.9849945500763875,0.9945104273617505,2.7883875370025635,3.0392167207880565,6.643227542521959,0.33923355875722827
0.8,88,sprl,1.0,0.7240547361043683,1.1239963615614075,0.9935225845636135,3.4926536083221436,1.6114134496690846,2.5014999061315306,0.3940736607142858
0.8,89,sprl,1.0,3.9456667220528656,4.9482242754741135,0.9451652230324114,2.0673975944519043,8.781242780119367,11.012475648427628,0.4289704106280194
0.8,90,sprl,1.0,1.0839391801773481,2.5690788654535384,0.9922281027048442,3.321086883544922,2.41235100948126,5.717590163591844,0.4196755162241888
0.8,91,sprl,1.0,0.8974287497989101,1.3908268804242647,0.9934418849092548,2.508274555206299,1.997264413083301,3.0953421468317006,0.3330270358572245
0.8,92,sprl,1.0,0.8020335089637081,1.9560250699430535,0.9907464640000001,3.9169750213623047,1.784958400221163,4.3532138503156075,0.34652338811630845
0.8,93,sprl,1.0,0.817070031802298,1.0875356788153807,0.993311281254581,3.57818603515625,1.8184227972206566,2.4203551643994685,0.420420792079208
0.8,94,sprl,1.0,0.8368107867346114,1.6277438242614342,0.9954004673196337,2.7623353004455566,1.8623566552818596,3.622610501994673,0.5666666666666667
0.8,95,sprl,1.0,1.3432232129919672,3.439009881237417,0.9892947884435754,3.9475300312042236,2.989398236614779,7.653657244183893,0.4043337733873537
0.8,96,sprl,1.0,1.1276631074252401,2.0188760355129696,0.9918600534349228,2.2060420513153076,2.5096603991258704,4.493091246586727,0.4471469486671073
0.8,97,sprl,1.0,1.3287906203334212,2.011298262280087,0.9923924866216964,3.2761919498443604,2.9572779109489247,4.4762266021101125,0.3291960373404458
0.8,98,sprl,1.0,0.9703627077895495,1.284064005530899,0.994278116255532,3.73807954788208,2.159581921668419,2.857736999112994,0.5057977230193387
0.8,99,sprl,1.0,0.8189538964770053,1.7858653634546282,0.9950453072302679,3.581512451171875,1.822615415157959,3.974516459145352,0.39951911290474673
0.8,100,sprl,1.0,3.519852374940334,4.196780181030853,0.9576384956221593,2.5049264430999756,7.833575522681129,9.340106060770191,0.44700534759358285
0.8,1,sprl_lambda_2.0,2.0,0.6738909519847217,0.8728130701296659,0.9946428407422668,6.50413179397583,1.4997718949827505,1.9424812104967382,0.4346042120551924
0.8,2,sprl_lambda_2.0,2.0,0.7299029828210846,1.5838308595103752,0.9936061260146115,6.645732879638672,1.6244289620970584,3.5248804016497437,0.2788336167800453
0.8,3,sprl_lambda_2.0,2.0,1.5451344637104552,3.9098589597269173,0.9915228341359305,7.270313262939453,3.438759989011878,8.701551139505238,0.4840704965260126
0.8,4,sprl_lambda_2.0,2.0,1.3728680093256416,2.9700562230205865,0.9909772916814678,5.431582450866699,3.0553739441721945,6.609981684256068,0.28605641579924346
0.8,5,sprl_lambda_2.0,2.0,0.7643389078488223,1.7868917589190012,0.993868877313183,11.084432601928711,1.7010675226567868,3.976800744260133,0.4028075718522214
0.8,6,sprl_lambda_2.0,2.0,0.6897587281767407,1.4217241338858064,0.9937565111599411,6.9266228675842285,1.5350862803422471,3.1641052489883674,0.37736397589338766
0.8,7,sprl_lambda_2.0,2.0,0.7949575033601373,2.349196813782345,0.9959646515367102,6.181262016296387,1.769210460140174,5.228233658156707,0.3380358344034734
0.8,8,sprl_lambda_2.0,2.0,0.6923978798157221,0.797492942844239,0.9911840717299578,7.589704513549805,1.5409598203312984,1.7748531844837583,0.5407760141093474
0.8,9,sprl_lambda_2.0,2.0,1.9217516405891457,4.131741909563107,0.9871531677100543,4.333057880401611,4.276936930528691,9.19536072570032,0.37777975766215255
0.8,10,sprl_lambda_2.0,2.0,0.7389418550140043,1.7353090986247413,0.9936767804922244,6.213832378387451,1.6445453421098137,3.862001422574734,0.33506413982065764
0.8,11,sprl_lambda_2.0,2.0,0.6565800075817202,1.1099048659911501,0.9949833695893564,5.439379692077637,1.4612456797030131,2.4701387059962525,0.36227588201272404
0.8,12,sprl_lambda_2.0,2.0,0.6279390347986533,0.8959970609535236,0.9936094099180676,8.224272727966309,1.397504022542459,1.9940781309610272,0.3812890922959573
0.8,13,sprl_lambda_2.0,2.0,0.858410884796318,5.356680969637959,0.9938248054119688,6.491295337677002,1.9104285575776385,11.921512738805998,0.37980011261261254
0.8,14,sprl_lambda_2.0,2.0,0.9994264603251191,1.3162318003772004,0.9942056178558016,6.507046222686768,2.224264492471906,2.929327743122787,0.5492227979274611
0.8,15,sprl_lambda_2.0,2.0,0.8504170452476144,2.2850462650017764,0.9956095583157488,5.84639310836792,1.8926379404861968,5.085463986260299,0.38775569000288107
0.8,16,sprl_lambda_2.0,2.0,0.7939145872540833,2.2469394007260104,0.9958531499133967,5.855250835418701,1.766889407661167,5.000655600158074,0.3656306037059175
0.8,17,sprl_lambda_2.0,2.0,0.6852886770073573,1.317169156959646,0.9914685120850322,4.3640899658203125,1.5251379985123288,2.9314138685616116,0.352588287885561
0.8,18,sprl_lambda_2.0,2.0,1.595366770359898,10.920993054975005,0.989405867200623,7.500938415527344,3.550554043392797,24.305117023628867,0.5463914373088685
0.8,19,sprl_lambda_2.0,2.0,1.1666553003012323,1.9870630949889005,0.9928800124804491,9.021905899047852,2.5964391202630637,4.422290245394715,0.39783242258652096
0.8,20,sprl_lambda_2.0,2.0,0.92556660777311,1.3229979927302304,0.9951897750456264,13.029308319091797,2.059886367644991,2.9443861811345085,0.3476853166714001
0.8,21,sprl_lambda_2.0,2.0,0.6101897798230875,1.2536753530966875,0.9950999784951191,7.575469970703125,1.3580023291440888,2.7901058093589244,0.31351217384407964
0.8,22,sprl_lambda_2.0,2.0,0.8324883742012104,1.9435510230102808,0.9941675640046412,8.15912914276123,1.8527369492789467,4.325452348322786,0.3813589945011783
0.8,23,sprl_lambda_2.0,2.0,0.846622496279227,1.198932658224609,0.993416195948578,5.799959182739258,1.8841930164518819,2.668273701385139,0.34395422232140016
0.8,24,sprl_lambda_2.0,2.0,0.7877265646206106,1.0640735187604153,0.994229214242774,6.770054817199707,1.7531177100239357,2.3681391669263023,0.3860316973022756
0.8,25,sprl_lambda_2.0,2.0,0.9044824420626971,3.785206926267844,0.9942865728605812,8.803088188171387,2.01296269391335,8.424132937222257,0.305991985068072
0.8,26,sprl_lambda_2.0,2.0,0.8200195166937734,1.303225159102922,0.9948805042979282,6.549394130706787,1.824986996564605,2.900380930624661,0.30955625594608527
0.8,27,sprl_lambda_2.0,2.0,1.7905728651070558,3.819379004798374,0.991598305905665,5.831385612487793,3.9849931967437753,8.500184296603612,0.35797675117747263
0.8,28,sprl_lambda_2.0,2.0,0.578754998448703,0.991747696510607,0.9941861310668021,6.996599197387695,1.2880429366171833,2.2071750893224826,0.4710717100078802
0.8,29,sprl_lambda_2.0,2.0,0.7262394648667918,1.7859339960124228,0.9947352277685519,6.603053569793701,1.6162756529475129,3.9746692037117506,0.3422983156028369
0.8,30,sprl_lambda_2.0,2.0,0.8085825140891911,1.320557259921439,0.9899942813471565,4.563711166381836,1.7995334791688324,2.9389542303730285,0.3368071601200435
0.8,31,sprl_lambda_2.0,2.0,0.8438236745739427,1.7117850734318598,0.9959304320945876,4.150991916656494,1.8779641241952185,3.8096477417050885,0.3903081078964883
0.8,32,sprl_lambda_2.0,2.0,0.8823520995961028,1.2647312769283263,0.9923134358092068,5.896636962890625,1.9637107109923893,2.814711220348532,0.3445560253699788
0.8,33,sprl_lambda_2.0,2.0,1.4463549170719967,3.1958414086851428,0.9873657509291462,6.370486736297607,3.218922065070058,7.11247585599981,0.5000896860986547
0.8,34,sprl_lambda_2.0,2.0,1.803171273526991,3.450983651607211,0.9865550970855136,4.597699165344238,4.013031470316205,7.68030536021024,0.37129221732745965
0.8,35,sprl_lambda_2.0,2.0,1.761157691060214,2.2182741683425236,0.9897921237059233,5.625315189361572,3.9195285229837995,4.936859952263877,0.3392767322868789
0.8,36,sprl_lambda_2.0,2.0,1.0157297634273619,2.176666635486435,0.9887585088,4.264326572418213,2.2605481607955658,4.844260684959057,0.3678900179318589
0.8,37,sprl_lambda_2.0,2.0,1.0519684107483565,2.1857077998708188,0.9930808344598746,4.813322067260742,2.341198753601643,4.864382166337731,0.43534430225472265
0.8,38,sprl_lambda_2.0,2.0,0.7121709646009422,1.3600329873344033,0.9911431325725303,6.064676761627197,1.5849656298033574,3.026809077412593,0.3830645161290323
0.8,39,sprl_lambda_2.0,2.0,1.2807074133422216,3.3192325901430295,0.9951789375122886,9.097615242004395,2.850266765816835,7.387087980549377,0.48063791554357593
0.8,40,sprl_lambda_2.0,2.0,0.5645892096530705,0.9162755531845015,0.9952317182873148,7.1414899826049805,1.256516393868123,2.039208745389185,0.37240541111815684
0.8,41,sprl_lambda_2.0,2.0,1.3089327356545928,1.8778780757630837,0.9910730173805802,9.994245529174805,2.913083375842908,4.179294516329422,0.45264209474735784
0.8,42,sprl_lambda_2.0,2.0,2.1391399387792442,7.312476536372444,0.9869007040000002,5.394836902618408,4.76074348552608,16.274215820337716,0.3080288899796648
0.8,43,sprl_lambda_2.0,2.0,1.1501888673783458,3.7821214147235804,0.9920530491223976,8.463332176208496,2.559792399846904,8.417266004995163,0.37727867779414176
0.8,44,sprl_lambda_2.0,2.0,1.0498405238155346,2.3843349433013046,0.9944321009461783,6.909975528717041,2.3364630541414435,5.3064350035518215,0.42693994205622116
0.8,45,sprl_lambda_2.0,2.0,1.7917156268325585,23.383946628125216,0.99205202610011,8.382437705993652,3.9875364597353964,52.041930290576104,0.48244529019980975
0.8,46,sprl_lambda_2.0,2.0,1.6913844923869437,2.6069603253394322,0.993771586123117,4.900153160095215,3.7642454136246,5.801896902998946,0.48136315228966986
0.8,47,sprl_lambda_2.0,2.0,2.297334727276138,2.8905952484992694,0.9817326072949544,3.8531272411346436,5.112812462000127,6.43313803324098,0.4184683098591549
0.8,48,sprl_lambda_2.0,2.0,0.8337281929098579,1.095437763790423,0.9934907481363153,6.399120807647705,1.8554962165589526,2.4379415779318507,0.3066524621212121
0.8,49,sprl_lambda_2.0,2.0,0.6822075212965902,1.1483851957743705,0.9938846112553522,6.967273235321045,1.5182807603709585,2.555778254870697,0.4678727808295518
0.8,50,sprl_lambda_2.0,2.0,0.9080778034138692,1.017743572198665,0.9942892410970815,4.5468292236328125,2.020964317753103,2.265029974638258,0.3593521897810219
0.8,51,sprl_lambda_2.0,2.0,1.2454042556354217,2.2859526571896818,0.9858724521395923,3.4741477966308594,2.771698143435327,5.087481199171749,0.5500000000000002
0.8,52,sprl_lambda_2.0,2.0,2.171908977035086,3.0683397215527166,0.9721020708082831,4.701642036437988,4.833672321351791,6.828715632834753,0.3146218832826151
0.8,53,sprl_lambda_2.0,2.0,3.4854775561174485,4.2855738161353045,0.9624711951675311,4.449197769165039,7.757072956481284,9.537719929884775,0.41927601809954745
0.8,54,sprl_lambda_2.0,2.0,0.8599920002300585,2.2152625005968454,0.9925457221812444,7.568929672241211,1.9139473946880992,4.930157362432849,0.4112272240085746
0.8,55,sprl_lambda_2.0,2.0,1.2481397758354515,1.963612680511823,0.9908853082486154,6.277468204498291,2.777786155601212,4.370100388185866,0.5493982808022924
0.8,56,sprl_lambda_2.0,2.0,2.634377603037615,3.9920582856155336,0.9783827750905257,3.4755632877349854,5.862915176664096,8.884489103564844,0.3647412008281573
0.8,57,sprl_lambda_2.0,2.0,2.8754187716406263,6.026797107087588,0.9759625161372496,3.495910167694092,6.399362162841751,13.41288362954343,0.462609363008442
0.8,58,sprl_lambda_2.0,2.0,0.6589651522265385,0.9416463900777273,0.9938820662211305,7.514575481414795,1.466553916730431,2.0956725812851658,0.3661768759993384
0.8,59,sprl_lambda_2.0,2.0,0.7419765317843307,1.1293268228832092,0.9953824538934426,7.721807956695557,1.6512991394669203,2.513363065970946,0.42189081706435283
0.8,60,sprl_lambda_2.0,2.0,0.7410904951257608,1.3858229535475892,0.9906953604450306,4.3488593101501465,1.6493272286191283,3.084205702764476,0.35421702614809486
0.8,61,sprl_lambda_2.0,2.0,1.3973446244903023,3.7600418022164876,0.9884424237814032,4.577658653259277,3.109847653012106,8.368126923675375,0.42050197405527356
0.8,62,sprl_lambda_2.0,2.0,0.9075496314204763,1.2097201497484562,0.9941292215372644,7.145627975463867,2.0197888493645237,2.6922817052872263,0.33550390065276225
0.8,63,sprl_lambda_2.0,2.0,0.8197862224025232,1.2061277621481548,0.9934436109477457,5.898144721984863,1.8244677905710442,2.684286699651747,0.37778916702632725
0.8,64,sprl_lambda_2.0,2.0,2.276643967617406,3.982973852040321,0.9817116006189489,4.313821792602539,5.066764329538018,8.864271324831037,0.3755119350539198
0.8,65,sprl_lambda_2.0,2.0,0.6588986860015318,1.9879954957374473,0.9947413185474367,6.453419208526611,1.466405993426316,4.424365341422362,0.3854800826756858
0.8,66,sprl_lambda_2.0,2.0,0.8418400542063088,10.325009624910669,0.9935167906044617,6.994777202606201,1.873549495880458,22.978731507317356,0.48334702258726914
0.8,67,sprl_lambda_2.0,2.0,1.575279940327874,2.3215211468835224,0.9928955318566327,5.607785224914551,3.5058499810328563,5.166640328750053,0.44486917906865103
0.8,68,sprl_lambda_2.0,2.0,1.562946572341615,2.470017670376223,0.990173015985049,4.018824577331543,3.478401565793278,5.497125419521901,0.510882800608828
0.8,69,sprl_lambda_2.0,2.0,0.7910973525234363,1.2039416887426702,0.9944418504954027,5.66118860244751,1.7606195364629416,2.679421503815152,0.37524839377874525
0.8,70,sprl_lambda_2.0,2.0,0.7855798033760943,1.2738301248573634,0.9933544509663648,6.09555196762085,1.7483400050105633,2.8349610788167325,0.3913391673296208
0.8,71,sprl_lambda_2.0,2.0,0.9663761393357002,1.4181702386884387,0.9920967299869198,5.660518646240234,2.150709650410141,3.1561959097710526,0.3238913023384786
0.8,72,sprl_lambda_2.0,2.0,1.0592122638622952,1.3845725649969203,0.993983564667235,5.974132061004639,2.3573202451867012,3.0814229118684437,0.3866235115093838
0.8,73,sprl_lambda_2.0,2.0,1.7798691854794644,2.543269489638036,0.9900680558222904,5.813880920410156,3.9611717196471,5.6601503413756,0.45507436570428694
0.8,74,sprl_lambda_2.0,2.0,1.7415943627886048,4.508378179535357,0.9908586263923344,7.911448001861572,3.8759895352177995,10.0335801596783,0.44659819072747825
0.8,75,sprl_lambda_2.0,2.0,0.7573635016053557,1.4111324597288084,0.9941558150595534,5.614260673522949,1.68554347056909,3.1405330446507125,0.42066568531239784
0.8,76,sprl_lambda_2.0,2.0,1.3937408514990106,3.0317160986135,0.9919028226849043,5.1845221519470215,3.101827308722991,6.747208261033851,0.40015862225243604
0.8,77,sprl_lambda_2.0,2.0,1.2956926175959704,3.258946558628737,0.989665903661656,8.957701683044434,2.883616951205372,7.252918949997932,0.5513462976813762
0.8,78,sprl_lambda_2.0,2.0,1.0486776397536373,6.99685521475883,0.9953887606392613,7.2933430671691895,2.3338750080665998,15.571787651181733,0.3761064030131827
0.8,79,sprl_lambda_2.0,2.0,0.6829296586755813,1.020836668552365,0.9941486705692645,6.490713119506836,1.5198879066638975,2.271913787169188,0.42465495608531995
0.8,80,sprl_lambda_2.0,2.0,0.8682815557309566,1.2513791468414084,0.9937872102535827,5.399584770202637,1.9323961397343576,2.7849955083575404,0.36120292083013067
0.8,81,sprl_lambda_2.0,2.0,0.8545219953801321,1.8157090659684898,0.9942184786373044,7.342027187347412,1.9017736750155354,4.040934840547704,0.33356329768885823
0.8,82,sprl_lambda_2.0,2.0,0.7867212136935952,1.6364543463534262,0.9918971666951477,5.976592063903809,1.750880260388365,3.641996125418939,0.38681640624999997
0.8,83,sprl_lambda_2.0,2.0,0.7203281586343779,1.2191246659398176,0.9966327430505714,6.6176981925964355,1.6031197989864232,2.7132118409837713,0.3713836247225228
0.8,84,sprl_lambda_2.0,2.0,0.8792609077659004,1.3975521944594558,0.9946926918498812,5.713600158691406,1.9568311370564522,3.110309608473983,0.49050610820244317
0.8,85,sprl_lambda_2.0,2.0,1.549715036336428,3.313747183572715,0.9919538892136004,5.542149066925049,3.4489542408669127,7.374879983717721,0.3041548148352711
0.8,86,sprl_lambda_2.0,2.0,1.3818933778945137,1.8143472309050788,0.9935399269931858,5.810451030731201,3.075460271316949,4.037904020876227,0.42519716481980635
0.8,87,sprl_lambda_2.0,2.0,0.5598721253137708,0.8604110902621049,0.9939898664805531,5.237434387207031,1.2460183296078609,1.9148800967071415,0.4817021276595745
0.8,88,sprl_lambda_2.0,2.0,0.8594609398539051,2.038053001659293,0.995154968824795,9.94468879699707,1.9127654980854691,4.535770369629684,0.39251629726206005
0.8,89,sprl_lambda_2.0,2.0,2.1234353522321405,3.110882517987745,0.988693140949046,3.7210590839385986,4.725792285400448,6.923396367513432,0.3584779341440088
0.8,90,sprl_lambda_2.0,2.0,0.7831692192910731,1.3683329371983277,0.9937707298746367,6.561253547668457,1.742975151467776,3.0452809555391918,0.3560211946050097
0.8,91,sprl_lambda_2.0,2.0,1.158747980071888,2.2779510515524986,0.9946718423532304,12.357836723327637,2.5788410554579615,5.069673298332541,0.42629716981132065
0.8,92,sprl_lambda_2.0,2.0,0.8614590214738005,2.264033217622912,0.9939184319999999,9.293535232543945,1.9172123105090149,5.038698589286286,0.3364860039988575
0.8,93,sprl_lambda_2.0,2.0,0.7771832576868101,1.3023470246365159,0.9936612467842053,7.625007152557373,1.7296531489211042,2.8984266064289543,0.45643447461629283
0.8,94,sprl_lambda_2.0,2.0,0.7973382119654419,1.0336172172621567,0.99541795019525,7.206150531768799,1.7745088245800937,2.3003574214114213,0.4289904291447977
0.8,95,sprl_lambda_2.0,2.0,0.8824643799116948,2.5067444006924813,0.9940670025243745,8.244068145751953,1.963960595430203,5.57886226101044,0.4133579700593164
0.8,96,sprl_lambda_2.0,2.0,0.5632893481919587,1.1922943489487288,0.9936092062832197,6.422325134277344,1.253623498985049,2.653499872395676,0.4098699520876112
0.8,97,sprl_lambda_2.0,2.0,1.0989471639192345,2.3100986036888194,0.9911347659053166,4.662626266479492,2.4457518915529777,5.141218991362768,0.3356093623890234
0.8,98,sprl_lambda_2.0,2.0,0.5930216691882407,0.949838501842558,0.9951629291851333,5.528637409210205,1.3197939962613505,2.1139044613085813,0.4063146997929607
0.8,99,sprl_lambda_2.0,2.0,1.180689202479808,1.6611000459004108,0.9881606076787499,5.0645575523376465,2.627672143947943,3.696846138472081,0.4916806722689075
0.8,100,sprl_lambda_2.0,2.0,1.0500096328207904,1.4986866713219529,0.9929000884640142,5.519412040710449,2.336839413154017,3.335388526013145,0.48600598035027753
0.8,1,sprl_lambda_5.0,5.0,0.8415031453467713,1.9111440393448094,0.9941662603853739,13.983792304992676,1.8727996914243854,4.253329279806293,0.32025649627125635
0.8,2,sprl_lambda_5.0,5.0,0.6876098701597754,1.2901185393161696,0.9950043406698663,15.518668174743652,1.5303039088759718,2.8712116118550544,0.3948994605198627
0.8,3,sprl_lambda_5.0,5.0,0.8185993037207485,1.125970643414154,0.9943364450003271,15.051076889038086,1.8218262544659622,2.505893751199198,0.3468706121351537
0.8,4,sprl_lambda_5.0,5.0,0.7173261212244623,0.8781883680452476,0.9947754738126919,32.35004425048828,1.5964386418617904,1.9544441560107053,0.31465189795868354
0.8,5,sprl_lambda_5.0,5.0,1.1684784224155427,5.519347102687338,0.9939622759869678,26.822996139526367,2.600496553146101,12.28353287558699,0.5116265060240964
0.8,6,sprl_lambda_5.0,5.0,0.6754855586607283,1.132269829672889,0.9931451590563628,16.511943817138672,1.5033207574050507,2.51991284803421,0.3597486671744098
0.8,7,sprl_lambda_5.0,5.0,3.0115194324497767,4.841118779802953,0.9784603198681969,10.047636985778809,6.702259753867386,10.774107984144987,0.37160413503939854
0.8,8,sprl_lambda_5.0,5.0,0.6283372462414987,1.268022212360041,0.9956359325713815,13.478009223937988,1.3983902584067054,2.8220353318448392,0.34526910048927356
0.8,9,sprl_lambda_5.0,5.0,0.6331332773632583,0.7897495017039364,0.9957424335444435,16.809492111206055,1.409064021962505,1.7576198392986426,0.2712960146029814
0.8,10,sprl_lambda_5.0,5.0,0.8757767809040845,12.711937660687637,0.9935003491969431,25.494251251220703,1.9490770701254208,28.290937544305134,0.43835571835571824
0.8,11,sprl_lambda_5.0,5.0,0.939498654871159,10.401857952500425,0.9957338340696539,17.590646743774414,2.090892708679384,23.149760605654556,0.3016545265348596
0.8,12,sprl_lambda_5.0,5.0,0.6595867572609637,1.0862069418614735,0.9955424005162153,23.708728790283203,1.4679373241759013,2.4173980059253477,0.3894833948339483
0.8,13,sprl_lambda_5.0,5.0,0.7414896288802765,1.147462281873836,0.990339256054281,17.321380615234375,1.650215517125746,2.553724272211583,0.3406254301840041
0.8,14,sprl_lambda_5.0,5.0,0.724668201922356,1.7522856790741432,0.9942048369357271,16.60338020324707,1.6127787429552474,3.8997834971907235,0.32068701454983045
0.8,15,sprl_lambda_5.0,5.0,0.8156270272201461,1.482273481134394,0.9939176524575812,15.286486625671387,1.8152113314630753,3.298860299483602,0.41254977845083846
0.8,16,sprl_lambda_5.0,5.0,0.703393778944338,1.280617478580935,0.9947531103119712,20.35066032409668,1.5654316438876077,2.850066612324697,0.35098107918710586
0.8,17,sprl_lambda_5.0,5.0,0.6730422439826982,1.0151422228249782,0.9945058410295115,17.514875411987305,1.497883060587908,2.2592405651378096,0.3294830544830545
0.8,18,sprl_lambda_5.0,5.0,0.965422027531841,1.664407748195861,0.9937829284280387,18.403724670410156,2.1485862355402943,3.7042075653098743,0.5037237818651179
0.8,19,sprl_lambda_5.0,5.0,1.2517104377724129,2.47834900120351,0.9879629778672032,16.271896362304688,2.7857328098837293,5.51566713726684,0.40485742871435715
0.8,20,sprl_lambda_5.0,5.0,0.7577529227550676,3.433991567751166,0.996509548766147,20.283443450927734,1.6864101432761944,7.642488782128235,0.3316661369775941
0.8,21,sprl_lambda_5.0,5.0,0.8204696101949001,4.060226270899355,0.9944074701299765,23.924823760986328,1.8259886980730111,9.03619974482686,0.36051035970687795
0.8,22,sprl_lambda_5.0,5.0,0.9699599120477927,1.9584206411037552,0.9912534327278162,25.1942195892334,2.158685483259317,4.358545291980866,0.3936423054070114
0.8,23,sprl_lambda_5.0,5.0,0.7376215230180421,1.6195226335819486,0.9928938013860128,17.976543426513672,1.6416068892136015,3.6043139056565368,0.3902462734931951
0.8,24,sprl_lambda_5.0,5.0,0.6460101693113118,1.1261876976602885,0.995646903815756,15.5239839553833,1.4377220720246733,2.5063768143076732,0.393596268023749
0.8,25,sprl_lambda_5.0,5.0,0.6911902668504479,1.1639868254218648,0.9917942242004596,18.69478416442871,1.5382722282513026,2.590500320202377,0.35143617021276585
0.8,26,sprl_lambda_5.0,5.0,0.5650625746388203,0.8677908971382606,0.9936786428784127,18.710832595825195,1.2575698870180245,1.9313041589543962,0.5089450656295575
0.8,27,sprl_lambda_5.0,5.0,1.1201467556360303,3.41336662731729,0.9938774768945317,20.179529190063477,2.492932450586036,7.596587133044925,0.3611357940305309
0.8,28,sprl_lambda_5.0,5.0,0.999086281025648,2.3119848911377554,0.9936494558033455,23.43453598022461,2.2235074095179073,5.145417001283278,0.4420612813370474
0.8,29,sprl_lambda_5.0,5.0,0.6990253682855793,1.410802886997228,0.9946541323175548,21.06607437133789,1.5557095671740775,3.1397995670476653,0.32077435470441296
0.8,30,sprl_lambda_5.0,5.0,0.6369842224155526,1.2252790154220798,0.9950433924591567,18.610946655273438,1.4176344577897617,2.726908597644792,0.34386778587059474
0.8,31,sprl_lambda_5.0,5.0,0.6561206029739108,0.9076352687173681,0.9960061126879234,13.471841812133789,1.4602232559455954,2.019979438673762,0.35864079890227174
0.8,32,sprl_lambda_5.0,5.0,1.2652268423674171,2.672415790037934,0.9930666451608465,14.372193336486816,2.8158141215159747,5.947570718678956,0.3971703752906012
0.8,33,sprl_lambda_5.0,5.0,0.7512927354940004,1.2833786240628475,0.9894936671788446,14.820887565612793,1.6720327321209638,2.8562116546042153,0.33275335409678963
0.8,34,sprl_lambda_5.0,5.0,0.8547318421016141,2.7784526986973415,0.9940522220429323,15.132973670959473,1.9022406974829038,6.183560198831285,0.4339775167361375
0.8,35,sprl_lambda_5.0,5.0,0.6008968631187176,0.8958643580561152,0.9950812866534751,14.839152336120605,1.3373205626734421,1.9937827952315152,0.3613569562377531
0.8,36,sprl_lambda_5.0,5.0,0.7947211825193207,11.08285437545973,0.9941746688000002,17.84577178955078,1.768684518436681,24.66534601710746,0.33632002476013617
0.8,37,sprl_lambda_5.0,5.0,0.8506840190911331,2.880192909225211,0.9944314486809225,24.493005752563477,1.8932321017017846,6.4099872014344985,0.3669290362565851
0.8,38,sprl_lambda_5.0,5.0,0.7059712003329298,1.1300976096191597,0.9930594794379176,20.67206382751465,1.5711678006778906,2.5150784833989435,0.35941151235268876
0.8,39,sprl_lambda_5.0,5.0,0.7102973839324338,1.8886025444840258,0.9965524387877375,18.950660705566406,1.5807958993427595,4.203162260404216,0.3818837130227814
0.8,40,sprl_lambda_5.0,5.0,0.7113347656170111,1.1168752562303832,0.995420324929972,17.822927474975586,1.583104634740255,2.48565159476123,0.3338605230386052
0.8,41,sprl_lambda_5.0,5.0,0.7407968413733537,2.594471338329107,0.9951065510137338,17.697351455688477,1.648673690174341,5.774102151252056,0.34573399104777564
0.8,42,sprl_lambda_5.0,5.0,0.6335097049314777,1.0117837849868518,0.9953489727999999,23.26598358154297,1.4099017769221902,2.2517662242732617,0.30333121827411175
0.8,43,sprl_lambda_5.0,5.0,1.1832497085025728,13.66567021633721,0.995379561790251,14.36186408996582,2.6333706548992577,30.41350838173898,0.320199352935579
0.8,44,sprl_lambda_5.0,5.0,1.0285563241840794,2.821684070609478,0.9938404322315065,18.74222755432129,2.289094196731436,6.2797733864166245,0.4156949806949807
0.8,45,sprl_lambda_5.0,5.0,1.2253168950627393,1.777055644708087,0.9909841697825865,20.308889389038086,2.726992900335437,3.954910069506417,0.45480063795853265
0.8,46,sprl_lambda_5.0,5.0,0.5814226401594385,0.7899916813387937,0.9959049590539107,16.758472442626953,1.2939798824269786,1.758158819988065,0.3487608069164265
0.8,47,sprl_lambda_5.0,5.0,0.6339818511500316,0.8542977956102604,0.9964327244631231,19.070159912109375,1.4109525576558148,1.9012747092515276,0.42483300589390965
0.8,48,sprl_lambda_5.0,5.0,0.8482568957756438,1.262952458812137,0.9921998968317358,13.106224060058594,1.8878304394246648,2.8107523878266085,0.3629463358937097
0.8,49,sprl_lambda_5.0,5.0,1.5447699944735294,2.9115916804959894,0.9886753544147786,21.123600006103516,3.437948847807923,6.479866452001989,0.4503930817610062
0.8,50,sprl_lambda_5.0,5.0,1.297341698801865,6.844884220809766,0.9935562083961472,16.898595809936523,2.887287048923498,15.23356998420441,0.40186460126219165
0.8,51,sprl_lambda_5.0,5.0,0.883362841846339,1.2317569272962872,0.9942308470769355,13.5626802444458,1.9659601592384461,2.7413254556520084,0.427208480565371
0.8,52,sprl_lambda_5.0,5.0,0.8194385246020305,3.0332707193983164,0.9958863259453039,22.536277770996094,1.823693974885301,6.750668133218745,0.41851112378779237
0.8,53,sprl_lambda_5.0,5.0,0.8423768992004577,1.4105226207355706,0.9948582163957489,15.4827880859375,1.8747442663871925,3.139175823011471,0.3858711958851265
0.8,54,sprl_lambda_5.0,5.0,0.6905663966287733,0.8644526320375003,0.9929572090069048,16.958621978759766,1.5368837795388979,1.9238747133424963,0.39663323782234955
0.8,55,sprl_lambda_5.0,5.0,1.3593567711930283,5.068903709545969,0.9898310356808433,17.324405670166016,3.0253041307134554,11.28105266818185,0.37310697115384617
0.8,56,sprl_lambda_5.0,5.0,0.9685374676644743,4.061359277012316,0.9938310805697197,21.021169662475586,2.1555197750657378,9.038721296303487,0.488196073589332
0.8,57,sprl_lambda_5.0,5.0,1.0742082139170164,5.908209320678334,0.9902384632665953,13.521069526672363,2.3906943457951124,13.148961657270313,0.35095534787123567
0.8,58,sprl_lambda_5.0,5.0,1.0890085013302586,2.179478131059455,0.9924134963861594,12.57569408416748,2.423632991186735,4.850517783427088,0.39846602864318204
0.8,59,sprl_lambda_5.0,5.0,2.365924047939956,7.206581544144384,0.982708510502049,11.796759605407715,5.265460802394948,16.038542181011774,0.4923809523809525
0.8,60,sprl_lambda_5.0,5.0,0.5927856730818425,4.514052125626397,0.9937049815711883,20.358196258544922,1.3192687772675962,10.046207758929969,0.48840001993123716
0.8,61,sprl_lambda_5.0,5.0,0.5778673421662612,0.9034748869005278,0.994934115904314,17.7982177734375,1.2860674212301757,2.010720338662228,0.4648734177215189
0.8,62,sprl_lambda_5.0,5.0,0.7505974117307436,1.348423789551522,0.9939738067565077,22.82715606689453,1.6704852606272822,3.0009723325998268,0.3047076848079668
0.8,63,sprl_lambda_5.0,5.0,0.6129058759474016,0.9851026983715125,0.9956206520478014,19.589935302734375,1.3640471122344695,2.1923863739941716,0.34493707647628263
0.8,64,sprl_lambda_5.0,5.0,0.8578460092541689,1.819686460701618,0.995781688528438,18.52936363220215,1.9091714039390812,4.049786695315052,0.29611492001305906
0.8,65,sprl_lambda_5.0,5.0,0.836601248080811,1.3164197833253046,0.99361054436001,16.17031478881836,1.8618903184317257,2.929746106867652,0.3845819236346061
0.8,66,sprl_lambda_5.0,5.0,0.7002442449817293,0.9841072444335646,0.995983509806353,21.935789108276367,1.558422227148145,2.1901709505128393,0.2753242287286304
0.8,67,sprl_lambda_5.0,5.0,0.7576156922727959,1.826731149183574,0.9943083492798809,17.7485294342041,1.686104731221262,4.065464937860124,0.36633663366336633
0.8,68,sprl_lambda_5.0,5.0,1.2378738414029509,5.01166927201236,0.9905760088064451,28.077152252197266,2.7549388983524614,11.153675084931558,0.34614566284779047
0.8,69,sprl_lambda_5.0,5.0,1.4710499058951614,7.317832408283354,0.9884472454613493,14.498605728149414,3.273881773424675,16.286135532483208,0.31440886699507387
0.8,70,sprl_lambda_5.0,5.0,0.8498813032583499,1.1734725416334646,0.9955318701533022,15.211214065551758,1.8914456247619766,2.611611169867357,0.3557623049219688
0.8,71,sprl_lambda_5.0,5.0,0.8016521267639812,1.1669831882202852,0.9929957543830176,16.11129379272461,1.7841096185262724,2.597168848246874,0.49954973393368807
0.8,72,sprl_lambda_5.0,5.0,1.3519729087351249,5.4984257947558675,0.9919309787715619,14.612180709838867,3.0088710426030323,12.23697164850791,0.44700086931324245
0.8,73,sprl_lambda_5.0,5.0,0.8574649186959786,1.4114486145291767,0.9920358107675566,18.478525161743164,1.9083232713043667,3.1412366600986714,0.32470321089952997
0.8,74,sprl_lambda_5.0,5.0,0.6708729298033085,1.0842579854238104,0.993927470617299,17.393878936767578,1.4930551630949174,2.4130605236054796,0.3200056860389402
0.8,75,sprl_lambda_5.0,5.0,0.6926956386166345,2.2887704290637334,0.9934970052060828,24.454608917236328,1.5416224947295478,5.093752265804605,0.3355268273716952
0.8,76,sprl_lambda_5.0,5.0,0.7034032811601335,1.0323375744722014,0.9953584676707089,16.262271881103516,1.565452791457772,2.2975095240085253,0.3243398736282008
0.8,77,sprl_lambda_5.0,5.0,1.1485248736969136,2.737033592341275,0.9899310607049859,11.781024932861328,2.5560891138041235,6.091380282414276,0.45436166648050935
0.8,78,sprl_lambda_5.0,5.0,0.6626101050974942,1.0376660821018722,0.9957174921327545,17.81831932067871,1.474665908527169,2.309368335826142,0.29557034492629164
0.8,79,sprl_lambda_5.0,5.0,0.6891069260117081,0.8205470934540602,0.9949836098896042,16.041933059692383,1.5336356679466872,1.8261611402375448,0.3212173641960876
0.8,80,sprl_lambda_5.0,5.0,0.7567354137660024,1.0480003193779472,0.993707222938401,17.57602882385254,1.6841456353759208,2.3323676038487995,0.3647420634920635
0.8,81,sprl_lambda_5.0,5.0,0.9331939692390508,3.13195470645777,0.9948653736959387,22.806428909301758,2.0768613727638487,6.97029338540638,0.4468665239114918
0.8,82,sprl_lambda_5.0,5.0,1.0487802427397128,1.4154801862740887,0.992457190657499,29.609434127807617,2.3341033552114965,3.150209088023127,0.5497704243191893
0.8,83,sprl_lambda_5.0,5.0,0.7650183814923663,1.1329761426708282,0.9937045936183148,20.992542266845703,1.702579719060326,2.5214847765194497,0.3767256835499776
0.8,84,sprl_lambda_5.0,5.0,0.8490901579058611,1.3126048691994272,0.9932412032118975,14.83559799194336,1.8896848983996262,2.9212558593418274,0.37184928540493717
0.8,85,sprl_lambda_5.0,5.0,1.3775615113958173,2.4366710091003414,0.9912404801862915,17.249208450317383,3.0658195251273344,5.422911060023853,0.37085056739845157
0.8,86,sprl_lambda_5.0,5.0,0.6661803500077442,1.2552667570496352,0.9949138789039079,16.705690383911133,1.4826116346996723,2.7936475439899744,0.2998949579831933
0.8,87,sprl_lambda_5.0,5.0,0.5759685097267311,0.7585139224927138,0.994003101784318,19.102672576904297,1.2818414919196521,1.688103779338898,0.3869132819035227
0.8,88,sprl_lambda_5.0,5.0,0.809743890554839,1.6290007406819402,0.9922468147594904,14.754599571228027,1.8021181700265196,3.625407820932203,0.4163667657643561
0.8,89,sprl_lambda_5.0,5.0,0.5867081319775465,1.0185483195880285,0.9953220329327515,15.432169914245605,1.30574296079539,2.266820972890384,0.2670600913429466
0.8,90,sprl_lambda_5.0,5.0,1.1167199200574425,8.249363381601759,0.9932411856230626,23.097152709960938,2.485305887750675,18.359295839761742,0.3204117567384532
0.8,91,sprl_lambda_5.0,5.0,1.2685954512609035,2.036034541172005,0.9928752458109713,21.128740310668945,2.823311098480512,4.53127820320268,0.4508298340331933
0.8,92,sprl_lambda_5.0,5.0,0.8943337519938871,2.816960380757035,0.9951860927999999,30.264780044555664,1.990376368794628,6.269260621316508,0.340511640498105
0.8,93,sprl_lambda_5.0,5.0,1.4615431178146716,2.585532781538414,0.9894401652529652,19.300819396972656,3.2527240274530405,5.754209027272715,0.4206717363751585
0.8,94,sprl_lambda_5.0,5.0,0.7754134507186358,1.9413026016570814,0.9949361500544139,17.168359756469727,1.725714371077901,4.3204483945767445,0.4080931586608442
0.8,95,sprl_lambda_5.0,5.0,0.6412741188049463,1.3246979617354993,0.9950996977536716,18.228002548217773,1.4271817977833494,2.9481695317329026,0.47204044026096914
0.8,96,sprl_lambda_5.0,5.0,0.6743410152537307,1.6145095204295823,0.9950013049104477,17.644683837890625,1.5007735292083413,3.5931570171567815,0.321767740456265
0.8,97,sprl_lambda_5.0,5.0,0.8023139630445101,2.4492556983445235,0.994603584462715,18.32648468017578,1.7855825622565504,5.450918801009139,0.32270769550101186
0.8,98,sprl_lambda_5.0,5.0,0.6366307638482025,1.053696296552923,0.99497691188361,17.152236938476562,1.4168478212815976,2.345044234179467,0.3437297192056418
0.8,99,sprl_lambda_5.0,5.0,0.8098864605343796,2.2653350998347195,0.9928200228174322,13.074297904968262,1.8024354653511616,5.041595981432739,0.32429391161785537
0.8,100,sprl_lambda_5.0,5.0,0.8646836794888987,2.517857765852095,0.9940621110499378,26.829572677612305,1.9243889189020071,5.603595510026442,0.38572964669738863
